/*-
 * SPDX-License-Identifier: BSD-2-Clause OR GPL-2.0-or-later
 *
 * EMBEDDED FIRMWARE (NOT dual-licensable): the byte arrays below are a
 * Broadcom binary, licensed (not sold) under
 * firmware/brcm/LICENCE.broadcom_bcm43xx.  Whatever software license you pick
 * for the surrounding module, the firmware bytes stay under that Broadcom
 * agreement: distribute them only unmodified and with that agreement;
 * Broadcom retains title.  The wrapper code itself is dual BSD/GPL.
 *
 * bcm4313_ucode.c -- BCM4313 D11/LCN microcode, embedded verbatim.
 *
 * The bytes come from the linux-firmware files:
 *   brcm/bcm43xx-0.fw       (bcm4313_ucode_bin[] -- the LCN microcode blob)
 *   brcm/bcm43xx_hdr-0.fw   (bcm4313_ucode_hdr[] -- firmware_hdr section list)
 *
 * For BCM4313 (D11 core rev 24 / LCN PHY) the LCN section is the one tagged
 * D11UCODE_OVERSIGHT24_LCN (idx 12); its size lives in the section tagged
 * D11UCODE_OVERSIGHT24_LCNSZ (idx 13).  Loading this gives the D11 MAC core
 * its microcode (brcmsmac brcms_ucode_write + brcms_ucode_download).
 *
 * Embedded so the driver is self-contained on FreeBSD.  The source .fw files
 * are also kept under firmware/brcm/ in the source tree for reference.
 *
 * $FreeBSD$
 */
#include <sys/types.h>

/*
 * firmware_hdr section list (struct firmware_hdr {offset,len,idx}).
 * bcm4313_ucode_hdr_sz is given in bytes; it must be a multiple of 12.
 */
const unsigned char bcm4313_ucode_hdr[180] = {
0x00,0x00,0x00,0x00,0x04,0x00,0x00,0x00,0x0e,0x00,0x00,0x00,
	0x04,0x00,0x00,0x00,0x04,0x00,0x00,0x00,0x0f,0x00,0x00,0x00,
	0x20,0x00,0x00,0x00,0xb8,0x9b,0x00,0x00,0x0a,0x00,0x00,0x00,
	0xd8,0x9b,0x00,0x00,0x04,0x00,0x00,0x00,0x0b,0x00,0x00,0x00,
	0xe0,0x9b,0x00,0x00,0x30,0x0f,0x00,0x00,0x09,0x00,0x00,0x00,
	0x20,0xab,0x00,0x00,0x20,0x01,0x00,0x00,0x08,0x00,0x00,0x00,
	0x40,0xac,0x00,0x00,0x20,0x01,0x00,0x00,0x07,0x00,0x00,0x00,
	0x60,0xad,0x00,0x00,0x60,0x9d,0x00,0x00,0x0c,0x00,0x00,0x00,
	0xc0,0x4a,0x01,0x00,0x04,0x00,0x00,0x00,0x0d,0x00,0x00,0x00,
	0xe0,0x4a,0x01,0x00,0xd8,0x0d,0x00,0x00,0x02,0x00,0x00,0x00,
	0xc0,0x58,0x01,0x00,0x20,0x01,0x00,0x00,0x01,0x00,0x00,0x00,
	0xe0,0x59,0x01,0x00,0xd8,0x0d,0x00,0x00,0x04,0x00,0x00,0x00,
	0xc0,0x67,0x01,0x00,0x20,0x01,0x00,0x00,0x03,0x00,0x00,0x00,
	0xe0,0x68,0x01,0x00,0xd8,0x0d,0x00,0x00,0x06,0x00,0x00,0x00,
	0xc0,0x76,0x01,0x00,0x20,0x01,0x00,0x00,0x05,0x00,0x00,0x00,
	
};

#define	BCM4313_UCODE_HDR_SZ	180

const unsigned char bcm4313_ucode_bin[96224] = {
0x62,0x02,0x00,0x00,0x2c,0x03,0x00,0x00,0x00,0x00,0x00,0x00,
	0x00,0x00,0x00,0x00,0x00,0x00,0x00,0x00,0x00,0x00,0x00,0x00,
	0x00,0x00,0x00,0x00,0x00,0x00,0x00,0x00,0x4e,0x10,0x00,0x03,
	0x60,0xbc,0x01,0x00,0x73,0x0c,0xf0,0x02,0xde,0xbf,0x03,0x00,
	0x11,0x00,0xf0,0x02,0x5e,0xa8,0x03,0x00,0x11,0x00,0xf0,0x02,
	0x5e,0xa6,0x03,0x00,0x11,0x00,0x00,0x53,0x5e,0x82,0x02,0x00,
	0x11,0x00,0x00,0xaf,0x5e,0x85,0x02,0x00,0x0d,0x00,0x00,0xbf,
	0x00,0x02,0x02,0x00,0x11,0x00,0xf0,0x02,0x5e,0xa8,0x03,0x00,
	0x11,0x00,0x00,0xbb,0xde,0x82,0x02,0x00,0x11,0x00,0x00,0xb3,
	0xde,0x82,0x02,0x00,0x11,0x00,0x00,0xb7,0x5e,0x83,0x02,0x00,
	0x11,0x00,0x00,0xb3,0x5e,0x84,0x02,0x00,0x11,0x00,0x00,0xc7,
	0x00,0x86,0x02,0x00,0x11,0x00,0x00,0xb3,0xde,0x88,0x02,0x00,
	0x11,0x00,0x00,0xc3,0x80,0x84,0x02,0x00,0x40,0xf0,0x1f,0xff,
	0x63,0xbc,0x01,0x00,0x00,0x00,0xf0,0x02,0xde,0x00,0x00,0x00,
	0x00,0x00,0xf0,0x02,0x5e,0x01,0x00,0x00,0x7a,0x00,0x00,0xbf,
	0x00,0x02,0x02,0x00,0x17,0x00,0x00,0xff,0x5e,0x04,0x02,0x00,
	0x17,0x80,0x31,0x65,0x44,0x6b,0x00,0x00,0xbf,0xf7,0xf7,0x02,
	0x60,0x84,0x01,0x00,0x7e,0x09,0x00,0x03,0x60,0xbc,0x01,0x00,
	0xdc,0x0f,0xf0,0x02,0x5e,0x02,0x00,0x00,0x1c,0x00,0x00,0xff,
	0xde,0x02,0x02,0x00,0x1c,0x20,0x30,0x65,0x44,0x6b,0x00,0x00,
	0xbf,0xf7,0xf7,0x02,0xe0,0x82,0x01,0x00,0xdf,0x05,0xf0,0x02,
	0xde,0xbf,0x03,0x00,0x21,0x00,0x00,0xaf,0x26,0x68,0x00,0x00,
	0x7a,0x00,0x00,0xff,0xde,0x80,0x02,0x00,0x7a,0x60,0x35,0x65,
	0x44,0x6b,0x00,0x00,0xab,0x77,0xf5,0x06,0xe0,0x84,0x01,0x00,
	0x49,0x11,0xf0,0x02,0x5e,0x02,0x00,0x00,0x23,0x00,0x00,0xc7,
	0x80,0x04,0x02,0x00,0x26,0x00,0x00,0xc7,0x80,0x81,0x02,0x00,
	0xbf,0xf7,0xf7,0x02,0xe0,0x81,0x01,0x00,0xbf,0xf7,0xf7,0x02,
	0x60,0x80,0x01,0x00,0xb2,0x09,0x00,0x03,0x60,0xbc,0x01,0x00,
	0x31,0x00,0x00,0x47,0x26,0x68,0x00,0x00,0xa1,0x37,0x32,0x65,
	0x44,0xe8,0x00,0x00,0x2d,0x40,0x31,0x85,0xde,0x6d,0x00,0x00,
	0x31,0x00,0x00,0x83,0x26,0x68,0x00,0x00,0xa1,0x17,0x34,0x65,
	0x44,0xe8,0x00,0x00,0x2f,0x40,0x31,0x85,0xde,0x6d,0x00,0x00,
	0x31,0x00,0xf0,0x02,0xde,0xbf,0x03,0x00,0x92,0x09,0x00,0x03,
	0x60,0xbc,0x01,0x00,0x91,0x09,0x00,0x03,0x60,0xbc,0x01,0x00,
	0xa0,0x09,0x00,0x03,0x60,0xbc,0x01,0x00,0x98,0x09,0x00,0x03,
	0x60,0xbc,0x01,0x00,0x34,0x00,0x00,0xb3,0xde,0x02,0x02,0x00,
	0x34,0x00,0x00,0x03,0x42,0x00,0x02,0x00,0x63,0x0b,0xf0,0x02,
	0x5e,0x02,0x00,0x00,0x7a,0x00,0x00,0xb3,0x5e,0x84,0x02,0x00,
	0x7a,0x00,0x00,0x4f,0xa6,0x68,0x00,0x00,0x38,0x00,0x00,0xb7,
	0xde,0x83,0x02,0x00,0x53,0x00,0x00,0xc7,0x80,0x04,0x02,0x00,
	0xa2,0x17,0x00,0x0b,0x26,0xb0,0x00,0x00,0x3f,0x00,0x00,0x33,
	0x27,0x80,0x02,0x00,0xa1,0x17,0x00,0x63,0x26,0xb0,0x00,0x00,
	0x6d,0xe0,0x36,0x85,0xde,0x6d,0x00,0x00,0x3f,0x00,0x00,0x87,
	0x5e,0x68,0x00,0x00,0x3f,0x00,0x00,0x47,0x27,0x68,0x00,0x00,
	0xa2,0x17,0x00,0x47,0x27,0xb0,0x00,0x00,0x44,0x00,0x00,0x4b,
	0x26,0x68,0x00,0x00,0xa1,0x57,0x32,0x65,0x44,0xe8,0x00,0x00,
	0x6d,0x40,0xf4,0x86,0xde,0x6d,0x00,0x00,0xa1,0xf7,0x2f,0x85,
	0x5e,0xe0,0x00,0x00,0x6d,0x40,0xf4,0x86,0xde,0x6d,0x00,0x00,
	0x53,0x00,0x00,0xbb,0xde,0x02,0x02,0x00,0x53,0x00,0x00,0xfb,
	0x25,0x68,0x00,0x00,0xa1,0xd7,0x30,0x65,0x44,0xe8,0x00,0x00,
	0xa2,0x57,0x01,0xfb,0x25,0xe0,0x00,0x00,0x4d,0x40,0xf4,0x86,
	0xde,0x6e,0x00,0x00,0xae,0xd7,0xf5,0x02,0xe0,0x82,0x01,0x00,
	0xc2,0x09,0x00,0x03,0x60,0xbc,0x01,0x00,0x7e,0x09,0x00,0x03,
	0x60,0xbc,0x01,0x00,0x53,0x00,0xf0,0x02,0xde,0xbf,0x03,0x00,
	0xa1,0x37,0xf4,0xfa,0x25,0xe8,0x00,0x00,0xa2,0x37,0x00,0xfb,
	0x25,0x90,0x00,0x00,0x51,0x40,0xf4,0xfe,0x25,0x6e,0x00,0x00,
	0xa2,0x17,0x00,0xff,0x25,0xb0,0x00,0x00,0x53,0x40,0xf4,0x86,
	0xde,0x69,0x00,0x00,0x6d,0x00,0xf0,0x02,0xde,0xbf,0x03,0x00,
	0x67,0x00,0x00,0xb7,0xde,0x83,0x02,0x00,0x7a,0x00,0x00,0xb7,
	0x5e,0x03,0x02,0x00,0x57,0x00,0x00,0xc7,0x80,0x04,0x02,0x00,
	0x65,0x00,0x00,0xff,0x5e,0x00,0x02,0x00,0x65,0x00,0x00,0xbf,
	0x80,0x80,0x02,0x00,0x5d,0x00,0x00,0xb7,0xde,0x04,0x02,0x00,
	0x65,0x60,0x00,0x57,0xa6,0x68,0x00,0x00,0xa1,0xd7,0x30,0x65,
	0x44,0xe8,0x00,0x00,0x7a,0xe0,0x31,0x85,0x5e,0x6d,0x00,0x00,
	0x65,0x00,0xf0,0x02,0xde,0xbf,0x03,0x00,0x5f,0x00,0x00,0xc7,
	0x00,0x86,0x02,0x00,0x65,0x00,0x00,0x4b,0x26,0x68,0x00,0x00,
	0xa1,0x37,0x31,0x65,0x44,0xe8,0x00,0x00,0xa2,0xf7,0x35,0x89,
	0x45,0xe8,0x00,0x00,0xa1,0x57,0xf4,0x86,0x5e,0xe8,0x00,0x00,
	0x65,0x00,0x32,0x85,0xde,0x69,0x00,0x00,0x7a,0x60,0x31,0x65,
	0xc4,0x6c,0x00,0x00,0x7a,0x00,0x00,0xb7,0x5e,0x84,0x02,0x00,
	0x5d,0x11,0xf0,0x02,0x5e,0x02,0x00,0x00,0x7a,0x00,0xf0,0x02,
	0xde,0xbf,0x03,0x00,0x6d,0x00,0x00,0x73,0xc5,0x03,0x02,0x00,
	0x6d,0x00,0x00,0xb7,0x5e,0x84,0x02,0x00,0x7a,0x00,0x00,0xc7,
	0x00,0x01,0x02,0x00,0x7a,0x80,0x31,0x65,0x44,0x6b,0x00,0x00,
	0x7a,0x60,0x14,0xfe,0xe3,0x20,0x00,0x00,0x7a,0x00,0x00,0xbb,
	0xde,0x82,0x02,0x00,0x7a,0x00,0x00,0xab,0x01,0x81,0x02,0x00,
	0x7a,0x00,0x00,0xab,0x81,0x80,0x02,0x00,0x7a,0x00,0x00,0xb3,
	0xde,0x82,0x02,0x00,0x7a,0x00,0x00,0xbf,0x80,0x80,0x02,0x00,
	0x7a,0x00,0x00,0xaf,0xde,0x84,0x02,0x00,0x7a,0x00,0x00,0xbb,
	0x5e,0x82,0x02,0x00,0x76,0x00,0xf0,0x02,0xde,0xa0,0x03,0x00,
	0x76,0x00,0x00,0x03,0x42,0x00,0x02,0x00,0x63,0x0b,0xf0,0x02,
	0x5e,0x02,0x00,0x00,0xad,0xb7,0xf5,0x02,0x60,0x83,0x01,0x00,
	0xab,0x77,0xf5,0x06,0xe0,0x84,0x01,0x00,0x93,0x09,0x00,0x03,
	0x60,0xbc,0x01,0x00,0x94,0x09,0x00,0x67,0x44,0xb0,0x00,0x00,
	0x6c,0x90,0x0d,0x02,0x60,0x80,0x01,0x00,0x7f,0x00,0xf0,0x02,
	0x5e,0x59,0x03,0x00,0x7f,0x00,0xf0,0x02,0xde,0xa3,0x03,0x00,
	0xa1,0x17,0x00,0x8f,0x01,0x38,0x01,0x00,0xe9,0x11,0xf0,0x02,
	0x5e,0x02,0x00,0x00,0x80,0x00,0xf0,0x02,0x5e,0xd8,0x03,0x00,
	0x81,0x00,0xf0,0x02,0xde,0xd8,0x03,0x00,0x84,0x00,0x00,0xbf,
	0x00,0x04,0x02,0x00,0x84,0x00,0x00,0x23,0x45,0x01,0x02,0x00,
	0x15,0x11,0x00,0x03,0x60,0xbc,0x01,0x00,0x87,0x00,0x00,0x23,
	0x45,0x01,0x02,0x00,0x8b,0x00,0x00,0x1f,0x42,0x00,0x02,0x00,
	0x1b,0x0e,0xf0,0x02,0x5e,0x02,0x00,0x00,0x8b,0x00,0x00,0xb3,
	0xde,0x01,0x02,0x00,0x8c,0x20,0xe4,0x64,0x44,0x6b,0x00,0x00,
	0x8b,0x00,0x00,0x23,0xc5,0x85,0x02,0x00,0xe3,0x0d,0xf0,0x02,
	0x5e,0x02,0x00,0x00,0xac,0x97,0xf5,0x02,0xe0,0x89,0x01,0x00,
	0x93,0x00,0x00,0x23,0xc5,0x01,0x02,0x00,0xac,0x97,0xf5,0x02,
	0xe0,0x88,0x01,0x00,0x93,0x00,0x00,0x23,0xc5,0x01,0x02,0x00,
	0x93,0x00,0x00,0x43,0x01,0x84,0x02,0x00,0xa1,0x77,0x06,0x33,
	0x60,0xbc,0x01,0x00,0xa2,0x17,0x18,0x03,0x60,0xbc,0x01,0x00,
	0xd8,0x00,0xf0,0x02,0x5e,0x02,0x00,0x00,0x29,0x11,0x00,0x83,
	0x61,0xbc,0x01,0x00,0x2b,0x11,0x00,0x7b,0x00,0xb0,0x00,0x00,
	0x23,0x11,0x00,0x03,0x63,0xbc,0x01,0x00,0xe1,0x0a,0xf0,0x02,
	0x5e,0x12,0x03,0x00,0x74,0x0b,0xf0,0x02,0x5e,0x97,0x03,0x00,
	0x2a,0x03,0xf0,0x02,0x5e,0xd0,0x03,0x00,0x62,0x05,0xf0,0x02,
	0xde,0xd0,0x03,0x00,0xa1,0x0a,0xf0,0x02,0xde,0xd5,0x03,0x00,
	0xbe,0x05,0xf0,0x02,0x5e,0x91,0x03,0x00,0x9c,0x0a,0xf0,0x02,
	0xde,0x96,0x03,0x00,0x09,0x0e,0xf0,0x02,0x5e,0x02,0x00,0x00,
	0xcf,0x00,0x00,0x73,0xc1,0x88,0x02,0x00,0x3e,0x07,0xf0,0x02,
	0x5e,0xc4,0x03,0x00,0x68,0x07,0xf0,0x02,0x5e,0xc7,0x03,0x00,
	0xba,0x11,0xf0,0x02,0xde,0xdc,0x03,0x00,0xaa,0x07,0xf0,0x02,
	0x5e,0xaa,0x03,0x00,0xda,0x0a,0xf0,0x02,0xde,0x86,0x03,0x00,
	0xda,0x0a,0x00,0x37,0xc0,0x87,0x02,0x00,0xdf,0x08,0xf0,0x02,
	0x5e,0x83,0x03,0x00,0x40,0x06,0xf0,0x02,0xde,0x91,0x03,0x00,
	0x38,0x0b,0xf0,0x02,0xde,0xc2,0x03,0x00,0xdb,0x0f,0xf0,0x02,
	0x5e,0x02,0x00,0x00,0xcc,0x06,0xf0,0x02,0xde,0xd4,0x03,0x00,
	0xad,0x00,0xf0,0x02,0xde,0x23,0x03,0x00,0xac,0x00,0xf0,0x02,
	0x5e,0xdb,0x03,0x00,0x02,0x00,0xf0,0x02,0xde,0xbf,0x03,0x00,
	0xc5,0x0e,0xf0,0x02,0x5e,0x02,0x00,0x00,0xf9,0x0e,0xf0,0x02,
	0x5e,0x02,0x00,0x00,0xb1,0x00,0x00,0xcf,0x28,0x18,0x02,0x00,
	0x0c,0x0f,0xf0,0x02,0x5e,0x02,0x00,0x00,0xcc,0x00,0xf0,0x02,
	0x5e,0xa2,0x03,0x00,0xc9,0x00,0xf0,0x02,0x5e,0x56,0x03,0x00,
	0x48,0x10,0x09,0x06,0x60,0x86,0x01,0x00,0xb8,0x00,0xf0,0x02,
	0x5e,0x1f,0x03,0x00,0xb7,0x00,0x00,0x23,0x5e,0x6a,0x00,0x00,
	0x88,0x17,0x00,0x27,0x00,0xb0,0x00,0x00,0x88,0x37,0x00,0x23,
	0x5e,0xe8,0x00,0x00,0xc9,0x00,0x00,0xbf,0x00,0x01,0x02,0x00,
	0x48,0x10,0x09,0x02,0x60,0x86,0x01,0x00,0xbb,0x00,0xf0,0x02,
	0x5e,0xc6,0x03,0x00,0x23,0xe3,0x1f,0xff,0x63,0xbc,0x01,0x00,
	0x8f,0x17,0x00,0x9b,0x0c,0xb0,0x00,0x00,0xc0,0x00,0x00,0xf3,
	0x00,0x01,0x02,0x00,0x26,0x23,0x00,0x9b,0x0c,0xe0,0x00,0x00,
	0x26,0xe3,0x01,0x9b,0x0c,0xa0,0x00,0x00,0xac,0x97,0xf5,0x06,
	0xe0,0x86,0x01,0x00,0x26,0x71,0x00,0xa7,0x0c,0x88,0x00,0x00,
	0x28,0xb1,0x01,0xa7,0x0c,0x90,0x00,0x00,0x24,0x11,0x00,0x03,
	0x63,0xbc,0x01,0x00,0xc7,0x00,0x00,0x23,0x5e,0x68,0x00,0x00,
	0x42,0x90,0x00,0x03,0x60,0xbc,0x01,0x00,0xc9,0x00,0xf0,0x02,
	0xde,0xbf,0x03,0x00,0x48,0x10,0x09,0x02,0x60,0x85,0x01,0x00,
	0x43,0x10,0x01,0x03,0x60,0xbc,0x01,0x00,0x30,0x01,0xf0,0x02,
	0x5e,0xa6,0x03,0x00,0x9f,0x0f,0xf0,0x02,0x5e,0x02,0x00,0x00,
	0x60,0xe1,0x08,0x0e,0x60,0x28,0x00,0x00,0x9b,0x0b,0xf0,0x02,
	0xde,0xc4,0x03,0x00,0x71,0x21,0x00,0x03,0xc2,0x20,0x00,0x00,
	0xbd,0x01,0xf0,0x02,0xde,0xbf,0x03,0x00,0xd1,0x00,0xf0,0x02,
	0x5e,0x81,0x03,0x00,0x9f,0x00,0xf0,0x02,0xde,0x00,0x03,0x00,
	0x5c,0x90,0x0b,0x02,0xe0,0x88,0x01,0x00,0x22,0x03,0xf0,0x02,
	0xde,0xbf,0x03,0x00,0xd3,0x00,0x00,0x63,0x40,0x87,0x02,0x00,
	0x18,0x30,0xf4,0x06,0x60,0x86,0x01,0x00,0xd5,0x00,0x00,0x63,
	0x40,0x86,0x02,0x00,0xa1,0x17,0x00,0x87,0x5e,0xb0,0x00,0x00,
	0x00,0x00,0xf0,0x02,0xde,0x02,0x00,0x00,0xd8,0x00,0x00,0x63,
	0x40,0x87,0x02,0x00,0x19,0x10,0x00,0x8b,0x5e,0xb0,0x00,0x00,
	0x18,0x30,0xf4,0x06,0xe0,0x86,0x01,0x00,0xdb,0x00,0x00,0x63,
	0xc0,0x86,0x02,0x00,0xa1,0x17,0x00,0x87,0x5e,0xb0,0x00,0x00,
	0x00,0x00,0xf0,0x02,0xde,0x02,0x00,0x00,0x06,0x80,0x02,0x03,
	0x60,0xbc,0x01,0x00,0xe8,0x00,0x00,0x07,0xde,0x80,0x02,0x00,
	0x80,0x17,0xf0,0x02,0x60,0xda,0x01,0x00,0xf8,0x00,0x00,0x07,
	0x5e,0x08,0x02,0x00,0xa1,0x17,0x1e,0x03,0x60,0xbc,0x01,0x00,
	0x65,0x30,0xf4,0x02,0x5e,0xe0,0x00,0x00,0xa1,0x17,0x1c,0x03,
	0x60,0xbc,0x01,0x00,0x64,0x30,0xf4,0x02,0x5e,0xe0,0x00,0x00,
	0x15,0x27,0x00,0x03,0x60,0xbc,0x01,0x00,0xfe,0x00,0xf0,0x02,
	0xde,0xbf,0x03,0x00,0xa1,0x17,0x00,0x03,0x5e,0x10,0x01,0x00,
	0xa2,0x37,0x00,0x87,0x5e,0x88,0x00,0x00,0xa1,0x57,0xf4,0x86,
	0x5e,0xe0,0x00,0x00,0x63,0x30,0xf4,0x5a,0x01,0xe0,0x00,0x00,
	0xf1,0x00,0x00,0xc3,0x00,0x86,0x02,0x00,0x62,0x10,0x00,0x0b,
	0x56,0xb0,0x00,0x00,0x62,0x10,0x00,0x03,0x54,0xb0,0x00,0x00,
	0x15,0x27,0x00,0x03,0x60,0xbc,0x01,0x00,0x00,0x01,0xf0,0x02,
	0xde,0xbf,0x03,0x00,0x62,0x10,0x00,0x8f,0x41,0xb0,0x00,0x00,
	0xa1,0x17,0x00,0x03,0xde,0x09,0x01,0x00,0xa1,0x57,0x00,0x87,
	0x5e,0x88,0x00,0x00,0xa1,0x37,0xe5,0x84,0x5e,0xe0,0x00,0x00,
	0x06,0xc0,0x03,0x87,0x5e,0xe0,0x00,0x00,0x15,0x47,0x00,0x03,
	0x60,0xbc,0x01,0x00,0x00,0x01,0xf0,0x02,0xde,0xbf,0x03,0x00,
	0xa1,0x17,0x02,0x07,0x60,0xbc,0x01,0x00,0x65,0x30,0xf4,0x02,
	0x5e,0xe0,0x00,0x00,0xa1,0x17,0x00,0x07,0x60,0xbc,0x01,0x00,
	0x64,0x30,0xf4,0x02,0x5e,0xe0,0x00,0x00,0x06,0x00,0x18,0x03,
	0x60,0xbc,0x01,0x00,0x15,0x07,0x00,0x03,0x60,0xbc,0x01,0x00,
	0x62,0x10,0x00,0x03,0x5a,0xb0,0x00,0x00,0x63,0x10,0x00,0x03,
	0x58,0xb0,0x00,0x00,0xa1,0x17,0x00,0x43,0x01,0x05,0x01,0x00,
	0x06,0x20,0xf4,0x1a,0x00,0x88,0x00,0x00,0x00,0x00,0xf0,0x02,
	0xde,0x02,0x00,0x00,0x92,0x37,0x06,0x03,0x60,0xbc,0x01,0x00,
	0xc3,0xf0,0x1f,0xff,0x63,0xbc,0x01,0x00,0xe3,0x90,0x18,0x03,
	0x60,0xbc,0x01,0x00,0x10,0x10,0x00,0x03,0x60,0xbc,0x01,0x00,
	0x00,0x18,0x00,0x43,0x40,0xb0,0x00,0x00,0xc5,0xf0,0x1f,0xff,
	0x63,0xbc,0x01,0x00,0xe5,0x10,0x00,0x47,0x40,0xb0,0x00,0x00,
	0x10,0x30,0x00,0x03,0x60,0xbc,0x01,0x00,0x00,0x18,0x00,0x43,
	0x40,0xb0,0x00,0x00,0xc6,0xf0,0x1f,0xff,0x63,0xbc,0x01,0x00,
	0xe6,0x10,0x00,0x47,0x40,0xb0,0x00,0x00,0x10,0x50,0x00,0x03,
	0x60,0xbc,0x01,0x00,0x00,0x18,0x00,0x43,0x40,0xb0,0x00,0x00,
	0xc7,0xf0,0x1f,0xff,0x63,0xbc,0x01,0x00,0xe7,0x10,0x00,0x47,
	0x40,0xb0,0x00,0x00,0xc4,0xf0,0x1f,0xff,0x63,0xbc,0x01,0x00,
	0x00,0x00,0xf0,0x02,0xde,0x02,0x00,0x00,0xa1,0x97,0x00,0x33,
	0x40,0xe8,0x00,0x00,0xa3,0x17,0x00,0x0b,0x40,0xb0,0x00,0x00,
	0x19,0x61,0xf4,0x86,0x5e,0x6d,0x00,0x00,0xa3,0x37,0x00,0x8f,
	0x5e,0x90,0x00,0x00,0x1a,0x01,0xf0,0x02,0xde,0xbf,0x03,0x00,
	0xa3,0x37,0x00,0x87,0x5e,0x90,0x00,0x00,0xa1,0x17,0x17,0x1b,
	0x60,0xbc,0x01,0x00,0xa3,0x37,0xf4,0x8e,0x5e,0xe0,0x00,0x00,
	0xa1,0x17,0x00,0x97,0x41,0xf0,0x01,0x00,0x2e,0x61,0xf4,0x86,
	0xde,0x6d,0x00,0x00,0x22,0x01,0x00,0x97,0xc1,0x87,0x02,0x00,
	0xa1,0x17,0x00,0x03,0x5a,0x38,0x01,0x00,0xa2,0x17,0x00,0x03,
	0x5a,0x3c,0x01,0x00,0x24,0x01,0xf0,0x02,0xde,0xbf,0x03,0x00,
	0xa1,0x17,0x00,0x03,0x5a,0x3c,0x01,0x00,0xa2,0x17,0x00,0x07,
	0x5a,0x38,0x01,0x00,0x29,0x81,0xf4,0x86,0x5e,0x68,0x00,0x00,
	0xa2,0x37,0x00,0x8b,0x5e,0xd8,0x00,0x00,0x65,0x50,0xf4,0x96,
	0x41,0xe1,0x00,0x00,0x65,0x30,0x00,0x97,0xc1,0xe1,0x00,0x00,
	0x1c,0x01,0xf0,0x02,0xde,0xbf,0x03,0x00,0xa2,0x37,0x00,0x8b,
	0x5e,0xd8,0x00,0x00,0xa1,0x57,0xf4,0x96,0x41,0xe1,0x00,0x00,
	0xa1,0x37,0x00,0x87,0xde,0xe1,0x00,0x00,0xa1,0x17,0x00,0x87,
	0x5e,0xf0,0x01,0x00,0x2f,0x61,0xf4,0x86,0xde,0x6e,0x00,0x00,
	0xa4,0xf7,0x1f,0xff,0x63,0xbc,0x01,0x00,0x00,0x00,0xf0,0x02,
	0xde,0x02,0x00,0x00,0x02,0x00,0x09,0x8e,0xe3,0x20,0x00,0x00,
	0x02,0x00,0x00,0xb3,0x5e,0x81,0x02,0x00,0x11,0x00,0xf0,0x02,
	0xde,0xa8,0x03,0x00,0x37,0x01,0xf0,0x02,0xde,0x1e,0x03,0x00,
	0x37,0x01,0xf0,0x02,0x5e,0x9f,0x03,0x00,0x67,0x01,0xf0,0x02,
	0x5e,0x02,0x00,0x00,0x02,0x00,0xf0,0x02,0xde,0xbf,0x03,0x00,
	0x02,0x00,0x00,0xe7,0xde,0x80,0x02,0x00,0x3a,0x01,0x00,0xbf,
	0x00,0x81,0x02,0x00,0x35,0x01,0x00,0x1f,0x41,0x08,0x02,0x00,
	0x63,0x0b,0xf0,0x02,0x5e,0x02,0x00,0x00,0x86,0x10,0x00,0xab,
	0x00,0xb0,0x00,0x00,0x8a,0x10,0x00,0x63,0x01,0xb0,0x00,0x00,
	0x11,0x07,0x00,0x93,0x01,0x38,0x01,0x00,0x98,0x0d,0xf0,0x02,
	0x5e,0x02,0x00,0x00,0x92,0x17,0x04,0x03,0x60,0xbc,0x01,0x00,
	0x1d,0x11,0x00,0x3b,0x00,0xb0,0x00,0x00,0x48,0x10,0x09,0x06,
	0x60,0x90,0x01,0x00,0x4d,0x01,0x00,0xbf,0x00,0x01,0x02,0x00,
	0xa1,0x37,0x00,0x3f,0x5e,0x90,0x00,0x00,0x65,0x30,0xf4,0x42,
	0x6d,0xe0,0x00,0x00,0xa1,0x17,0x00,0x3f,0xde,0x81,0x01,0x00,
	0xa1,0x37,0xf4,0x02,0x5a,0x90,0x00,0x00,0x4b,0x01,0x00,0x87,
	0x5e,0xb0,0x02,0x00,0x8f,0x37,0x00,0x3f,0x5e,0xe0,0x00,0x00,
	0x8f,0xf7,0x01,0x3f,0x5e,0xa0,0x00,0x00,0x43,0x01,0xf0,0x02,
	0xde,0xbf,0x03,0x00,0x24,0xe0,0x0f,0x87,0x5e,0xa0,0x00,0x00,
	0x5d,0x01,0xf0,0x02,0xde,0xbf,0x03,0x00,0x5a,0x01,0xf0,0x02,
	0xde,0xa1,0x03,0x00,0x48,0x10,0x09,0x06,0xe0,0x81,0x01,0x00,
	0x42,0x90,0x00,0x03,0x60,0xbc,0x01,0x00,0x2d,0x11,0x00,0x03,
	0x60,0xbc,0x01,0x00,0x5d,0x01,0xf0,0x02,0xde,0x9e,0x03,0x00,
	0x94,0x97,0xf2,0x02,0x60,0x84,0x01,0x00,0x8f,0x17,0x00,0x17,
	0x45,0xb0,0x00,0x00,0x90,0x17,0x00,0x17,0x5e,0xb0,0x00,0x00,
	0x58,0x01,0x00,0x1f,0x44,0x00,0x02,0x00,0x48,0x10,0x09,0x02,
	0x60,0x85,0x01,0x00,0x47,0x10,0x00,0x07,0x60,0x81,0x01,0x00,
	0xa1,0x37,0x00,0x0f,0xde,0xf0,0x01,0x00,0x45,0x31,0xf4,0xb6,
	0x44,0xa0,0x00,0x00,0x5d,0x01,0xf0,0x02,0xde,0x9e,0x03,0x00,
	0x80,0xb0,0x12,0x37,0x61,0xbc,0x01,0x00,0x02,0x00,0xf0,0x02,
	0xde,0xbf,0x03,0x00,0x45,0x31,0x2a,0xb4,0x44,0xa0,0x00,0x00,
	0x80,0x70,0x12,0x27,0x61,0xbc,0x01,0x00,0x02,0x00,0xf0,0x02,
	0xde,0xbf,0x03,0x00,0x02,0x00,0x09,0x82,0xe0,0x20,0x00,0x00,
	0xa1,0x17,0x00,0x53,0xde,0x0c,0x01,0x00,0x47,0x10,0x00,0x87,
	0x5e,0x88,0x01,0x00,0x42,0x50,0x00,0x03,0x60,0xbc,0x01,0x00,
	0xa1,0x17,0x00,0x1f,0x41,0x08,0x01,0x00,0x94,0x97,0xf2,0x86,
	0xde,0x8c,0x01,0x00,0x02,0x00,0xf0,0x02,0xde,0xbf,0x03,0x00,
	0x42,0x90,0x00,0x03,0x60,0xbc,0x01,0x00,0x88,0x37,0x00,0x23,
	0x5e,0xe8,0x00,0x00,0x6b,0x01,0x00,0x23,0xde,0x69,0x00,0x00,
	0x88,0x37,0x00,0x27,0x00,0xe8,0x00,0x00,0x48,0x10,0x09,0x02,
	0x60,0x86,0x01,0x00,0xad,0xb7,0xf5,0x06,0x60,0x85,0x01,0x00,
	0x26,0xd1,0x00,0x9b,0x00,0x88,0x00,0x00,0x28,0x51,0x01,0x9b,
	0x00,0x90,0x00,0x00,0x24,0x11,0x00,0x03,0x63,0xbc,0x01,0x00,
	0x00,0x00,0xf0,0x02,0xde,0x02,0x00,0x00,0x71,0x01,0xf0,0x02,
	0x5e,0xdb,0x03,0x00,0x02,0x00,0x09,0x7e,0xe0,0x20,0x00,0x00,
	0xa8,0x0f,0xf0,0x02,0x5e,0x02,0x00,0x00,0x02,0x00,0x00,0x1f,
	0xc2,0x83,0x02,0x00,0x7c,0x01,0x00,0xf3,0x80,0x02,0x02,0x00,
	0xa1,0x17,0x00,0x67,0x44,0xb0,0x00,0x00,0xa3,0x57,0x23,0x86,
	0x5e,0x7c,0x01,0x00,0x7b,0x01,0x00,0xff,0x5e,0x83,0x02,0x00,
	0x2d,0x67,0xf4,0xfa,0x00,0xe0,0x00,0x00,0xbf,0xf7,0xf7,0x06,
	0x60,0x83,0x01,0x00,0x80,0xa1,0xe5,0x8c,0xde,0x6b,0x00,0x00,
	0x84,0x01,0x00,0x03,0xd0,0x06,0x02,0x00,0xa1,0x37,0x23,0x86,
	0x50,0xe9,0x00,0x00,0xa2,0x57,0x23,0x8a,0xd0,0xe8,0x00,0x00,
	0x84,0x01,0x00,0x8b,0xde,0x69,0x00,0x00,0x63,0x0b,0xf0,0x02,
	0x5e,0x02,0x00,0x00,0x27,0xf4,0x84,0x16,0x60,0x91,0x01,0x00,
	0x2d,0x87,0x00,0xb7,0x1c,0xe0,0x00,0x00,0x12,0x03,0xf0,0x02,
	0xde,0xbf,0x03,0x00,0x8a,0x01,0x00,0xbf,0x00,0x04,0x02,0x00,
	0x02,0x00,0xf0,0x02,0x5e,0x94,0x03,0x00,0x80,0xf7,0x01,0x8f,
	0x42,0xa0,0x00,0x00,0x02,0xc0,0x2d,0x00,0x5e,0x68,0x00,0x00,
	0x63,0x0b,0xf0,0x02,0x5e,0x02,0x00,0x00,0x11,0x00,0xf0,0x02,
	0xde,0xbf,0x03,0x00,0x02,0x00,0x00,0x8f,0xc2,0x01,0x02,0x00,
	0xa1,0x17,0x00,0x63,0x00,0x14,0x01,0x00,0x02,0x60,0x00,0x87,
	0x5e,0x68,0x00,0x00,0x63,0x0b,0xf0,0x02,0x5e,0x02,0x00,0x00,
	0x18,0x00,0x00,0x0f,0x60,0x94,0x01,0x00,0x91,0x01,0xf0,0x02,
	0x5e,0x02,0x00,0x00,0x11,0x00,0xf0,0x02,0xde,0xbf,0x03,0x00,
	0xa1,0x17,0x00,0x63,0x00,0x14,0x01,0x00,0xa5,0x10,0x00,0x87,
	0x5e,0xb0,0x00,0x00,0x60,0x10,0x19,0x13,0x60,0xbc,0x01,0x00,
	0x98,0x01,0x00,0x87,0x5e,0x68,0x00,0x00,0x60,0xd0,0x06,0x83,
	0x41,0xe0,0x00,0x00,0xa1,0x37,0x00,0x87,0x5e,0xe8,0x00,0x00,
	0x94,0x01,0xf0,0x02,0xde,0xbf,0x03,0x00,0xa2,0x01,0x00,0xc3,
	0x50,0x80,0x02,0x00,0xa0,0x10,0x03,0x04,0x60,0x87,0x01,0x00,
	0xb4,0x10,0x00,0x63,0x00,0xb0,0x00,0x00,0x00,0x18,0x00,0xd3,
	0x42,0xb0,0x00,0x00,0xb6,0x30,0x00,0x83,0x41,0x88,0x00,0x00,
	0xb5,0x10,0x0b,0x03,0x60,0xbc,0x01,0x00,0xb4,0xb0,0x00,0x63,
	0x00,0xb0,0x00,0x00,0x9f,0x01,0xf0,0x02,0xde,0x17,0x03,0x00,
	0xa0,0x01,0xf0,0x02,0xde,0x97,0x03,0x00,0x30,0x14,0x86,0x06,
	0x60,0x80,0x01,0x00,0x00,0x00,0xf0,0x02,0xde,0x02,0x00,0x00,
	0xbc,0x41,0x80,0x12,0xe0,0x20,0x00,0x00,0xa0,0x10,0x03,0x04,
	0x60,0x87,0x01,0x00,0xb4,0x10,0x00,0x63,0x00,0xb0,0x00,0x00,
	0xb5,0x10,0x0e,0x03,0x60,0xbc,0x01,0x00,0xb4,0xf0,0x00,0x63,
	0x00,0xb0,0x00,0x00,0xb6,0x90,0x13,0x4b,0x60,0xbc,0x01,0x00,
	0xb4,0x10,0x00,0x63,0x00,0xb0,0x00,0x00,0xb5,0xd0,0x02,0x03,
	0x60,0xbc,0x01,0x00,0xb9,0x01,0x00,0x0b,0x50,0x07,0x02,0x00,
	0xb5,0xd0,0x03,0x03,0x60,0xbc,0x01,0x00,0x94,0x97,0xf2,0x02,
	0x60,0x8e,0x01,0x00,0xb2,0x01,0x00,0x0b,0x50,0x04,0x02,0x00,
	0xb2,0x01,0x00,0x0b,0xd0,0x04,0x02,0x00,0x94,0x97,0xf2,0x06,
	0x60,0x86,0x01,0x00,0xb5,0xd0,0x00,0xd7,0x42,0xe0,0x00,0x00,
	0xa1,0x17,0x11,0x0b,0x50,0xa0,0x00,0x00,0xb8,0x01,0x11,0x87,
	0xde,0x68,0x00,0x00,0x94,0x97,0xf2,0x06,0xe0,0x86,0x01,0x00,
	0xb5,0x50,0x00,0xd7,0x42,0xe0,0x00,0x00,0xb8,0x01,0x00,0x0b,
	0xd0,0x07,0x02,0x00,0xb5,0x90,0x00,0xd7,0x42,0xe0,0x00,0x00,
	0xe1,0x11,0x00,0xd7,0x42,0xb0,0x00,0x00,0xb4,0xb0,0x00,0x63,
	0x00,0xb0,0x00,0x00,0xba,0x01,0xf0,0x02,0xde,0x17,0x03,0x00,
	0xbb,0x01,0xf0,0x02,0xde,0x97,0x03,0x00,0x00,0x00,0xf0,0x02,
	0xde,0x02,0x00,0x00,0xc0,0x01,0x00,0xd3,0x1c,0x68,0x00,0x00,
	0x11,0x80,0xe6,0x64,0xc4,0x6c,0x00,0x00,0x34,0x07,0x00,0x03,
	0x60,0xbc,0x01,0x00,0xc3,0x01,0x00,0xcb,0x1c,0x68,0x00,0x00,
	0x11,0x60,0xe6,0x64,0xc4,0x6c,0x00,0x00,0x32,0x07,0x00,0x03,
	0x60,0xbc,0x01,0x00,0x11,0x00,0xf0,0x02,0xde,0xa8,0x03,0x00,
	0xc5,0x01,0xf0,0x02,0x5e,0xdb,0x03,0x00,0x02,0x00,0x09,0xbe,
	0xe0,0x20,0x00,0x00,0x11,0x00,0xf0,0x02,0x5e,0x90,0x03,0x00,
	0x13,0x13,0xf0,0x02,0x5e,0x02,0x00,0x00,0xdb,0x01,0xf0,0x02,
	0x5e,0xa2,0x03,0x00,0xda,0x01,0x00,0xbf,0x00,0x02,0x02,0x00,
	0xd5,0x01,0x00,0xaf,0xde,0x84,0x02,0x00,0xce,0x01,0x00,0xb7,
	0x5e,0x03,0x02,0x00,0x14,0x11,0xf0,0x02,0x5e,0x02,0x00,0x00,
	0x02,0x00,0x00,0xb7,0x5e,0x83,0x02,0x00,0xda,0x01,0x00,0xff,
	0xde,0x01,0x02,0x00,0xda,0x01,0x00,0xb3,0x5e,0x84,0x02,0x00,
	0xda,0xe1,0x32,0x65,0x44,0x6b,0x00,0x00,0xd3,0x01,0x00,0x53,
	0xa6,0x68,0x00,0x00,0x94,0x09,0x00,0x67,0x44,0xb0,0x00,0x00,
	0xc9,0x10,0xf0,0x02,0x5e,0x02,0x00,0x00,0x02,0x00,0xf0,0x02,
	0xde,0xbf,0x03,0x00,0xd8,0x01,0x00,0xb7,0x5e,0x03,0x02,0x00,
	0xda,0x01,0x00,0xc7,0x80,0x04,0x02,0x00,0xda,0x01,0x00,0xff,
	0x5e,0x80,0x02,0x00,0xcb,0x10,0xf0,0x02,0x5e,0x02,0x00,0x00,
	0x02,0x00,0xf0,0x02,0xde,0xbf,0x03,0x00,0xa8,0x0f,0xf0,0x02,
	0x5e,0x02,0x00,0x00,0xeb,0x01,0x00,0x1f,0x42,0x00,0x02,0x00,
	0xde,0x01,0x00,0xf3,0x42,0x68,0x00,0x00,0xeb,0x41,0x00,0xf3,
	0x42,0x6d,0x00,0x00,0xa1,0x17,0x00,0x63,0x00,0x14,0x01,0x00,
	0xa2,0x17,0x00,0x87,0x5e,0xb0,0x00,0x00,0xe6,0x01,0xf0,0x02,
	0x5e,0xa2,0x03,0x00,0x6c,0x90,0x0d,0x02,0x60,0x83,0x01,0x00,
	0xed,0x01,0xf0,0x02,0x5e,0x14,0x03,0x00,0xed,0x61,0x80,0x56,
	0xc4,0x6e,0x00,0x00,0xeb,0x61,0x00,0x87,0x5e,0x6e,0x00,0x00,
	0xa2,0x77,0x00,0x03,0x60,0xbc,0x01,0x00,0xa3,0x57,0xf4,0x06,
	0x60,0x88,0x00,0x00,0x18,0x00,0x01,0x8b,0x5e,0x88,0x00,0x00,
	0xa2,0x37,0x00,0x8b,0x5e,0xe8,0x00,0x00,0x2a,0x62,0xf4,0x8e,
	0xc2,0x20,0x00,0x00,0xe6,0x41,0xf4,0x86,0xde,0x6a,0x00,0x00,
	0x48,0x10,0x09,0x02,0x60,0x82,0x01,0x00,0x02,0x00,0xf0,0x02,
	0xde,0xbf,0x03,0x00,0x15,0x11,0x00,0x03,0x60,0xbc,0x01,0x00,
	0xa6,0x17,0x00,0x7f,0x01,0xb0,0x00,0x00,0x0e,0x02,0xf0,0x02,
	0x5e,0x1f,0x03,0x00,0x02,0x02,0x00,0xbf,0x00,0x01,0x02,0x00,
	0x18,0x00,0x01,0x17,0x60,0x88,0x00,0x00,0xf6,0x01,0xf0,0x02,
	0x5e,0x06,0x03,0x00,0xf6,0xe1,0xff,0x8f,0x0c,0x68,0x00,0x00,
	0x30,0x01,0x00,0x8f,0x8c,0x68,0x00,0x00,0xf6,0x01,0xf0,0x02,
	0x5e,0xc6,0x03,0x00,0x0e,0x02,0xf0,0x02,0x5e,0x25,0x03,0x00,
	0x65,0x10,0x08,0x0f,0x60,0xbc,0x01,0x00,0xa1,0x17,0x02,0x03,
	0x60,0xbc,0x01,0x00,0xff,0xe1,0xff,0x03,0xda,0x68,0x00,0x00,
	0x65,0x30,0x00,0x97,0x41,0xe0,0x00,0x00,0xa1,0x37,0x00,0x87,
	0x5e,0xe8,0x00,0x00,0xf9,0x01,0x00,0x87,0x5e,0x6a,0x00,0x00,
	0x48,0x10,0x09,0x02,0x60,0x85,0x01,0x00,0x0e,0x02,0xf0,0x02,
	0xde,0xbf,0x03,0x00,0x11,0x00,0x02,0x8f,0x42,0x20,0x00,0x00,
	0x18,0x00,0x00,0x13,0x60,0x94,0x01,0x00,0x2a,0x02,0xf0,0x02,
	0xde,0xbf,0x03,0x00,0x04,0x02,0x00,0xc3,0x00,0x03,0x02,0x00,
	0x08,0x02,0x02,0x8f,0xc2,0x20,0x00,0x00,0x0e,0x02,0xf0,0x02,
	0x5e,0x25,0x03,0x00,0x08,0x02,0x02,0x8f,0xc2,0x20,0x00,0x00,
	0x11,0xe0,0xff,0x53,0x81,0x68,0x00,0x00,0x0a,0x02,0xf0,0x02,
	0xde,0xbf,0x03,0x00,0x18,0x00,0x00,0x13,0x60,0x94,0x01,0x00,
	0x2a,0x02,0xf0,0x02,0xde,0xbf,0x03,0x00,0x0d,0x02,0xf0,0x02,
	0xde,0x9e,0x03,0x00,0x0d,0xc2,0x0b,0x98,0xde,0x68,0x00,0x00,
	0xdb,0x0c,0x00,0x1f,0x41,0x01,0x02,0x00,0x48,0x10,0x09,0x02,
	0x60,0x85,0x01,0x00,0x12,0xc2,0x0b,0x98,0x5e,0x68,0x00,0x00,
	0x2f,0x62,0x00,0x9f,0x5e,0x69,0x00,0x00,0x12,0x02,0x00,0x8f,
	0x42,0x98,0x02,0x00,0x2f,0x02,0xf0,0x02,0xde,0xbf,0x03,0x00,
	0xdb,0x0c,0x00,0x1f,0x41,0x01,0x02,0x00,0x1a,0x02,0x00,0xbf,
	0x00,0x04,0x02,0x00,0x3d,0x0f,0xf0,0x02,0x5e,0x02,0x00,0x00,
	0x5f,0x0f,0xf0,0x02,0x5e,0x02,0x00,0x00,0x18,0x02,0x00,0xbb,
	0x85,0x68,0x00,0x00,0xdb,0x0c,0xf0,0x02,0xde,0xbf,0x03,0x00,
	0x18,0x00,0x00,0x87,0x05,0x94,0x01,0x00,0x2a,0x02,0xf0,0x02,
	0xde,0xbf,0x03,0x00,0x23,0x02,0x00,0xbb,0x14,0x00,0x02,0x00,
	0x26,0x02,0x00,0x6b,0x16,0x00,0x02,0x00,0xa1,0x17,0x00,0x47,
	0x14,0xb0,0x00,0x00,0x23,0xa2,0xaf,0x84,0xde,0x68,0x00,0x00,
	0xa1,0x17,0x00,0x4b,0x14,0xb0,0x00,0x00,0x23,0xc2,0xaf,0x84,
	0xde,0x68,0x00,0x00,0xa1,0x17,0x00,0x4f,0x14,0xb0,0x00,0x00,
	0x23,0xe2,0xaf,0x84,0xde,0x68,0x00,0x00,0x26,0x02,0x00,0x97,
	0x14,0x9e,0x02,0x00,0x28,0x02,0x00,0x8f,0xc2,0x01,0x02,0x00,
	0x18,0x00,0x00,0x0f,0x60,0x94,0x01,0x00,0x2a,0x02,0xf0,0x02,
	0xde,0xbf,0x03,0x00,0x28,0x02,0x00,0x8f,0xc2,0x01,0x02,0x00,
	0x6c,0x90,0x0d,0x06,0x60,0x80,0x01,0x00,0xdb,0x0c,0x00,0x8f,
	0xc2,0x00,0x02,0x00,0x18,0x00,0x00,0x07,0x60,0x94,0x01,0x00,
	0x91,0x01,0xf0,0x02,0x5e,0x02,0x00,0x00,0x84,0x02,0x00,0xbf,
	0x00,0x04,0x02,0x00,0x84,0x02,0x00,0x63,0x00,0x85,0x02,0x00,
	0x6c,0x90,0x0d,0x06,0x60,0x83,0x01,0x00,0x84,0x02,0xf0,0x02,
	0xde,0xbf,0x03,0x00,0x60,0x10,0x18,0x03,0x60,0xbc,0x01,0x00,
	0x65,0x10,0x00,0x7b,0x01,0xb0,0x00,0x00,0x38,0x02,0x00,0xeb,
	0x00,0x68,0x00,0x00,0xa1,0x17,0x01,0x13,0x5a,0x88,0x00,0x00,
	0xa1,0x37,0xf4,0x66,0x44,0xe8,0x00,0x00,0x38,0x42,0x07,0x84,
	0xde,0x6e,0x00,0x00,0xa6,0x20,0x00,0x9b,0x02,0xe0,0x00,0x00,
	0x25,0x03,0x00,0x03,0x60,0xbc,0x01,0x00,0xc1,0x06,0xf0,0x02,
	0xde,0xbf,0x03,0x00,0x55,0x02,0x00,0xbf,0x00,0x01,0x02,0x00,
	0x3c,0x82,0x00,0x5b,0x9c,0x6e,0x00,0x00,0x25,0x03,0x00,0x03,
	0x60,0xbc,0x01,0x00,0xc1,0x06,0xf0,0x02,0xde,0xbf,0x03,0x00,
	0x3f,0x62,0xd0,0x02,0x63,0x28,0x00,0x00,0x25,0x23,0x00,0x03,
	0x60,0xbc,0x01,0x00,0x90,0x17,0x00,0x0f,0x5a,0x19,0x01,0x00,
	0x42,0x02,0x00,0x97,0x0c,0x6a,0x00,0x00,0x90,0x17,0x00,0x03,
	0x60,0xbc,0x01,0x00,0x25,0x03,0x00,0xb3,0x0c,0xb0,0x00,0x00,
	0xa1,0x37,0x00,0x43,0x5e,0x90,0x00,0x00,0x64,0x30,0xf4,0x42,
	0x6d,0xe0,0x00,0x00,0xa1,0x17,0x00,0x43,0xde,0x81,0x01,0x00,
	0xa1,0x37,0xf4,0x02,0x58,0x90,0x00,0x00,0x4a,0x02,0x00,0x87,
	0x5e,0xb0,0x02,0x00,0xc1,0x66,0xd0,0x02,0xe3,0x28,0x00,0x00,
	0x90,0x37,0x00,0x43,0x5e,0xe0,0x00,0x00,0x42,0x02,0xf0,0x02,
	0xde,0xbf,0x03,0x00,0x4c,0x02,0x00,0x87,0xde,0x03,0x02,0x00,
	0xc1,0x06,0x00,0x0f,0xda,0x83,0x02,0x00,0x64,0x10,0xf2,0xc2,
	0x6c,0xe0,0x00,0x00,0x25,0x00,0x00,0x03,0x58,0xb0,0x00,0x00,
	0x55,0x02,0xf0,0x02,0xde,0xbf,0x03,0x00,0xa1,0x37,0x00,0x43,
	0x5e,0x90,0x00,0x00,0x64,0x30,0xf4,0x62,0x6d,0xe0,0x00,0x00,
	0x54,0x02,0x00,0x43,0x5e,0x00,0x02,0x00,0x25,0x00,0x01,0x03,
	0x58,0x90,0x00,0x00,0x55,0x02,0xf0,0x02,0xde,0xbf,0x03,0x00,
	0x25,0xe0,0x1f,0x03,0x58,0xa0,0x00,0x00,0x48,0x10,0x09,0x12,
	0x60,0x90,0x01,0x00,0x18,0x00,0x00,0x1f,0x60,0x94,0x01,0x00,
	0x81,0x17,0x00,0x0f,0x5a,0x08,0x01,0x00,0x0a,0x54,0x81,0x06,
	0x5e,0x88,0x01,0x00,0x80,0x17,0x00,0x0f,0x5a,0x34,0x01,0x00,
	0xde,0x00,0xf0,0x02,0x5e,0x02,0x00,0x00,0x65,0x10,0x00,0x7b,
	0x01,0xb0,0x00,0x00,0xa1,0x17,0x00,0x23,0x56,0xb0,0x00,0x00,
	0xa1,0x97,0xa0,0x86,0x5e,0xe0,0x00,0x00,0x03,0xf4,0x00,0x84,
	0x5e,0xe8,0x00,0x00,0x16,0xf4,0x00,0x84,0x5e,0xe8,0x00,0x00,
	0x13,0x14,0x00,0x03,0x5a,0xb0,0x00,0x00,0x14,0x14,0x00,0x07,
	0x5a,0xb0,0x00,0x00,0x15,0x14,0x00,0x0b,0x5a,0xb0,0x00,0x00,
	0x6d,0x42,0x00,0x07,0xde,0x68,0x00,0x00,0xa1,0x57,0x00,0x97,
	0x00,0xe8,0x00,0x00,0x1b,0x14,0xf0,0x86,0x5e,0xbc,0x01,0x00,
	0x1c,0xf4,0x00,0x87,0x5e,0x7c,0x01,0x00,0x81,0x17,0x00,0x57,
	0x1c,0xb0,0x00,0x00,0xba,0x0d,0xf0,0x02,0x5e,0x02,0x00,0x00,
	0x65,0x10,0x00,0x7b,0x01,0xb0,0x00,0x00,0x81,0x17,0x00,0x0f,
	0x5a,0x08,0x01,0x00,0x1e,0x14,0x00,0x87,0x5e,0xb0,0x00,0x00,
	0x77,0x02,0xf0,0x02,0xde,0xbf,0x03,0x00,0x1b,0x14,0x00,0x17,
	0x56,0xb0,0x00,0x00,0x1c,0x14,0x00,0x1b,0x56,0xb0,0x00,0x00,
	0x76,0x02,0x00,0xbf,0x00,0x01,0x02,0x00,0xa1,0x57,0x00,0x97,
	0x00,0xe8,0x00,0x00,0x74,0x22,0x00,0x07,0xde,0x68,0x00,0x00,
	0x1b,0x74,0x83,0x86,0xde,0xd2,0x01,0x00,0x76,0x02,0xf0,0x02,
	0xde,0xbf,0x03,0x00,0x1b,0x14,0x00,0x37,0x11,0xb0,0x00,0x00,
	0x1c,0x74,0x00,0x87,0x5e,0x88,0x00,0x00,0x1e,0x14,0x00,0x13,
	0x54,0xb0,0x00,0x00,0x86,0x10,0x00,0x13,0x50,0xb0,0x00,0x00,
	0x11,0x07,0x00,0x93,0x01,0x38,0x01,0x00,0x7e,0x82,0x00,0xa7,
	0x00,0x6d,0x00,0x00,0x8a,0x10,0x00,0x63,0x01,0x90,0x01,0x00,
	0x62,0x10,0x00,0x8f,0x41,0xb0,0x00,0x00,0x98,0x11,0xf0,0x02,
	0x5e,0x02,0x00,0x00,0x06,0x14,0x00,0x2b,0x42,0xb0,0x00,0x00,
	0xa1,0x17,0x18,0x03,0x60,0xbc,0x01,0x00,0x81,0x02,0x20,0x8c,
	0xc1,0x6d,0x00,0x00,0xa1,0x97,0x02,0x03,0x60,0xbc,0x01,0x00,
	0xa1,0x77,0x03,0x84,0x5e,0xe0,0x00,0x00,0x1d,0x11,0xb0,0x86,
	0x5e,0xe0,0x00,0x00,0xdd,0x02,0xf0,0x02,0xde,0xbf,0x03,0x00,
	0x94,0x02,0x00,0xc7,0x00,0x03,0x02,0x00,0x94,0x02,0x00,0x03,
	0xd0,0x0c,0x02,0x00,0xa1,0x17,0x00,0x63,0x00,0x14,0x01,0x00,
	0x94,0x02,0x00,0x63,0x00,0x85,0x02,0x00,0xa2,0xd7,0x02,0x87,
	0xde,0x80,0x00,0x00,0xa2,0x97,0x01,0x1b,0x60,0xbc,0x01,0x00,
	0x65,0xb0,0x0d,0x8a,0x5e,0xe0,0x00,0x00,0x32,0x14,0x00,0x97,
	0x41,0xb0,0x00,0x00,0xa2,0xb7,0x00,0x87,0xde,0x80,0x00,0x00,
	0xa2,0x97,0x1c,0x0f,0x60,0xbc,0x01,0x00,0x64,0xb0,0x0d,0x8a,
	0x5e,0xe0,0x00,0x00,0x33,0x14,0x00,0x93,0x41,0xb0,0x00,0x00,
	0x9f,0x02,0x00,0x13,0xd8,0x68,0x00,0x00,0x96,0x02,0x00,0x1b,
	0x5a,0x00,0x02,0x00,0x27,0xf4,0x84,0x06,0x60,0x80,0x01,0x00,
	0xdf,0x05,0xf0,0x02,0xde,0xbf,0x03,0x00,0x96,0x02,0x00,0x03,
	0xd0,0x01,0x02,0x00,0x2f,0x14,0x00,0x9b,0x50,0xb0,0x00,0x00,
	0x0f,0x03,0x00,0xc7,0xd0,0x81,0x02,0x00,0x9d,0x02,0x00,0xe7,
	0x5e,0x00,0x02,0x00,0xa1,0x17,0x00,0x03,0xd0,0x0b,0x01,0x00,
	0xa2,0x17,0x00,0x2b,0x50,0x3c,0x01,0x00,0xa1,0x57,0xf4,0x86,
	0x5e,0x8c,0x01,0x00,0xa2,0x17,0x00,0x43,0x01,0x48,0x01,0x00,
	0x9f,0x42,0xf4,0x86,0x5e,0x68,0x00,0x00,0x27,0xf4,0x84,0x12,
	0x60,0x91,0x01,0x00,0x12,0x03,0xf0,0x02,0xde,0xbf,0x03,0x00,
	0xa3,0x01,0xf0,0x02,0x5e,0x02,0x00,0x00,0x86,0x10,0x00,0x13,
	0x50,0xb0,0x00,0x00,0x8a,0x10,0x00,0x17,0x50,0xb0,0x00,0x00,
	0xa6,0x02,0x00,0x03,0xd0,0x0c,0x02,0x00,0xa5,0x02,0x00,0xc7,
	0x00,0x03,0x02,0x00,0xa6,0x02,0xf0,0x02,0xde,0xbf,0x03,0x00,
	0x11,0x80,0x84,0x4a,0x42,0x6d,0x00,0x00,0xa1,0x17,0x00,0x07,
	0x50,0x06,0x01,0x00,0xa9,0x02,0x00,0x03,0xd0,0x8c,0x02,0x00,
	0xaa,0x02,0x00,0x87,0x5e,0x68,0x00,0x00,0x31,0x34,0x86,0x86,
	0xde,0x82,0x01,0x00,0xaf,0x02,0x00,0xc7,0x00,0x03,0x02,0x00,
	0xaf,0x02,0x00,0x03,0xd0,0x0c,0x02,0x00,0x65,0x10,0x00,0xcb,
	0x50,0xb0,0x00,0x00,0x54,0x12,0xf0,0x02,0x5e,0x02,0x00,0x00,
	0xaf,0x02,0x00,0xc7,0x50,0x83,0x02,0x00,0x31,0x34,0x86,0x02,
	0x60,0x82,0x01,0x00,0xc5,0x02,0xf0,0x02,0x5e,0xa2,0x03,0x00,
	0xbc,0x02,0x04,0x03,0xd0,0x20,0x00,0x00,0xb8,0x02,0x00,0xbf,
	0x00,0x01,0x02,0x00,0xb8,0x02,0x00,0x4f,0x50,0x00,0x02,0x00,
	0xf2,0x11,0x00,0x5b,0x25,0xb0,0x00,0x00,0xf3,0x11,0x00,0x5f,
	0x25,0xb0,0x00,0x00,0xf4,0x11,0x00,0x63,0x25,0xb0,0x00,0x00,
	0xbb,0x02,0xf0,0x02,0xde,0xbf,0x03,0x00,0xf2,0x11,0x00,0x4f,
	0x50,0xb0,0x00,0x00,0xf3,0x11,0x00,0x53,0x50,0xb0,0x00,0x00,
	0xf4,0x11,0x00,0x57,0x50,0xb0,0x00,0x00,0xf0,0x91,0x00,0x03,
	0x60,0xbc,0x01,0x00,0xc1,0x02,0x00,0x03,0x50,0x06,0x02,0x00,
	0xc1,0x02,0x00,0xaf,0xde,0x07,0x02,0x00,0xc5,0x02,0x00,0xb3,
	0xde,0x00,0x02,0x00,0x42,0x51,0x00,0x53,0x1c,0xe8,0x00,0x00,
	0xc5,0x02,0xf0,0x02,0xde,0xbf,0x03,0x00,0x4c,0x05,0x00,0x03,
	0x50,0x81,0x02,0x00,0xc4,0x02,0x00,0xc7,0xd0,0x02,0x02,0x00,
	0xc5,0x02,0x00,0x2b,0x50,0x08,0x02,0x00,0x5e,0x05,0x00,0x03,
	0xd0,0x85,0x02,0x00,0x31,0x34,0x86,0x12,0x60,0x90,0x01,0x00,
	0xd5,0x02,0xf0,0x02,0x5e,0xa2,0x03,0x00,0x16,0x11,0x00,0x0f,
	0x50,0xb0,0x00,0x00,0xca,0x02,0x00,0xc7,0xd0,0x02,0x02,0x00,
	0x16,0x11,0x00,0x5b,0x50,0xb0,0x00,0x00,0xd5,0x02,0x00,0x03,
	0xd0,0x82,0x02,0x00,0xcb,0x02,0x00,0xc3,0x47,0x81,0x02,0x00,
	0xd0,0x02,0x00,0x4f,0x50,0x80,0x02,0x00,0xd5,0x82,0x3f,0xc7,
	0x47,0x20,0x00,0x00,0x11,0xc3,0x00,0xdb,0xc7,0x20,0x00,0x00,
	0xd5,0x02,0xf0,0x02,0xde,0xbf,0x03,0x00,0xd5,0x02,0xf0,0x02,
	0x5e,0xa5,0x03,0x00,0xd4,0x02,0x00,0xbf,0x00,0x01,0x02,0x00,
	0x11,0x83,0x3f,0xc7,0xc7,0x20,0x00,0x00,0xd5,0x02,0xf0,0x02,
	0xde,0xbf,0x03,0x00,0x11,0x03,0x00,0xdf,0xc7,0x80,0x02,0x00,
	0xe4,0x02,0x00,0xc7,0x50,0x88,0x02,0x00,0xdd,0x02,0x00,0xc7,
	0xd0,0x82,0x02,0x00,0x80,0x17,0x00,0x27,0x50,0x38,0x01,0x00,
	0x81,0x17,0x00,0x13,0x50,0x08,0x01,0x00,0xa1,0x17,0x00,0x13,
	0x50,0x02,0x01,0x00,0x81,0x37,0xf0,0x86,0x5e,0x82,0x01,0x00,
	0x89,0x10,0x00,0x7f,0x50,0xb0,0x00,0x00,0xe3,0x02,0xf0,0x02,
	0xde,0xbf,0x03,0x00,0x80,0x17,0x00,0x6f,0x50,0x38,0x01,0x00,
	0x81,0x17,0x00,0x2b,0x50,0x08,0x01,0x00,0xa1,0x17,0x00,0x07,
	0xd0,0x06,0x01,0x00,0x81,0x37,0xf0,0x86,0x5e,0x82,0x01,0x00,
	0x8a,0x10,0x00,0x1b,0x50,0xb0,0x00,0x00,0x89,0x10,0x00,0x83,
	0x50,0xb0,0x00,0x00,0x92,0x17,0x00,0x0b,0x50,0x29,0x01,0x00,
	0xde,0x00,0xf0,0x02,0x5e,0x02,0x00,0x00,0xe9,0x02,0xf0,0x02,
	0x5e,0xa1,0x03,0x00,0x11,0x07,0x00,0x8f,0x50,0x18,0x01,0x00,
	0xe9,0x02,0x00,0xc7,0xd0,0x02,0x02,0x00,0x11,0x07,0x00,0x8f,
	0x50,0x1a,0x01,0x00,0x93,0x0d,0xf0,0x02,0x5e,0x02,0x00,0x00,
	0xf9,0x82,0x00,0xa7,0x80,0x68,0x00,0x00,0x32,0x0a,0x19,0x03,
	0x60,0xbc,0x01,0x00,0xf9,0x02,0x00,0x3f,0xa5,0x07,0x02,0x00,
	0xa1,0x17,0x00,0x3b,0x25,0x3c,0x01,0x00,0xa1,0x37,0xf4,0x3e,
	0x25,0xbc,0x01,0x00,0x65,0x10,0x00,0x8f,0x41,0xb0,0x00,0x00,
	0x80,0x17,0xf0,0x02,0x60,0xbc,0x01,0x00,0xa1,0x11,0xf0,0x02,
	0x5e,0x02,0x00,0x00,0xa3,0xd7,0x1c,0x8b,0xde,0x80,0x00,0x00,
	0xa1,0xf7,0x1f,0xb7,0x41,0xe0,0x00,0x00,0xa1,0xf7,0x1f,0x87,
	0x5e,0xa8,0x00,0x00,0xa1,0xb7,0x0d,0x86,0x5e,0xe8,0x00,0x00,
	0xa2,0x17,0x14,0x87,0xde,0x80,0x00,0x00,0xa2,0x17,0x01,0xb7,
	0x41,0x90,0x00,0x00,0x32,0x0a,0x19,0x8b,0x5e,0xe0,0x00,0x00,
	0x81,0x17,0x00,0x1b,0x42,0x02,0x01,0x00,0x81,0xb7,0xe2,0x04,
	0x5e,0x82,0x01,0x00,0xba,0x0d,0xf0,0x02,0x5e,0x02,0x00,0x00,
	0xa1,0x17,0x01,0x84,0x5e,0xe0,0x00,0x00,0x83,0x10,0x00,0x87,
	0xde,0xd9,0x01,0x00,0x91,0xb7,0x03,0x37,0x61,0xbc,0x01,0x00,
	0x15,0x83,0x02,0x4b,0x5e,0x68,0x00,0x00,0x03,0x03,0x00,0xbf,
	0x00,0x04,0x02,0x00,0x03,0x03,0x00,0x03,0x50,0x87,0x02,0x00,
	0x04,0x03,0xf0,0x02,0x5e,0x94,0x03,0x00,0x06,0x03,0xf0,0x02,
	0x5e,0x22,0x03,0x00,0x80,0x30,0x00,0x03,0x61,0xbc,0x01,0x00,
	0x02,0x00,0xf0,0x02,0xde,0xbf,0x03,0x00,0x91,0xb7,0x03,0x33,
	0x61,0xbc,0x01,0x00,0x0c,0x03,0xf0,0x02,0x5e,0x2b,0x03,0x00,
	0xa1,0x97,0x00,0x63,0x00,0x90,0x00,0x00,0x65,0x30,0xf4,0x82,
	0x64,0xe0,0x00,0x00,0x0c,0x23,0x00,0x13,0x5a,0x6e,0x00,0x00,
	0x91,0x37,0xf2,0x06,0xe0,0x88,0x01,0x00,0x0e,0x83,0x04,0x4b,
	0xde,0x68,0x00,0x00,0x91,0xb7,0x03,0xbb,0x61,0xbc,0x01,0x00,
	0x15,0x03,0xf0,0x02,0xde,0xbf,0x03,0x00,0x27,0xf4,0x84,0x0e,
	0x60,0x91,0x01,0x00,0x12,0x03,0xf0,0x02,0xde,0xbf,0x03,0x00,
	0x27,0xf4,0x84,0x06,0x60,0x91,0x01,0x00,0xb4,0x10,0x00,0x03,
	0x60,0xbc,0x01,0x00,0x31,0x34,0x86,0x06,0xe0,0x81,0x01,0x00,
	0xdf,0x05,0xf0,0x02,0xde,0xbf,0x03,0x00,0x9b,0x0b,0xf0,0x02,
	0xde,0xc4,0x03,0x00,0x1f,0x03,0x00,0x03,0x50,0x06,0x02,0x00,
	0x1f,0x03,0x00,0xaf,0xde,0x07,0x02,0x00,0x91,0x37,0x00,0x03,
	0x61,0xbc,0x01,0x00,0x1b,0x03,0x00,0x03,0x50,0x07,0x02,0x00,
	0x91,0xf7,0x00,0x03,0x62,0xbc,0x01,0x00,0x1d,0x03,0x00,0xb3,
	0xde,0x00,0x02,0x00,0x91,0x77,0x00,0x03,0x61,0xbc,0x01,0x00,
	0x42,0x20,0x00,0x0b,0x01,0xe0,0x00,0x00,0x20,0x03,0xf0,0x02,
	0xde,0xbf,0x03,0x00,0x42,0x20,0x00,0x03,0x60,0xbc,0x01,0x00,
	0x80,0x10,0x00,0x47,0x5e,0xb0,0x00,0x00,0x02,0x00,0x00,0x17,
	0xc5,0x68,0x00,0x00,0x27,0x03,0xf0,0x02,0xde,0x80,0x03,0x00,
	0x26,0x03,0xf0,0x02,0x5e,0x81,0x03,0x00,0x5c,0x90,0x0b,0x0e,
	0xe0,0x88,0x01,0x00,0x02,0x00,0xf0,0x02,0xde,0xbf,0x03,0x00,
	0x2a,0x03,0xf0,0x02,0x5e,0xd0,0x03,0x00,0x2d,0x11,0x00,0x03,
	0x60,0xbc,0x01,0x00,0xca,0x0d,0xf0,0x02,0x5e,0x02,0x00,0x00,
	0x02,0x00,0xf0,0x02,0xde,0xbf,0x03,0x00,0x2d,0x03,0x00,0xbf,
	0x80,0x07,0x02,0x00,0x42,0x11,0x00,0x53,0x1c,0xb0,0x00,0x00,
	0x2d,0x03,0xf0,0x02,0x5e,0xc4,0x03,0x00,0xbf,0xf7,0xf7,0x02,
	0x60,0x83,0x01,0x00,0x04,0x90,0x00,0x03,0x60,0xbc,0x01,0x00,
	0x48,0x10,0x30,0x23,0x41,0xa8,0x00,0x00,0xe0,0x11,0x00,0x0f,
	0x62,0xbc,0x01,0x00,0xae,0xd7,0xf5,0x02,0x60,0x81,0x01,0x00,
	0x3e,0x03,0x00,0xbf,0x00,0x02,0x02,0x00,0x37,0x03,0x00,0x2b,
	0x27,0x68,0x00,0x00,0x37,0x03,0x02,0x4b,0xde,0x68,0x00,0x00,
	0xbf,0xf7,0xf7,0x06,0xe0,0x86,0x01,0x00,0x3e,0x03,0xf0,0x02,
	0xde,0xbf,0x03,0x00,0x3e,0x03,0x00,0xb3,0x5e,0x04,0x02,0x00,
	0x3e,0x23,0x06,0x4b,0xde,0x68,0x00,0x00,0x3e,0x03,0x00,0x6f,
	0x45,0x00,0x02,0x00,0xa1,0x37,0x31,0x65,0x44,0xe8,0x00,0x00,
	0xa1,0x37,0xf4,0xf6,0x25,0xe8,0x00,0x00,0x3e,0x23,0x08,0x87,
	0x5e,0x69,0x00,0x00,0x5c,0x91,0x2b,0x02,0xe0,0x83,0x01,0x00,
	0xab,0x77,0xf5,0x02,0xe0,0x87,0x01,0x00,0x41,0x23,0x00,0x0b,
	0x81,0x68,0x00,0x00,0x43,0x00,0x00,0x67,0x44,0xb0,0x00,0x00,
	0x48,0x10,0x09,0x06,0xe0,0x82,0x01,0x00,0x6c,0x90,0x0d,0x02,
	0x60,0x81,0x01,0x00,0x44,0x91,0x28,0x06,0x60,0x82,0x01,0x00,
	0x5c,0x90,0x0b,0x02,0xe0,0x88,0x01,0x00,0xdb,0x0f,0xf0,0x02,
	0x5e,0x02,0x00,0x00,0xbf,0xf7,0xf7,0x02,0xe0,0x85,0x01,0x00,
	0x49,0x03,0x00,0x1b,0x42,0x88,0x02,0x00,0xbf,0xf7,0xf7,0x06,
	0xe0,0x85,0x01,0x00,0x85,0x10,0x00,0x03,0x60,0xbc,0x01,0x00,
	0xb8,0x10,0x00,0x03,0x60,0xbc,0x01,0x00,0x84,0x90,0x10,0x02,
	0xe0,0xd2,0x01,0x00,0x42,0x04,0xf0,0x02,0x5e,0xa9,0x03,0x00,
	0x84,0x10,0x00,0x03,0x60,0xbc,0x01,0x00,0x70,0x20,0x00,0xc3,
	0x01,0xe0,0x00,0x00,0x9d,0x03,0xf0,0x02,0xde,0x20,0x03,0x00,
	0xad,0xb7,0xf5,0x06,0x60,0x81,0x01,0x00,0x66,0xa3,0x04,0x4b,
	0xde,0x68,0x00,0x00,0x55,0x03,0x00,0xbb,0xde,0x03,0x02,0x00,
	0x65,0x10,0x00,0xa3,0x28,0xe0,0x00,0x00,0x56,0x03,0xf0,0x02,
	0xde,0xbf,0x03,0x00,0x65,0x90,0x01,0x1f,0x60,0xbc,0x01,0x00,
	0xec,0x10,0xfe,0x7f,0x5e,0xa0,0x00,0x00,0xed,0x10,0x00,0x03,
	0x5a,0xb0,0x00,0x00,0xee,0x10,0x00,0x07,0x5a,0xb0,0x00,0x00,
	0xef,0x10,0x00,0x0b,0x5a,0xb0,0x00,0x00,0xf0,0x10,0x00,0x0f,
	0x5a,0xb0,0x00,0x00,0x84,0xf0,0x1e,0xe3,0x63,0xbc,0x01,0x00,
	0x85,0x30,0x00,0x03,0x60,0xbc,0x01,0x00,0x5f,0x03,0x00,0xbf,
	0x00,0x81,0x02,0x00,0x60,0x03,0x00,0xf3,0x00,0x02,0x02,0x00,
	0x84,0xf0,0x1e,0xff,0x63,0xbc,0x01,0x00,0xb4,0x10,0x00,0x03,
	0x60,0xbc,0x01,0x00,0xa6,0xd0,0x01,0x03,0x60,0xbc,0x01,0x00,
	0xb5,0x50,0x04,0x03,0x60,0xbc,0x01,0x00,0xb4,0xd0,0x04,0x23,
	0x60,0xbc,0x01,0x00,0xab,0x20,0x00,0xaf,0x02,0xe0,0x00,0x00,
	0xfa,0x03,0xf0,0x02,0xde,0xbf,0x03,0x00,0x6c,0x23,0x05,0x4b,
	0xde,0x68,0x00,0x00,0xb4,0x10,0x00,0x03,0x60,0xbc,0x01,0x00,
	0xa6,0x50,0x13,0x07,0x60,0xbc,0x01,0x00,0xb5,0xd0,0x02,0x03,
	0x60,0xbc,0x01,0x00,0xb4,0xd0,0x04,0x23,0x60,0xbc,0x01,0x00,
	0x75,0x03,0xf0,0x02,0xde,0xbf,0x03,0x00,0x82,0x43,0x02,0x4b,
	0xde,0x68,0x00,0x00,0x6f,0x03,0x00,0x8f,0xc3,0x85,0x02,0x00,
	0x89,0x37,0x00,0x27,0x5e,0xe0,0x00,0x00,0xee,0x10,0x00,0x27,
	0x5e,0xda,0x01,0x00,0xb4,0x10,0x00,0x03,0x60,0xbc,0x01,0x00,
	0xa6,0xd0,0x00,0x03,0x60,0xbc,0x01,0x00,0xb5,0xd0,0x03,0x03,
	0x60,0xbc,0x01,0x00,0xb4,0xd0,0x04,0x23,0x60,0xbc,0x01,0x00,
	0x74,0x20,0x00,0xd3,0x01,0xe0,0x00,0x00,0x84,0xf0,0x1f,0xff,
	0x61,0xbc,0x01,0x00,0x85,0x10,0x00,0x03,0x60,0xbc,0x01,0x00,
	0xe0,0x11,0x00,0x07,0x60,0x84,0x01,0x00,0x22,0x05,0x00,0xb3,
	0xde,0x82,0x02,0x00,0x22,0x05,0x00,0xb3,0x5e,0x04,0x02,0x00,
	0x48,0x10,0x09,0x06,0xe0,0x83,0x01,0x00,0x00,0x18,0x00,0x23,
	0x41,0xb0,0x00,0x00,0x8e,0xb7,0x06,0x03,0x60,0xbc,0x01,0x00,
	0xae,0xd7,0xf5,0x06,0xe0,0x81,0x01,0x00,0xa1,0x17,0x00,0x13,
	0x54,0xb0,0x00,0x00,0xa1,0x17,0x01,0x84,0x5e,0xe0,0x00,0x00,
	0x83,0x70,0x00,0x87,0x5e,0x88,0x00,0x00,0x22,0x05,0xf0,0x02,
	0xde,0xbf,0x03,0x00,0x84,0xf0,0x1f,0x03,0x60,0xbc,0x01,0x00,
	0xa2,0x17,0x00,0x53,0xde,0x03,0x01,0x00,0x86,0x03,0x00,0xff,
	0x5e,0x00,0x02,0x00,0xa2,0x37,0x00,0x03,0x60,0xbc,0x01,0x00,
	0x88,0x03,0x00,0xaf,0x26,0x68,0x00,0x00,0xa2,0x37,0x00,0x03,
	0x60,0xbc,0x01,0x00,0xe3,0x70,0x1c,0x8a,0x5e,0x86,0x01,0x00,
	0x92,0x03,0x00,0x93,0xc3,0x6a,0x00,0x00,0xe4,0xd0,0x00,0x90,
	0x43,0xe8,0x00,0x00,0x90,0x03,0x00,0x1b,0x42,0x02,0x02,0x00,
	0xa1,0x37,0x00,0x1b,0x00,0x90,0x00,0x00,0x8f,0x43,0x00,0x1b,
	0x42,0x20,0x00,0x00,0xa1,0x17,0x00,0xa7,0x1c,0xb0,0x00,0x00,
	0xe4,0x30,0xf4,0x92,0x43,0xe0,0x00,0x00,0x92,0x03,0x00,0x93,
	0xc3,0x69,0x00,0x00,0xe4,0x10,0x00,0x03,0x60,0xbc,0x01,0x00,
	0x94,0x03,0x00,0xaf,0x26,0x68,0x00,0x00,0xe4,0x30,0x36,0x91,
	0x43,0xe0,0x00,0x00,0xb4,0x10,0x00,0x03,0x60,0xbc,0x01,0x00,
	0xa6,0x10,0x00,0x03,0x60,0xbc,0x01,0x00,0xb5,0x10,0x02,0x03,
	0x60,0xbc,0x01,0x00,0xb4,0xd0,0x04,0x23,0x60,0xbc,0x01,0x00,
	0x9b,0xa3,0x06,0x4b,0x5e,0x68,0x00,0x00,0x72,0x20,0x00,0xcb,
	0x01,0xe0,0x00,0x00,0xfa,0x03,0xf0,0x02,0xde,0xbf,0x03,0x00,
	0x73,0x20,0x00,0xcf,0x01,0xe0,0x00,0x00,0xfa,0x03,0xf0,0x02,
	0xde,0xbf,0x03,0x00,0x01,0x04,0xf0,0x02,0x5e,0x20,0x03,0x00,
	0x48,0x10,0x09,0x02,0xe0,0x81,0x01,0x00,0x75,0x20,0x00,0xd7,
	0x01,0xe0,0x00,0x00,0xdb,0x03,0xf0,0x02,0xde,0x1e,0x03,0x00,
	0xa2,0x17,0x00,0x03,0x60,0xbc,0x01,0x00,0xb4,0x03,0x00,0xbf,
	0x00,0x01,0x02,0x00,0xa1,0x57,0x0d,0x93,0x00,0xe0,0x00,0x00,
	0xa1,0x37,0xf4,0x3e,0xde,0x9c,0x01,0x00,0x23,0x23,0x00,0x8f,
	0x0c,0xe8,0x00,0x00,0xaa,0x03,0x00,0x8f,0x0c,0x6a,0x00,0x00,
	0x81,0x30,0x10,0x06,0xe0,0x80,0x01,0x00,0x23,0xe3,0x1f,0xff,
	0x63,0xbc,0x01,0x00,0xaa,0x03,0xf0,0x02,0x5e,0xc6,0x03,0x00,
	0xb2,0x03,0x00,0x23,0x5e,0x6a,0x00,0x00,0xad,0x03,0x00,0xb3,
	0xde,0x06,0x02,0x00,0x48,0x10,0x09,0x02,0x60,0x85,0x01,0x00,
	0xa3,0x17,0x08,0x0f,0x60,0xbc,0x01,0x00,0x65,0xf0,0xf1,0x8e,
	0x5e,0xe0,0x00,0x00,0xb2,0xe3,0xff,0x03,0x5a,0x68,0x00,0x00,
	0xa2,0x37,0x00,0x03,0x60,0xbc,0x01,0x00,0x48,0x10,0x09,0x06,
	0x60,0x85,0x01,0x00,0xac,0x97,0xf5,0x02,0xe0,0x86,0x01,0x00,
	0xbc,0x03,0xf0,0x02,0xde,0xbf,0x03,0x00,0x81,0x30,0x10,0x06,
	0xe0,0x80,0x01,0x00,0xb8,0x03,0x00,0x23,0x5e,0x6a,0x00,0x00,
	0xa2,0x17,0x00,0x8f,0x42,0x02,0x01,0x00,0x48,0x10,0x09,0x8a,
	0x5e,0x85,0x01,0x00,0xbb,0x03,0x00,0x53,0xde,0x84,0x02,0x00,
	0xa1,0x57,0x0d,0x13,0x60,0xbc,0x01,0x00,0xbc,0x03,0xf0,0x02,
	0xde,0xbf,0x03,0x00,0xa1,0x57,0x0d,0x03,0x60,0xbc,0x01,0x00,
	0xdb,0x03,0x00,0x27,0x00,0x68,0x00,0x00,0xa1,0xf7,0x01,0x84,
	0x5e,0xe0,0x00,0x00,0x65,0x10,0x01,0x1f,0x60,0xbc,0x01,0x00,
	0xb6,0x30,0x00,0x97,0x41,0x88,0x00,0x00,0xb4,0x10,0x00,0x03,
	0x60,0xbc,0x01,0x00,0xa6,0x50,0x00,0x87,0x5e,0x90,0x00,0x00,
	0xb5,0x10,0x01,0x03,0x60,0xbc,0x01,0x00,0xb4,0xb0,0x00,0x23,
	0x60,0xbc,0x01,0x00,0xc4,0x03,0xf0,0x02,0xde,0x17,0x03,0x00,
	0xc5,0x03,0xf0,0x02,0xde,0x97,0x03,0x00,0xce,0x43,0x00,0x87,
	0xde,0x20,0x00,0x00,0xcb,0x23,0x00,0x87,0xde,0x20,0x00,0x00,
	0x80,0x16,0xd0,0x22,0x5e,0xb8,0x01,0x00,0x81,0x36,0xd0,0x8a,
	0x5e,0x80,0x01,0x00,0xd4,0x03,0xf0,0x02,0xde,0xbf,0x03,0x00,
	0x80,0x16,0xd0,0x22,0x5e,0xbc,0x01,0x00,0x81,0x36,0xd0,0x8a,
	0x5e,0x84,0x01,0x00,0xd4,0x03,0xf0,0x02,0xde,0xbf,0x03,0x00,
	0xd2,0x23,0x00,0x87,0xde,0x20,0x00,0x00,0x81,0x36,0xd0,0x22,
	0x5e,0xb8,0x01,0x00,0x82,0x56,0xd0,0x8a,0x5e,0x80,0x01,0x00,
	0xd4,0x03,0xf0,0x02,0xde,0xbf,0x03,0x00,0x81,0x36,0xd0,0x22,
	0x5e,0xbc,0x01,0x00,0x82,0x56,0xd0,0x8a,0x5e,0x84,0x01,0x00,
	0xa8,0x30,0xf4,0x02,0x60,0x88,0x01,0x00,0xb0,0x10,0x00,0x03,
	0x5a,0xb0,0x00,0x00,0xb1,0x10,0x00,0x07,0x5a,0xb0,0x00,0x00,
	0xd7,0x03,0x00,0xa3,0x42,0x80,0x02,0x00,0xa8,0x90,0x00,0xa3,
	0x42,0xe0,0x00,0x00,0xb0,0x10,0x00,0x0b,0x5a,0xb0,0x00,0x00,
	0xb1,0x10,0x00,0x0f,0x5a,0xb0,0x00,0x00,0x84,0x90,0x10,0x06,
	0x60,0x87,0x01,0x00,0x89,0x37,0x00,0x27,0x5e,0xe0,0x00,0x00,
	0xee,0x10,0x00,0x27,0x5e,0xda,0x01,0x00,0xb4,0x10,0x00,0x03,
	0x60,0xbc,0x01,0x00,0xe6,0x03,0x00,0xbf,0x00,0x01,0x02,0x00,
	0xa6,0x50,0x03,0x3f,0xde,0x9b,0x01,0x00,0x65,0xf0,0xf1,0xc2,
	0x62,0xe0,0x00,0x00,0xb5,0x10,0x00,0x03,0x5a,0xb0,0x00,0x00,
	0x8f,0x37,0x00,0x3f,0x5e,0xe0,0x00,0x00,0x8f,0xf7,0x01,0x3f,
	0x5e,0xa0,0x00,0x00,0xeb,0x03,0xf0,0x02,0xde,0xbf,0x03,0x00,
	0xa6,0x50,0x03,0x03,0x60,0xbc,0x01,0x00,0xb5,0x10,0x00,0x33,
	0x00,0xb0,0x00,0x00,0xeb,0x03,0x00,0x53,0xde,0x84,0x02,0x00,
	0xa6,0x50,0x03,0x07,0x60,0xbc,0x01,0x00,0xb5,0x10,0x00,0x37,
	0x00,0xb0,0x00,0x00,0xb4,0xd0,0x04,0x23,0x60,0xbc,0x01,0x00,
	0x94,0x97,0xf2,0x06,0x60,0x84,0x01,0x00,0x48,0x10,0x09,0x02,
	0x60,0x86,0x01,0x00,0xf5,0x03,0xf0,0x02,0xde,0x9e,0x03,0x00,
	0xf8,0x03,0x00,0x1f,0x44,0x80,0x02,0x00,0x45,0x11,0x00,0x3f,
	0x5e,0xb0,0x00,0x00,0x8f,0x17,0x00,0x03,0x60,0xbc,0x01,0x00,
	0x85,0x17,0x00,0x43,0x5e,0xb0,0x00,0x00,0x90,0x17,0x00,0x0f,
	0x5e,0xb0,0x00,0x00,0xf8,0x03,0xf0,0x02,0xde,0xbf,0x03,0x00,
	0x85,0x17,0x00,0x0f,0x5e,0xb0,0x00,0x00,0xf8,0x03,0x00,0x1f,
	0x44,0x80,0x02,0x00,0x45,0xb1,0xf0,0xb6,0x44,0xa0,0x00,0x00,
	0x42,0x10,0x01,0x03,0x60,0xbc,0x01,0x00,0x94,0x97,0xf2,0x06,
	0x60,0x83,0x01,0x00,0xe0,0x11,0x00,0x07,0x60,0x84,0x01,0x00,
	0x20,0x05,0xf0,0x02,0x5e,0xa0,0x03,0x00,0x22,0x05,0x00,0xaf,
	0x5e,0x06,0x02,0x00,0xab,0x77,0xf5,0x06,0xe0,0x86,0x01,0x00,
	0x80,0x10,0x00,0x03,0x60,0xbc,0x01,0x00,0x69,0x0b,0xf0,0x02,
	0x5e,0x02,0x00,0x00,0x40,0x06,0xf0,0x02,0xde,0xbf,0x03,0x00,
	0x7b,0x04,0xf0,0x02,0x5e,0xa1,0x03,0x00,0xae,0xd7,0xf5,0x06,
	0x60,0x81,0x01,0x00,0x1d,0x24,0x86,0x0e,0x60,0x20,0x00,0x00,
	0xa0,0x10,0x03,0x04,0x60,0x87,0x01,0x00,0xb4,0x10,0x00,0x63,
	0x00,0xb0,0x00,0x00,0xb5,0x10,0x0b,0x03,0x60,0xbc,0x01,0x00,
	0xb4,0xf0,0x00,0x63,0x00,0xb0,0x00,0x00,0x0b,0x04,0x00,0xc7,
	0x00,0x03,0x02,0x00,0xe4,0x10,0x00,0x6b,0x50,0xb0,0x00,0x00,
	0x84,0x10,0x02,0x13,0x42,0xb0,0x00,0x00,0x11,0x04,0x00,0xc7,
	0xd0,0x02,0x02,0x00,0xe0,0x10,0x00,0x5f,0x50,0xb0,0x00,0x00,
	0xe1,0x10,0x00,0x63,0x50,0xb0,0x00,0x00,0xe2,0x10,0x00,0x67,
	0x50,0xb0,0x00,0x00,0xe4,0x10,0x00,0x6b,0x50,0xb0,0x00,0x00,
	0x84,0xf0,0x02,0x13,0x42,0xb0,0x00,0x00,0x18,0x04,0x00,0xc7,
	0x50,0x00,0x02,0x00,0xb4,0x10,0x00,0x63,0x00,0xb0,0x00,0x00,
	0xb5,0x10,0x02,0x03,0x60,0xbc,0x01,0x00,0xb4,0xd0,0x04,0x63,
	0x00,0xb0,0x00,0x00,0xe0,0x11,0x00,0x07,0x60,0x84,0x01,0x00,
	0x8e,0x17,0x00,0x03,0x60,0xbc,0x01,0x00,0x26,0x05,0xf0,0x02,
	0xde,0xbf,0x03,0x00,0x71,0x20,0x00,0xc7,0x01,0xe0,0x00,0x00,
	0xb4,0x10,0x00,0x63,0x00,0xb0,0x00,0x00,0xb5,0xd0,0x02,0x03,
	0x60,0xbc,0x01,0x00,0xb4,0xd0,0x04,0x63,0x00,0xb0,0x00,0x00,
	0xb6,0x04,0xf0,0x02,0xde,0xbf,0x03,0x00,0xa1,0x17,0x00,0x03,
	0x50,0x03,0x01,0x00,0xa1,0x37,0x00,0x87,0x5e,0xb8,0x00,0x00,
	0x80,0x10,0x10,0x86,0x5e,0x87,0x01,0x00,0x2d,0x04,0xf0,0x02,
	0x5e,0x2b,0x03,0x00,0x24,0x04,0x00,0xf3,0x00,0x00,0x02,0x00,
	0x42,0x51,0x00,0x23,0x00,0xe8,0x00,0x00,0x42,0x51,0x28,0x0a,
	0x60,0xbc,0x01,0x00,0x29,0x04,0xf0,0x02,0x5e,0x94,0x03,0x00,
	0x64,0x10,0x00,0x8b,0x05,0xb0,0x00,0x00,0x29,0x04,0x00,0x03,
	0x58,0x68,0x00,0x00,0x12,0x11,0x00,0x67,0x44,0xb0,0x00,0x00,
	0x15,0x11,0x00,0x03,0x58,0xb0,0x00,0x00,0x2d,0x04,0x00,0x1f,
	0x45,0x68,0x00,0x00,0x2d,0x04,0xf0,0x02,0x5e,0xa2,0x03,0x00,
	0xab,0x77,0xf5,0x06,0xe0,0x85,0x01,0x00,0x16,0x0f,0xf0,0x02,
	0x5e,0x02,0x00,0x00,0x7a,0x04,0x00,0x03,0xd0,0x0c,0x02,0x00,
	0x37,0x04,0x00,0xc7,0x00,0x03,0x02,0x00,0x65,0x10,0x00,0xcb,
	0x50,0xb0,0x00,0x00,0x33,0x04,0x00,0xc7,0x50,0x03,0x02,0x00,
	0x89,0x36,0x00,0x27,0x5a,0xe0,0x00,0x00,0x7b,0x04,0xf0,0x02,
	0xde,0xbf,0x03,0x00,0xb2,0x17,0x00,0x03,0x60,0xbc,0x01,0x00,
	0x4f,0xe9,0x29,0x05,0xe0,0x85,0x01,0x00,0xa3,0x17,0x00,0x27,
	0x50,0x38,0x01,0x00,0x8c,0x36,0x00,0x33,0x5a,0xe0,0x00,0x00,
	0x42,0x04,0x00,0xc7,0xd0,0x02,0x02,0x00,0xa1,0x17,0x00,0x3b,
	0x25,0xb0,0x00,0x00,0xe0,0x30,0xf4,0x6e,0x50,0xb8,0x01,0x00,
	0xa1,0x17,0x00,0x73,0x50,0xb0,0x00,0x00,0xe1,0x30,0xf4,0x3e,
	0x25,0xb8,0x01,0x00,0xe1,0x30,0x1c,0x06,0xe0,0x85,0x01,0x00,
	0x84,0x70,0x00,0x13,0x42,0xb0,0x00,0x00,0xa3,0x17,0x00,0x6f,
	0x50,0x38,0x01,0x00,0x42,0x04,0x00,0x13,0x42,0x82,0x02,0x00,
	0xe4,0x10,0x00,0x7b,0x50,0xb0,0x00,0x00,0x84,0x10,0x02,0x13,
	0x42,0xb0,0x00,0x00,0xa0,0x10,0x03,0x04,0x60,0x87,0x01,0x00,
	0x46,0x04,0x00,0x2b,0x50,0x88,0x02,0x00,0xb9,0x90,0x00,0x77,
	0x50,0x88,0x00,0x00,0x49,0x04,0xf0,0x02,0xde,0xbf,0x03,0x00,
	0xa1,0x17,0x00,0x73,0x50,0x38,0x01,0x00,0xa1,0x37,0xf4,0x6e,
	0x50,0x7c,0x01,0x00,0xb9,0x90,0x00,0x87,0x5e,0x88,0x00,0x00,
	0x63,0x04,0x00,0xc7,0x00,0x03,0x02,0x00,0x65,0x90,0x0c,0x1b,
	0x60,0xbc,0x01,0x00,0x65,0x50,0xf6,0x96,0x41,0xe0,0x00,0x00,
	0x80,0x16,0x00,0x97,0x50,0xb0,0x00,0x00,0x5f,0x04,0x00,0xcb,
	0xde,0x68,0x00,0x00,0x65,0x10,0x00,0xcb,0x50,0xb0,0x00,0x00,
	0x64,0x10,0x00,0xcf,0x50,0xb0,0x00,0x00,0xe0,0x70,0xf4,0x06,
	0x5a,0xbc,0x01,0x00,0xa2,0x17,0x00,0x3f,0x25,0x3c,0x01,0x00,
	0xe1,0x50,0xf4,0x06,0x5a,0x7c,0x01,0x00,0x84,0x70,0x00,0x13,
	0x42,0xb0,0x00,0x00,0x2d,0x0a,0x00,0x0b,0x5a,0xb0,0x00,0x00,
	0xa1,0x17,0x00,0x13,0x58,0xb0,0x00,0x00,0x5c,0xa4,0xd2,0x86,
	0x5e,0x6d,0x00,0x00,0xa2,0xb7,0xd2,0x86,0x5e,0xe8,0x00,0x00,
	0x64,0x90,0xd2,0x96,0x41,0xe0,0x00,0x00,0x95,0x16,0x00,0x87,
	0x5e,0xb0,0x00,0x00,0x94,0x36,0x00,0x53,0x5a,0xe0,0x00,0x00,
	0x0d,0x16,0x00,0x8b,0x5e,0xb0,0x00,0x00,0xb8,0x50,0x01,0x23,
	0x60,0xbc,0x01,0x00,0x6b,0x24,0x00,0xb7,0x28,0x68,0x00,0x00,
	0x6f,0x04,0xf0,0x02,0xde,0xbf,0x03,0x00,0xb8,0x70,0x01,0x03,
	0x60,0xbc,0x01,0x00,0x6b,0x24,0x00,0xb7,0x28,0x68,0x00,0x00,
	0xb8,0x70,0x01,0x03,0x60,0xbc,0x01,0x00,0x6f,0x04,0xf0,0x02,
	0xde,0xbf,0x03,0x00,0xa1,0x17,0x00,0x03,0xd0,0x0c,0x01,0x00,
	0x68,0x04,0xf0,0x02,0x5e,0xa9,0x03,0x00,0xb8,0x50,0x01,0x23,
	0x60,0xbc,0x01,0x00,0x6b,0x64,0x00,0x87,0x5e,0x68,0x00,0x00,
	0x6f,0x04,0xf0,0x02,0xde,0xbf,0x03,0x00,0xb8,0x70,0x01,0x03,
	0x60,0xbc,0x01,0x00,0x6f,0x44,0x00,0x87,0x5e,0x68,0x00,0x00,
	0xb8,0x70,0x01,0x03,0x60,0xbc,0x01,0x00,0x6d,0x04,0x00,0xc7,
	0x00,0x03,0x02,0x00,0x6e,0x04,0x00,0x67,0x50,0xbc,0x02,0x00,
	0xb8,0x10,0x17,0x02,0xe0,0x81,0x01,0x00,0xa5,0xf0,0x00,0x03,
	0x60,0xbc,0x01,0x00,0x73,0x04,0x00,0xc7,0x00,0x03,0x02,0x00,
	0xb5,0x10,0x00,0xcb,0x5e,0xb0,0x00,0x00,0xb4,0x70,0x08,0x63,
	0x00,0xb0,0x00,0x00,0x72,0x04,0x00,0xd3,0x42,0x83,0x02,0x00,
	0xb5,0x10,0x0e,0x03,0x60,0xbc,0x01,0x00,0xb4,0x10,0x00,0x63,
	0x00,0xb0,0x00,0x00,0xb4,0xf0,0x00,0x63,0x00,0xb0,0x00,0x00,
	0x00,0x18,0x00,0xd3,0x42,0xb0,0x00,0x00,0xb4,0x10,0x03,0x08,
	0x60,0x88,0x01,0x00,0x6c,0x90,0x0d,0x06,0x60,0x81,0x01,0x00,
	0xb6,0x04,0xf0,0x02,0xde,0xbf,0x03,0x00,0x81,0x04,0x00,0xc7,
	0xd0,0x02,0x02,0x00,0xe0,0x10,0x00,0x6f,0x50,0xb0,0x00,0x00,
	0xe1,0x10,0x00,0x73,0x50,0xb0,0x00,0x00,0xe2,0x10,0x00,0x77,
	0x50,0xb0,0x00,0x00,0x80,0x04,0x00,0x13,0x42,0x82,0x02,0x00,
	0xe4,0x10,0x00,0x7b,0x50,0xb0,0x00,0x00,0x84,0xf0,0x02,0x13,
	0x42,0xb0,0x00,0x00,0xa7,0x37,0x00,0x9f,0x5e,0xe0,0x00,0x00,
	0x8a,0x04,0xf0,0x02,0x5e,0xa1,0x03,0x00,0xa7,0x17,0x00,0x03,
	0x60,0xbc,0x01,0x00,0xa0,0x10,0x03,0x04,0x60,0x87,0x01,0x00,
	0xb4,0x10,0x00,0x63,0x00,0xb0,0x00,0x00,0xb5,0x10,0x0e,0x03,
	0x60,0xbc,0x01,0x00,0xb4,0xf0,0x00,0x63,0x00,0xb0,0x00,0x00,
	0xb4,0x10,0x03,0x08,0x60,0x88,0x01,0x00,0xab,0x04,0xf0,0x02,
	0xde,0xbf,0x03,0x00,0x65,0x10,0x00,0x7b,0x01,0xb0,0x00,0x00,
	0xe5,0x10,0x00,0x03,0x5a,0xb0,0x00,0x00,0xc5,0xf0,0x1f,0xff,
	0x63,0xbc,0x01,0x00,0xe6,0x10,0x00,0x07,0x5a,0xb0,0x00,0x00,
	0xc6,0xf0,0x1f,0xff,0x63,0xbc,0x01,0x00,0xe7,0x10,0x00,0x0b,
	0x5a,0xb0,0x00,0x00,0xc7,0xf0,0x1f,0xff,0x63,0xbc,0x01,0x00,
	0x93,0x04,0x00,0x5b,0x9c,0x68,0x00,0x00,0x89,0x37,0x00,0x27,
	0x5e,0xe0,0x00,0x00,0x97,0x04,0x00,0x5b,0x1c,0x68,0x00,0x00,
	0xe3,0x10,0x00,0x07,0xe0,0x85,0x01,0x00,0xc3,0x10,0x00,0x07,
	0xe0,0x85,0x01,0x00,0x84,0x10,0x01,0x13,0x42,0xb0,0x00,0x00,
	0xee,0x10,0x00,0x27,0x5e,0xda,0x01,0x00,0x84,0x90,0x10,0x06,
	0x60,0x87,0x01,0x00,0x84,0x10,0x1c,0x13,0x42,0xb0,0x00,0x00,
	0xb4,0x10,0x00,0x03,0x60,0xbc,0x01,0x00,0xa6,0x04,0x00,0xbf,
	0x00,0x01,0x02,0x00,0xa1,0xf7,0x00,0x43,0x5e,0x88,0x00,0x00,
	0xa6,0x50,0x00,0xbb,0x0c,0x90,0x00,0x00,0xa6,0x30,0xf4,0x9a,
	0x42,0xe0,0x00,0x00,0xa7,0x04,0xf0,0x02,0xde,0xbf,0x03,0x00,
	0xa2,0xb7,0x01,0x07,0x60,0x88,0x00,0x00,0xa6,0x50,0xf4,0xba,
	0x0c,0xe0,0x00,0x00,0xa1,0xd7,0x00,0x43,0x5e,0x88,0x00,0x00,
	0xa6,0x50,0x00,0x9b,0x42,0x90,0x00,0x00,0xa6,0x30,0xf4,0x9a,
	0x42,0xe0,0x00,0x00,0xa7,0x04,0xf0,0x02,0xde,0xbf,0x03,0x00,
	0xa6,0x50,0x13,0x03,0x60,0xbc,0x01,0x00,0xb5,0x10,0x00,0x97,
	0x00,0xb0,0x00,0x00,0xb4,0xd0,0x04,0x23,0x60,0xbc,0x01,0x00,
	0xe0,0x11,0x00,0x07,0x60,0x84,0x01,0x00,0x0e,0x05,0xf0,0x02,
	0xde,0xbf,0x03,0x00,0xa1,0x17,0x00,0x4b,0x5e,0x08,0x01,0x00,
	0xb6,0x24,0x00,0x87,0x5e,0x68,0x00,0x00,0xb5,0x04,0x00,0x03,
	0x50,0x02,0x02,0x00,0xb2,0x04,0x00,0x9f,0x50,0x9e,0x02,0x00,
	0xb2,0x04,0x00,0x03,0xd0,0x01,0x02,0x00,0x89,0x37,0x00,0x27,
	0x5e,0xe0,0x00,0x00,0x2d,0x14,0x00,0x27,0x5e,0x58,0x01,0x00,
	0xee,0x10,0x00,0xb7,0x50,0xda,0x01,0x00,0x84,0x90,0x10,0x06,
	0x60,0x87,0x01,0x00,0xb6,0x04,0xf0,0x02,0xde,0xbf,0x03,0x00,
	0x2d,0x14,0x00,0x03,0x60,0xbc,0x01,0x00,0xa1,0x17,0x00,0x07,
	0xc1,0x04,0x01,0x00,0xb9,0x04,0xf0,0x02,0x5e,0x22,0x03,0x00,
	0xa1,0x17,0x00,0x53,0xde,0x03,0x01,0x00,0xa2,0x17,0x00,0x87,
	0x5e,0xb0,0x00,0x00,0xbc,0x04,0x00,0xff,0x5e,0x00,0x02,0x00,
	0xa2,0x37,0x00,0x03,0x60,0xbc,0x01,0x00,0xbe,0x04,0x00,0xaf,
	0x26,0x68,0x00,0x00,0xa2,0x37,0x00,0x03,0x60,0xbc,0x01,0x00,
	0xc1,0x04,0x00,0x4b,0x5e,0x88,0x02,0x00,0xc1,0x84,0x06,0x4b,
	0x5e,0x68,0x00,0x00,0xa2,0x17,0x00,0x03,0x60,0xbc,0x01,0x00,
	0x94,0x97,0xf2,0x86,0xde,0x83,0x01,0x00,0x27,0xf4,0x84,0x86,
	0xde,0x83,0x01,0x00,0xc8,0x04,0x00,0x13,0xc2,0x81,0x02,0x00,
	0xe3,0x10,0x00,0x8b,0x5e,0x86,0x01,0x00,0xc3,0x10,0x00,0x07,
	0x60,0x86,0x01,0x00,0x84,0x90,0x10,0x06,0xe0,0x81,0x01,0x00,
	0xca,0x04,0xf0,0x02,0xde,0xbf,0x03,0x00,0xe3,0x70,0x1c,0x8a,
	0x5e,0x86,0x01,0x00,0xc3,0x70,0x18,0x06,0x60,0x86,0x01,0x00,
	0x0a,0x05,0x00,0xa7,0x47,0xb8,0x02,0x00,0xce,0x04,0x00,0xb3,
	0xde,0x00,0x02,0x00,0xe3,0x70,0x1c,0x06,0xe0,0x87,0x01,0x00,
	0xc3,0x70,0x18,0x06,0xe0,0x87,0x01,0x00,0xa1,0x17,0x00,0x4b,
	0x5e,0x08,0x01,0x00,0x0b,0x25,0x00,0x87,0x5e,0x68,0x00,0x00,
	0xd3,0x04,0x00,0x9f,0x50,0x1e,0x02,0x00,0xe3,0x70,0x1c,0x06,
	0xe0,0x85,0x01,0x00,0xc3,0x70,0x18,0x06,0xe0,0x85,0x01,0x00,
	0xa1,0x17,0x00,0x63,0x00,0x14,0x01,0x00,0xe5,0x84,0x00,0x87,
	0xde,0x68,0x00,0x00,0xde,0x04,0x00,0xbf,0x00,0x01,0x02,0x00,
	0xa1,0x17,0x01,0x63,0x25,0x90,0x00,0x00,0xa1,0xd7,0x64,0x84,
	0x5e,0xa0,0x00,0x00,0xa2,0x17,0x08,0x0f,0x60,0xbc,0x01,0x00,
	0x65,0x50,0xf4,0x86,0x5e,0xe0,0x00,0x00,0xa1,0x17,0x00,0x9b,
	0x50,0xb0,0x00,0x00,0xe5,0x04,0xd0,0x86,0xde,0x68,0x00,0x00,
	0x80,0xf6,0x1f,0xff,0x63,0xbc,0x01,0x00,0xe3,0x04,0xf0,0x02,
	0xde,0xbf,0x03,0x00,0xa2,0x17,0x00,0x53,0x01,0xb0,0x00,0x00,
	0xe1,0xe4,0xff,0x8b,0xde,0x68,0x00,0x00,0xe2,0x24,0x00,0x47,
	0x42,0x68,0x00,0x00,0xe5,0xc4,0x84,0x8a,0xde,0x68,0x00,0x00,
	0x48,0x10,0x09,0x02,0x60,0x85,0x01,0x00,0xe3,0x70,0x1c,0x02,
	0xe0,0x86,0x01,0x00,0xc3,0x70,0x18,0x06,0xe0,0x86,0x01,0x00,
	0xa6,0x17,0x00,0x07,0x50,0x10,0x01,0x00,0x0b,0x05,0x00,0x9b,
	0x5e,0x68,0x00,0x00,0xe4,0x11,0x00,0x03,0x60,0xbc,0x01,0x00,
	0x80,0x17,0x00,0x07,0x50,0x3a,0x01,0x00,0x80,0x77,0x00,0x03,
	0x5e,0x88,0x00,0x00,0x64,0x10,0xf0,0xae,0x00,0xe0,0x00,0x00,
	0xf6,0x44,0x00,0x9b,0xde,0x68,0x00,0x00,0xf0,0x04,0x00,0x03,
	0xd0,0x07,0x02,0x00,0xa2,0x37,0x0a,0x27,0x60,0xbc,0x01,0x00,
	0xa3,0x37,0x0b,0x00,0x5e,0xe0,0x00,0x00,0x4d,0x0e,0xf0,0x02,
	0x5e,0x02,0x00,0x00,0x81,0x17,0x07,0x1f,0x60,0xbc,0x01,0x00,
	0x63,0x70,0x01,0x83,0x41,0xe0,0x00,0x00,0x65,0xb0,0x00,0x8f,
	0x41,0xe0,0x00,0x00,0x22,0x0e,0xf0,0x02,0x5e,0x02,0x00,0x00,
	0x64,0xd0,0x06,0x1f,0x60,0xbc,0x01,0x00,0xa2,0x17,0x00,0x47,
	0x60,0xbc,0x01,0x00,0x75,0x0e,0xf0,0x02,0x5e,0x02,0x00,0x00,
	0x0c,0x45,0x00,0x9b,0x5e,0x68,0x00,0x00,0xe0,0x71,0xf4,0x46,
	0x60,0xa4,0x01,0x00,0xfe,0x64,0x00,0x9b,0x5e,0x68,0x00,0x00,
	0xfe,0xa4,0x00,0x9b,0x5e,0x68,0x00,0x00,0xe2,0x11,0x00,0x2f,
	0x50,0xb0,0x00,0x00,0xe2,0x11,0x00,0x33,0x50,0xb0,0x00,0x00,
	0x0c,0x05,0xf0,0x02,0xde,0xbf,0x03,0x00,0xe8,0x11,0x3d,0x02,
	0x60,0x87,0x01,0x00,0x01,0xa5,0x00,0x9b,0xde,0x68,0x00,0x00,
	0xe8,0x11,0x3d,0x06,0x60,0x87,0x01,0x00,0x08,0x45,0x00,0x1b,
	0x42,0x20,0x00,0x00,0xea,0x11,0x00,0x03,0x60,0xbc,0x01,0x00,
	0x06,0x05,0x00,0x2b,0x50,0x88,0x02,0x00,0xeb,0x11,0x00,0x77,
	0x50,0xb0,0x00,0x00,0x08,0x05,0xf0,0x02,0xde,0xbf,0x03,0x00,
	0xa2,0x17,0x00,0x6f,0x50,0x3c,0x01,0x00,0xeb,0x51,0xf4,0x72,
	0x50,0xbc,0x01,0x00,0xa2,0xb7,0x00,0x1b,0xc2,0x92,0x01,0x00,
	0xe8,0x11,0x3d,0x8a,0x5e,0xb8,0x01,0x00,0x0c,0x05,0xf0,0x02,
	0xde,0xbf,0x03,0x00,0xe0,0x11,0x00,0x07,0x60,0x84,0x01,0x00,
	0x2d,0x11,0x00,0x03,0x60,0xbc,0x01,0x00,0x2c,0x14,0x00,0x83,
	0x44,0xb0,0x00,0x00,0x23,0x05,0xf0,0x02,0xde,0xa3,0x03,0x00,
	0x8e,0x17,0x00,0x03,0x60,0xbc,0x01,0x00,0x12,0xa5,0x05,0x4b,
	0x5e,0x68,0x00,0x00,0x1d,0x05,0x00,0x03,0x50,0x00,0x02,0x00,
	0x48,0x10,0x09,0x06,0xe0,0x83,0x01,0x00,0x00,0x18,0x00,0x23,
	0x41,0xb0,0x00,0x00,0xa1,0x17,0x00,0x47,0x1c,0xb0,0x00,0x00,
	0xe9,0x11,0xf0,0x02,0x5e,0x02,0x00,0x00,0x8e,0xb7,0x04,0x03,
	0x60,0xbc,0x01,0x00,0x22,0x05,0xf0,0x02,0x5e,0xa9,0x03,0x00,
	0x22,0x25,0x04,0x4b,0x5e,0x68,0x00,0x00,0x8e,0x37,0x06,0x03,
	0x60,0xbc,0x01,0x00,0x22,0xa5,0x05,0x4b,0x5e,0x68,0x00,0x00,
	0x8e,0xb7,0x06,0x03,0x60,0xbc,0x01,0x00,0x22,0x05,0xf0,0x02,
	0xde,0xbf,0x03,0x00,0xab,0x77,0xf5,0x06,0x60,0x81,0x01,0x00,
	0x85,0x17,0x00,0x0f,0x5e,0xb0,0x00,0x00,0xca,0x0d,0xf0,0x02,
	0x5e,0x02,0x00,0x00,0x8c,0x17,0x00,0x03,0x60,0xbc,0x01,0x00,
	0x8d,0x17,0x00,0x03,0x60,0xbc,0x01,0x00,0x26,0x05,0xf0,0x02,
	0xde,0x23,0x03,0x00,0x83,0x70,0x10,0x06,0xe0,0x87,0x01,0x00,
	0x26,0x05,0x00,0xb3,0xde,0x00,0x02,0x00,0x83,0x30,0x00,0x03,
	0x62,0xbc,0x01,0x00,0x38,0x85,0x00,0xa7,0x00,0x6d,0x00,0x00,
	0x38,0x05,0xf0,0x02,0x5e,0x29,0x03,0x00,0x35,0x05,0x00,0xc7,
	0x00,0x03,0x02,0x00,0x65,0x10,0x00,0xcb,0x50,0xb0,0x00,0x00,
	0x2d,0x05,0x00,0xc7,0xd0,0x82,0x02,0x00,0x88,0x36,0x00,0x23,
	0x5a,0xe0,0x00,0x00,0x2e,0x05,0xf0,0x02,0xde,0xbf,0x03,0x00,
	0x89,0x36,0x00,0x27,0x5a,0xe0,0x00,0x00,0x35,0x25,0x00,0xb7,
	0x28,0x68,0x00,0x00,0xb2,0x37,0x00,0xcb,0x5e,0xe0,0x00,0x00,
	0xa1,0x17,0x00,0xcb,0x5e,0x0a,0x01,0x00,0x65,0x30,0xf4,0xca,
	0x50,0xe0,0x00,0x00,0xa2,0x57,0xf6,0x06,0x60,0xd0,0x00,0x00,
	0x35,0x45,0xf4,0x1a,0x5a,0x20,0x00,0x00,0x2f,0x05,0xf0,0x02,
	0xde,0xbf,0x03,0x00,0xdb,0x0f,0xf0,0x02,0x5e,0x02,0x00,0x00,
	0x35,0x05,0xf0,0x02,0xde,0x50,0x03,0x00,0x62,0x05,0xf0,0x02,
	0xde,0xbf,0x03,0x00,0x3a,0x05,0x00,0xaf,0x5e,0x05,0x02,0x00,
	0x33,0x71,0x26,0x06,0xe0,0x87,0x01,0x00,0xa1,0x57,0x07,0x07,
	0x60,0xbc,0x01,0x00,0xa2,0x17,0x00,0xcb,0x28,0xb0,0x00,0x00,
	0xd8,0x00,0xf0,0x02,0x5e,0x02,0x00,0x00,0xa1,0x17,0x00,0x2b,
	0x42,0x10,0x01,0x00,0xa2,0x97,0x46,0x05,0xe0,0x85,0x01,0x00,
	0x42,0x65,0x00,0x87,0x5e,0x68,0x00,0x00,0x44,0x45,0x00,0x87,
	0xde,0x68,0x00,0x00,0xa2,0x97,0x46,0x01,0xe0,0x85,0x01,0x00,
	0xa1,0x17,0x16,0x03,0x60,0xbc,0x01,0x00,0xd8,0x00,0xf0,0x02,
	0x5e,0x02,0x00,0x00,0x02,0x00,0x00,0x23,0xc5,0x85,0x02,0x00,
	0x15,0x11,0x00,0x03,0x60,0xbc,0x01,0x00,0xa1,0x77,0x10,0x07,
	0x60,0xbc,0x01,0x00,0xd3,0x00,0xf0,0x02,0x5e,0x02,0x00,0x00,
	0xa2,0xf7,0x03,0x67,0x40,0xa0,0x00,0x00,0x47,0x25,0x02,0x8b,
	0x5e,0x68,0x00,0x00,0x82,0x11,0x02,0x03,0x60,0xbc,0x01,0x00,
	0x02,0x00,0xf0,0x02,0xde,0xbf,0x03,0x00,0x31,0x34,0x86,0x0a,
	0x60,0x90,0x01,0x00,0x55,0x05,0x00,0xc7,0xd0,0x82,0x02,0x00,
	0x80,0x17,0x00,0x27,0x50,0x3c,0x01,0x00,0x81,0x17,0x00,0x2b,
	0x50,0x09,0x01,0x00,0xa1,0x17,0x00,0x07,0x50,0x07,0x01,0x00,
	0x81,0x37,0xf0,0x86,0x5e,0x82,0x01,0x00,0x8a,0x10,0x00,0x1f,
	0x50,0xb0,0x00,0x00,0x16,0x11,0x00,0x0f,0x50,0xb0,0x00,0x00,
	0x5b,0x05,0xf0,0x02,0xde,0xbf,0x03,0x00,0x80,0x17,0x00,0x5f,
	0x50,0x38,0x01,0x00,0x81,0x17,0x00,0x2b,0x50,0x0a,0x01,0x00,
	0xa1,0x17,0x00,0x07,0xd0,0x07,0x01,0x00,0x81,0x37,0xf0,0x86,
	0x5e,0x82,0x01,0x00,0x8a,0x10,0x00,0x23,0x50,0xb0,0x00,0x00,
	0x16,0x11,0x00,0x5b,0x50,0xb0,0x00,0x00,0x60,0x05,0x00,0xc7,
	0x50,0x80,0x02,0x00,0x92,0xb7,0x05,0x03,0x60,0xbc,0x01,0x00,
	0xca,0x02,0xf0,0x02,0xde,0xbf,0x03,0x00,0x31,0x34,0x86,0x06,
	0x60,0x90,0x01,0x00,0x4d,0x05,0xf0,0x02,0xde,0xbf,0x03,0x00,
	0x92,0x37,0x06,0x03,0x60,0xbc,0x01,0x00,0xca,0x02,0xf0,0x02,
	0xde,0xbf,0x03,0x00,0x90,0x05,0x00,0xe3,0xc2,0x01,0x02,0x00,
	0x67,0x05,0x00,0xc7,0x00,0x03,0x02,0x00,0x77,0x25,0x00,0xb7,
	0x28,0x68,0x00,0x00,0x77,0x45,0xf6,0x46,0x42,0x6e,0x00,0x00,
	0x69,0x05,0xf0,0x02,0xde,0xbf,0x03,0x00,0x77,0x25,0x00,0x47,
	0x42,0x6e,0x00,0x00,0x74,0x05,0x00,0xc7,0x00,0x03,0x02,0x00,
	0x69,0x05,0xf0,0x02,0xde,0x55,0x03,0x00,0x30,0x14,0x86,0x02,
	0x60,0x80,0x01,0x00,0xa1,0x17,0x00,0x83,0x50,0x38,0x01,0x00,
	0x65,0x10,0x00,0xcb,0x50,0xb0,0x00,0x00,0xa1,0x2a,0xf4,0x32,
	0xda,0x6d,0x00,0x00,0x48,0x10,0x14,0x23,0x41,0xa8,0x00,0x00,
	0x65,0x10,0x00,0x63,0x00,0x14,0x01,0x00,0x65,0xd0,0x0e,0x97,
	0x41,0xe0,0x00,0x00,0x80,0x36,0x00,0x03,0x5a,0xe0,0x00,0x00,
	0xe0,0x11,0x00,0x1f,0x62,0xbc,0x01,0x00,0x11,0x00,0xf0,0x02,
	0xde,0xbf,0x03,0x00,0x31,0x34,0x86,0x06,0xe0,0x81,0x01,0x00,
	0x27,0xf4,0x84,0x0e,0x60,0x91,0x01,0x00,0x90,0x05,0xf0,0x02,
	0xde,0xbf,0x03,0x00,0xa1,0x17,0x00,0x67,0x50,0x3c,0x01,0x00,
	0xba,0x50,0x17,0x86,0x5e,0xbc,0x01,0x00,0xb8,0x90,0x01,0x03,
	0x60,0xbc,0x01,0x00,0x84,0x05,0x00,0xc7,0x00,0x03,0x02,0x00,
	0x7f,0x25,0x00,0xb7,0xa8,0x68,0x00,0x00,0xb8,0x10,0x17,0x02,
	0xe0,0x81,0x01,0x00,0x7d,0x05,0xf0,0x02,0xde,0x50,0x03,0x00,
	0x90,0x05,0xf0,0x02,0xde,0xbf,0x03,0x00,0x2d,0x2a,0x00,0xb7,
	0x28,0xe8,0x00,0x00,0xb5,0x10,0x00,0xcb,0x5e,0xb0,0x00,0x00,
	0xb4,0x70,0x08,0x63,0x00,0xb0,0x00,0x00,0x82,0x05,0x00,0xd3,
	0x42,0x83,0x02,0x00,0x85,0x05,0xf0,0x02,0xde,0xbf,0x03,0x00,
	0xa0,0x10,0x03,0x04,0xe0,0x86,0x01,0x00,0x9a,0x01,0xf0,0x02,
	0x5e,0x02,0x00,0x00,0x86,0x05,0xf0,0x02,0xde,0x50,0x03,0x00,
	0x49,0x03,0x00,0xa3,0x47,0x00,0x02,0x00,0xea,0x11,0x00,0x03,
	0x60,0xbc,0x01,0x00,0x8c,0x05,0x00,0x2b,0x50,0x88,0x02,0x00,
	0xeb,0x11,0x00,0x77,0x50,0xb0,0x00,0x00,0x8e,0x05,0xf0,0x02,
	0xde,0xbf,0x03,0x00,0xa2,0x17,0x00,0x6f,0x50,0x3c,0x01,0x00,
	0xeb,0x51,0xf4,0x72,0x50,0xbc,0x01,0x00,0xe8,0xd1,0x00,0xa3,
	0x47,0xb0,0x00,0x00,0x49,0x03,0xf0,0x02,0xde,0xbf,0x03,0x00,
	0xa5,0xf0,0x00,0x03,0x60,0xbc,0x01,0x00,0x32,0x0a,0x19,0x03,
	0x60,0xbc,0x01,0x00,0x48,0x10,0x09,0x02,0xe0,0x82,0x01,0x00,
	0xe0,0x11,0x00,0x1f,0x62,0xbc,0x01,0x00,0xe8,0x11,0x00,0x0f,
	0x60,0xbc,0x01,0x00,0x97,0x05,0x00,0x0b,0x50,0x85,0x02,0x00,
	0x48,0x10,0x09,0x02,0x60,0x82,0x01,0x00,0x9b,0x05,0xf0,0x02,
	0xde,0xa0,0x03,0x00,0xa1,0x0a,0xf0,0x02,0xde,0xd5,0x03,0x00,
	0xb4,0x0a,0xf0,0x02,0xde,0xd6,0x03,0x00,0x9d,0x05,0xf0,0x02,
	0x5e,0x20,0x03,0x00,0x48,0x10,0x09,0x02,0x60,0x88,0x01,0x00,
	0x11,0x00,0xf0,0x02,0xde,0xbf,0x03,0x00,0xa1,0x37,0x00,0x03,
	0x60,0xbc,0x01,0x00,0xbc,0x0c,0xf0,0x02,0x5e,0x02,0x00,0x00,
	0xa4,0x05,0x00,0x1b,0x42,0x08,0x02,0x00,0xa4,0x05,0xf0,0x02,
	0xde,0x23,0x03,0x00,0xa1,0x77,0x06,0x33,0x60,0xbc,0x01,0x00,
	0xa2,0x17,0x00,0xd3,0x00,0xb0,0x00,0x00,0xd8,0x00,0xf0,0x02,
	0x5e,0x02,0x00,0x00,0x11,0x00,0xf0,0x02,0xde,0xa3,0x03,0x00,
	0xad,0x05,0x00,0xc7,0x50,0x00,0x02,0x00,0x80,0x10,0x00,0x03,
	0x60,0xbc,0x01,0x00,0x48,0x10,0x09,0x06,0x60,0x82,0x01,0x00,
	0x31,0x34,0x86,0x02,0x60,0x80,0x01,0x00,0xa1,0x17,0x00,0x07,
	0xc1,0x04,0x01,0x00,0x94,0x97,0xf2,0x86,0xde,0x83,0x01,0x00,
	0x72,0x20,0x00,0xcb,0x01,0xe0,0x00,0x00,0xbd,0x01,0xf0,0x02,
	0xde,0xbf,0x03,0x00,0xa1,0x17,0x00,0x0b,0x01,0xb0,0x00,0x00,
	0xdf,0x05,0x08,0x84,0xde,0x6d,0x00,0x00,0xa1,0x77,0x08,0x64,
	0x44,0xe8,0x00,0x00,0xdf,0x25,0x08,0x84,0x5e,0x6e,0x00,0x00,
	0xab,0x77,0xf5,0x06,0xe0,0x87,0x01,0x00,0xbd,0x05,0x00,0xbf,
	0x00,0x02,0x02,0x00,0xa1,0x17,0x00,0x0b,0x50,0x29,0x01,0x00,
	0xbd,0x05,0x02,0x87,0xde,0x68,0x00,0x00,0xbc,0x05,0x00,0x73,
	0xc5,0x03,0x02,0x00,0xbc,0x05,0x00,0xb3,0xde,0x83,0x02,0x00,
	0xb9,0x05,0x00,0xbb,0xde,0x82,0x02,0x00,0xbd,0x05,0x00,0x47,
	0x26,0x68,0x00,0x00,0xbd,0xe5,0x01,0x2f,0xde,0x6d,0x00,0x00,
	0xbf,0xf7,0xf7,0x06,0xe0,0x82,0x01,0x00,0x81,0x49,0x30,0x65,
	0x44,0xe0,0x00,0x00,0x11,0x00,0xf0,0x02,0xde,0xbf,0x03,0x00,
	0xdf,0x05,0xf0,0x02,0xde,0xbf,0x03,0x00,0xd1,0x05,0x00,0xaf,
	0x5e,0x82,0x02,0x00,0xab,0x77,0xf5,0x06,0x60,0x82,0x01,0x00,
	0x20,0x07,0x00,0x67,0x44,0xb0,0x00,0x00,0xa2,0x17,0x00,0x4b,
	0x01,0xb0,0x00,0x00,0xc4,0x05,0x00,0x1b,0x42,0x08,0x02,0x00,
	0xa2,0x17,0x00,0x6b,0x01,0xb0,0x00,0x00,0xca,0x05,0x00,0x8b,
	0x5e,0x68,0x00,0x00,0xa1,0x97,0x00,0x2b,0x45,0x90,0x00,0x00,
	0xa1,0x57,0xf4,0x86,0xde,0x80,0x00,0x00,0xca,0xa5,0x0d,0xca,
	0x1c,0x6e,0x00,0x00,0x32,0x07,0x00,0xb7,0x41,0xb0,0x00,0x00,
	0x33,0x27,0x23,0xca,0x1c,0xe0,0x00,0x00,0xcc,0x05,0x00,0xaf,
	0x5e,0x05,0x02,0x00,0x33,0x11,0x00,0x03,0x61,0xbc,0x01,0x00,
	0x60,0x43,0x29,0x82,0x0d,0xe1,0x00,0x00,0x61,0x03,0x00,0x87,
	0x8d,0xe0,0x00,0x00,0xa1,0x17,0x16,0x03,0x60,0xbc,0x01,0x00,
	0xa2,0x17,0x00,0xd3,0x28,0xb0,0x00,0x00,0xd8,0x00,0xf0,0x02,
	0x5e,0x02,0x00,0x00,0xa5,0x17,0xe4,0x64,0x44,0xe8,0x00,0x00,
	0x9c,0x00,0x01,0x97,0x5e,0x6d,0x00,0x00,0x8c,0x49,0x2f,0x65,
	0x44,0xe0,0x00,0x00,0xdd,0x05,0x00,0xbf,0x00,0x02,0x02,0x00,
	0xd7,0xa5,0x06,0x4b,0xde,0x68,0x00,0x00,0xbf,0xf7,0xf7,0x02,
	0xe0,0x84,0x01,0x00,0xdc,0x0f,0xf0,0x02,0x5e,0x02,0x00,0x00,
	0xdb,0x05,0x00,0xb3,0x5e,0x04,0x02,0x00,0xdb,0x25,0x06,0x4b,
	0xde,0x68,0x00,0x00,0x3d,0x11,0xf0,0x02,0x5e,0x02,0x00,0x00,
	0xdd,0x05,0xf0,0x02,0xde,0xa3,0x03,0x00,0xac,0x97,0xf5,0x02,
	0xe0,0x83,0x01,0x00,0xab,0x77,0xf5,0x02,0x60,0x82,0x01,0x00,
	0x02,0x00,0xf0,0x02,0x5e,0xd1,0x03,0x00,0x39,0x06,0x00,0xc3,
	0x50,0x00,0x02,0x00,0xe3,0x05,0xf0,0x02,0xde,0x25,0x03,0x00,
	0x27,0xf4,0x84,0x06,0x60,0x83,0x01,0x00,0x15,0x06,0xf0,0x02,
	0xde,0xbf,0x03,0x00,0x13,0x06,0x00,0x03,0xd0,0x0c,0x02,0x00,
	0x02,0x06,0x00,0xc7,0x00,0x03,0x02,0x00,0xa1,0x17,0x00,0x63,
	0x00,0x14,0x01,0x00,0x13,0x86,0x00,0x87,0xde,0x6d,0x00,0x00,
	0x80,0x17,0x00,0x03,0x60,0xbc,0x01,0x00,0x65,0x10,0x00,0xcb,
	0x50,0xb0,0x00,0x00,0x64,0x10,0x00,0xcf,0x50,0xb0,0x00,0x00,
	0x6c,0x90,0x0d,0x06,0x60,0x81,0x01,0x00,0x31,0x34,0x86,0x06,
	0x60,0x82,0x01,0x00,0xa1,0x17,0x00,0x23,0x5a,0xb0,0x00,0x00,
	0x88,0x16,0x00,0x03,0x60,0xbc,0x01,0x00,0xa1,0x37,0xf4,0x2a,
	0x5a,0xbc,0x01,0x00,0x8a,0x16,0x00,0x03,0x60,0xbc,0x01,0x00,
	0x8f,0x14,0x00,0x87,0x5e,0xb0,0x00,0x00,0xa1,0x17,0x00,0x27,
	0x5a,0xb0,0x00,0x00,0x89,0x16,0x00,0x03,0x60,0xbc,0x01,0x00,
	0xa1,0x37,0xf4,0x2e,0x5a,0xbc,0x01,0x00,0x8b,0x16,0x00,0x03,
	0x60,0xbc,0x01,0x00,0x90,0x14,0x00,0x87,0x5e,0xb0,0x00,0x00,
	0x8d,0x14,0x00,0x1b,0x5a,0xb0,0x00,0x00,0x8e,0x14,0x00,0x1f,
	0x5a,0xb0,0x00,0x00,0x04,0x16,0x00,0x03,0x60,0xbc,0x01,0x00,
	0xff,0x05,0x00,0x03,0xde,0x68,0x00,0x00,0xfe,0x05,0x00,0xc7,
	0x50,0x03,0x02,0x00,0x80,0x17,0x00,0x9f,0x50,0x00,0x01,0x00,
	0x8d,0xb4,0x91,0x02,0x5e,0x80,0x01,0x00,0x90,0x14,0x92,0x02,
	0x5e,0xbc,0x01,0x00,0x80,0x37,0x00,0x03,0x60,0xbc,0x01,0x00,
	0x97,0x12,0xf0,0x02,0x5e,0x02,0x00,0x00,0x8c,0x14,0x00,0x03,
	0x5e,0xb0,0x00,0x00,0x0e,0x06,0xf0,0x02,0xde,0xbf,0x03,0x00,
	0x07,0x06,0x00,0x47,0xc2,0x68,0x00,0x00,0x31,0x34,0x86,0x06,
	0xe0,0x81,0x01,0x00,0x27,0xf4,0x84,0x0e,0x60,0x91,0x01,0x00,
	0x30,0x14,0x00,0x03,0x60,0xbc,0x01,0x00,0x02,0x00,0xf0,0x02,
	0xde,0xbf,0x03,0x00,0xa1,0x17,0x00,0x9f,0x50,0xb0,0x00,0x00,
	0x99,0x01,0xf0,0x02,0x5e,0x02,0x00,0x00,0x27,0x14,0x00,0x87,
	0x5e,0xb0,0x00,0x00,0xa0,0x10,0x03,0x04,0xe0,0x86,0x01,0x00,
	0x00,0x18,0x00,0x83,0x42,0xb0,0x00,0x00,0xa1,0x17,0x00,0x03,
	0xd0,0x0c,0x01,0x00,0x02,0x66,0x00,0x87,0xde,0x68,0x00,0x00,
	0xa1,0x17,0x00,0xc7,0x50,0x02,0x01,0x00,0x27,0xf4,0x84,0x86,
	0x5e,0x80,0x01,0x00,0x27,0xf4,0x84,0x0e,0xe0,0x8a,0x01,0x00,
	0x26,0x14,0x00,0xbf,0x50,0xb0,0x00,0x00,0x15,0x06,0xf0,0x02,
	0xde,0xbf,0x03,0x00,0xa0,0x10,0x03,0x04,0xe0,0x86,0x01,0x00,
	0x15,0x06,0x00,0x9f,0x50,0x00,0x02,0x00,0x34,0x06,0x00,0x07,
	0xc1,0x86,0x02,0x00,0x1a,0x06,0xf0,0x02,0x5e,0x29,0x03,0x00,
	0x2d,0x14,0x00,0x33,0x52,0xb0,0x00,0x00,0xa1,0x17,0x00,0x37,
	0x52,0xb0,0x00,0x00,0x27,0xf4,0x84,0x86,0x5e,0x9e,0x01,0x00,
	0xa1,0x17,0x00,0x9f,0x50,0xb0,0x00,0x00,0xa1,0x37,0xf4,0x86,
	0xde,0x80,0x01,0x00,0x1b,0x0e,0xf0,0x02,0x5e,0x02,0x00,0x00,
	0x27,0x06,0x00,0xbf,0x80,0x07,0x02,0x00,0x17,0x27,0xf4,0x02,
	0x60,0x80,0x01,0x00,0x18,0x07,0x00,0x9b,0x50,0xb0,0x00,0x00,
	0x19,0x07,0x00,0xb7,0x50,0xb0,0x00,0x00,0x1a,0x07,0x00,0xbb,
	0x50,0xb0,0x00,0x00,0x1b,0x07,0x00,0x9b,0x50,0xb0,0x00,0x00,
	0x1d,0x07,0x00,0x63,0x00,0xb0,0x00,0x00,0x1c,0x07,0x00,0x83,
	0x41,0xb0,0x00,0x00,0xac,0x97,0xf5,0x06,0x60,0x80,0x01,0x00,
	0x34,0x06,0xf0,0x02,0xde,0xbf,0x03,0x00,0x8f,0x10,0x00,0xbb,
	0x50,0xb0,0x00,0x00,0x8e,0x10,0x00,0xb7,0x50,0xb0,0x00,0x00,
	0x8d,0x10,0x00,0x9b,0x50,0xb0,0x00,0x00,0x8c,0x30,0xf4,0x06,
	0x60,0x80,0x01,0x00,0x33,0x06,0x00,0xc7,0x50,0x02,0x02,0x00,
	0x8f,0x10,0x00,0x43,0x52,0xb0,0x00,0x00,0x8e,0x10,0x00,0x3f,
	0x52,0xb0,0x00,0x00,0x8d,0x10,0x00,0x3b,0x52,0xb0,0x00,0x00,
	0xa1,0x17,0x00,0x37,0x52,0x1a,0x01,0x00,0xa1,0x37,0x04,0x87,
	0xde,0x98,0x01,0x00,0x8c,0xb0,0x91,0x86,0x5e,0xb8,0x01,0x00,
	0x31,0x34,0x86,0x02,0x60,0x82,0x01,0x00,0x6c,0x90,0x0d,0x02,
	0x60,0x81,0x01,0x00,0x37,0x06,0xf0,0x02,0xde,0x25,0x03,0x00,
	0x27,0xf4,0x84,0x02,0x60,0x9c,0x01,0x00,0x3b,0x06,0xf0,0x02,
	0xde,0xbf,0x03,0x00,0x39,0x06,0x00,0x0b,0x50,0x85,0x02,0x00,
	0x31,0x14,0x0d,0xc7,0x50,0xa8,0x00,0x00,0x30,0x14,0x00,0x03,
	0x60,0xbc,0x01,0x00,0xae,0xd7,0xf5,0x02,0x60,0x81,0x01,0x00,
	0x27,0xf4,0x84,0x02,0x60,0x83,0x01,0x00,0x48,0x10,0x09,0x02,
	0xe0,0x85,0x01,0x00,0x2e,0x14,0x00,0x03,0x60,0xbc,0x01,0x00,
	0xbd,0x01,0xf0,0x02,0x5e,0xa2,0x03,0x00,0x11,0x00,0xf0,0x02,
	0xde,0xbf,0x03,0x00,0xa6,0x06,0xf0,0x02,0xde,0x23,0x03,0x00,
	0xa6,0x06,0xf0,0x02,0x5e,0xa3,0x03,0x00,0xa6,0x06,0xf0,0x02,
	0xde,0xa2,0x03,0x00,0xab,0x77,0xf5,0x06,0x60,0x81,0x01,0x00,
	0xa6,0x06,0xf0,0x02,0x5e,0xaa,0x03,0x00,0x48,0x10,0x09,0x02,
	0xe0,0x83,0x01,0x00,0x63,0x06,0xf0,0x02,0xde,0x51,0x03,0x00,
	0xa9,0x06,0x00,0xb3,0xde,0x80,0x02,0x00,0x51,0x06,0x00,0xb3,
	0x5e,0x04,0x02,0x00,0xac,0x97,0xf5,0x02,0x60,0x84,0x01,0x00,
	0x48,0x10,0x09,0x02,0xe0,0x83,0x01,0x00,0xa1,0x17,0x00,0x9f,
	0x26,0xb0,0x00,0x00,0x02,0x20,0xf4,0x4e,0x26,0x6d,0x00,0x00,
	0x9e,0x20,0x00,0x7b,0x02,0xe0,0x00,0x00,0x93,0x09,0x00,0x03,
	0x60,0xbc,0x01,0x00,0x40,0x11,0xf0,0x02,0x5e,0x02,0x00,0x00,
	0x02,0x00,0xf0,0x02,0xde,0xbf,0x03,0x00,0x61,0x06,0x00,0xb3,
	0xde,0x03,0x02,0x00,0xac,0x97,0xf5,0x02,0xe0,0x83,0x01,0x00,
	0x76,0x29,0x00,0xdb,0x25,0xe0,0x00,0x00,0x61,0x06,0x00,0xbb,
	0x5e,0x01,0x02,0x00,0xa1,0x17,0x00,0xdf,0x25,0xb0,0x00,0x00,
	0x5c,0x26,0xf4,0xda,0x25,0x6d,0x00,0x00,0x76,0x09,0x00,0x03,
	0x60,0xbc,0x01,0x00,0x9f,0x20,0x00,0x7f,0x02,0xe0,0x00,0x00,
	0x5f,0x06,0xf0,0x02,0x5e,0xa9,0x03,0x00,0x27,0xf4,0x84,0x1a,
	0x60,0x91,0x01,0x00,0x12,0x03,0xf0,0x02,0xde,0xbf,0x03,0x00,
	0xa1,0xf7,0x1f,0xff,0x63,0xbc,0x01,0x00,0xbc,0x0c,0xf0,0x02,
	0x5e,0x02,0x00,0x00,0x61,0x06,0xf0,0x02,0x5e,0x29,0x03,0x00,
	0x27,0xf4,0x84,0x1a,0x60,0x91,0x01,0x00,0x61,0x06,0xf0,0x02,
	0xde,0xbf,0x03,0x00,0x9a,0x20,0x00,0x6b,0x02,0xe0,0x00,0x00,
	0x68,0x06,0xf0,0x02,0xde,0xbf,0x03,0x00,0x66,0x06,0xf0,0x02,
	0xde,0x01,0x03,0x00,0x66,0x26,0x06,0x4f,0x5e,0x68,0x00,0x00,
	0xa8,0x17,0x00,0x03,0x60,0xbc,0x01,0x00,0x68,0x06,0xf0,0x02,
	0x5e,0xa4,0x03,0x00,0xa9,0x06,0xf0,0x02,0xde,0xc1,0x03,0x00,
	0x48,0x10,0x09,0x02,0x60,0x84,0x01,0x00,0x6d,0x06,0x00,0xbf,
	0x00,0x04,0x02,0x00,0x15,0x11,0x00,0x03,0x60,0xbc,0x01,0x00,
	0xa1,0x17,0x00,0x63,0x00,0x14,0x01,0x00,0x65,0x30,0xf4,0x02,
	0x66,0xe0,0x00,0x00,0xd2,0x0d,0xf0,0x02,0x5e,0x02,0x00,0x00,
	0x48,0x10,0x09,0x02,0x60,0x82,0x01,0x00,0x88,0x06,0xf0,0x02,
	0x5e,0xa9,0x03,0x00,0x78,0xa6,0x04,0x3b,0x5e,0x68,0x00,0x00,
	0x85,0x37,0x00,0x17,0xde,0xf0,0x01,0x00,0x85,0x97,0xf0,0x16,
	0x5e,0xa0,0x00,0x00,0x78,0x26,0x06,0x3b,0x5e,0x68,0x00,0x00,
	0x77,0x06,0x00,0x03,0x50,0x01,0x02,0x00,0x77,0x06,0x00,0xbf,
	0x80,0x87,0x02,0x00,0x48,0x10,0x09,0x06,0xe0,0x85,0x01,0x00,
	0x88,0x06,0x00,0x03,0xd0,0x80,0x02,0x00,0xa3,0x17,0x00,0x1b,
	0x5e,0xb0,0x00,0x00,0xa4,0x17,0x00,0x8b,0x00,0xb0,0x00,0x00,
	0x7e,0x06,0x00,0xbf,0x00,0x04,0x02,0x00,0x7e,0x66,0x30,0x97,
	0x41,0x6e,0x00,0x00,0xa3,0x17,0x00,0x03,0x5a,0x18,0x01,0x00,
	0xa4,0x17,0x00,0x03,0x5a,0x1a,0x01,0x00,0x81,0x06,0x18,0x83,
	0xc1,0x68,0x00,0x00,0xa4,0x20,0x00,0x93,0x02,0xe0,0x00,0x00,
	0x83,0x06,0xf0,0x02,0xde,0xbf,0x03,0x00,0x83,0x86,0xf4,0x2e,
	0x5e,0x6d,0x00,0x00,0x31,0x34,0x86,0x06,0xe0,0x82,0x01,0x00,
	0x8c,0x37,0x00,0x33,0x5e,0xe0,0x00,0x00,0x86,0x66,0xf4,0x32,
	0xde,0x68,0x00,0x00,0x85,0x17,0x00,0x0f,0x5e,0xb0,0x00,0x00,
	0x94,0x66,0xf4,0x2e,0xde,0x6d,0x00,0x00,0xa1,0x06,0xf0,0x02,
	0xde,0xbf,0x03,0x00,0xa3,0x17,0x00,0x1f,0x5e,0xb0,0x00,0x00,
	0xa4,0x17,0x00,0x8f,0x00,0xb0,0x00,0x00,0x8e,0x06,0x00,0xbf,
	0x00,0x04,0x02,0x00,0x8e,0x66,0x30,0x97,0x41,0x6e,0x00,0x00,
	0xa3,0x17,0x00,0x03,0x5a,0x1c,0x01,0x00,0xa4,0x17,0x00,0x03,
	0x5a,0x1e,0x01,0x00,0x90,0x86,0xf4,0x2e,0x5e,0x6d,0x00,0x00,
	0x31,0x34,0x86,0x06,0xe0,0x82,0x01,0x00,0x8d,0x37,0x00,0x37,
	0x5e,0xe0,0x00,0x00,0x93,0x66,0xf4,0x36,0xde,0x68,0x00,0x00,
	0x85,0x17,0x00,0x0f,0x5e,0xb0,0x00,0x00,0xa1,0x66,0xf4,0x2e,
	0x5e,0x6d,0x00,0x00,0x48,0x10,0x09,0x02,0xe0,0x85,0x01,0x00,
	0x96,0x06,0xf0,0x02,0xde,0xd1,0x03,0x00,0x9b,0x86,0x04,0x4b,
	0x5e,0x68,0x00,0x00,0xca,0x0d,0xf0,0x02,0x5e,0x02,0x00,0x00,
	0xc1,0x06,0x18,0x83,0x41,0x68,0x00,0x00,0x31,0x34,0x86,0x06,
	0xe0,0x81,0x01,0x00,0xdf,0x05,0xf0,0x02,0xde,0xbf,0x03,0x00,
	0xf2,0x11,0x00,0x4f,0x50,0xb0,0x00,0x00,0xf3,0x11,0x00,0x53,
	0x50,0xb0,0x00,0x00,0xf4,0x11,0x00,0x57,0x50,0xb0,0x00,0x00,
	0xf5,0x11,0x01,0x03,0x60,0xbc,0x01,0x00,0xf0,0x51,0x00,0x03,
	0x60,0xbc,0x01,0x00,0xdf,0x05,0xf0,0x02,0xde,0xbf,0x03,0x00,
	0xca,0x0d,0xf0,0x02,0x5e,0x02,0x00,0x00,0x48,0x10,0x09,0x02,
	0x60,0x81,0x01,0x00,0xa6,0x06,0xf0,0x02,0x5e,0x29,0x03,0x00,
	0x21,0x12,0x00,0xc7,0x00,0x83,0x02,0x00,0xdf,0x05,0xf0,0x02,
	0xde,0xbf,0x03,0x00,0xa7,0x06,0xf0,0x02,0xde,0xd1,0x03,0x00,
	0xdf,0x05,0xf0,0x02,0xde,0xa5,0x03,0x00,0x11,0x00,0xf0,0x02,
	0xde,0xbf,0x03,0x00,0xaf,0x06,0x00,0x03,0x50,0x06,0x02,0x00,
	0xa1,0x17,0x00,0x0b,0x01,0xb0,0x00,0x00,0xaf,0x06,0x08,0x84,
	0xde,0x6d,0x00,0x00,0xa1,0x77,0x08,0x64,0x44,0xe8,0x00,0x00,
	0xaf,0x26,0x08,0x84,0x5e,0x6e,0x00,0x00,0xab,0x77,0xf5,0x06,
	0xe0,0x87,0x01,0x00,0xa1,0x17,0x00,0x4b,0x5e,0x08,0x01,0x00,
	0xb2,0x26,0x00,0x87,0x5e,0x68,0x00,0x00,0x85,0x17,0x00,0x0f,
	0x5e,0xb0,0x00,0x00,0xca,0x0d,0xf0,0x02,0x5e,0x02,0x00,0x00,
	0xb8,0x26,0x06,0x3b,0x5e,0x68,0x00,0x00,0x8c,0x17,0x00,0x03,
	0x60,0xbc,0x01,0x00,0xba,0x06,0x00,0x03,0xd0,0x00,0x02,0x00,
	0x8d,0x17,0x00,0x03,0x60,0xbc,0x01,0x00,0xba,0x06,0xf0,0x02,
	0xde,0xbf,0x03,0x00,0x8c,0x17,0x00,0x03,0x60,0xbc,0x01,0x00,
	0xbd,0x01,0xf0,0x02,0xde,0xbf,0x03,0x00,0xc0,0x06,0x18,0x83,
	0x41,0x68,0x00,0x00,0x27,0xf4,0x84,0x06,0x60,0x80,0x01,0x00,
	0xdf,0x05,0xf0,0x02,0x5e,0x29,0x03,0x00,0x31,0x34,0x86,0x06,
	0x60,0x82,0x01,0x00,0x21,0x12,0x00,0xc7,0x00,0x83,0x02,0x00,
	0xdf,0x05,0xf0,0x02,0xde,0xbf,0x03,0x00,0xa5,0x20,0x00,0x97,
	0x02,0xe0,0x00,0x00,0x48,0x10,0x09,0x02,0x60,0x81,0x01,0x00,
	0x16,0x07,0x00,0x03,0x60,0xbc,0x01,0x00,0xc7,0x06,0x00,0xbf,
	0x00,0x01,0x02,0x00,0x25,0x23,0x00,0x97,0x0c,0xe8,0x00,0x00,
	0x90,0x37,0x00,0x43,0x5e,0xe0,0x00,0x00,0x11,0x00,0x00,0x97,
	0x0c,0x6a,0x00,0x00,0x5e,0xa0,0x00,0x7b,0x01,0xe0,0x00,0x00,
	0xa1,0x17,0x19,0x13,0x60,0xbc,0x01,0x00,0x11,0x20,0xf4,0x7a,
	0x01,0x6d,0x00,0x00,0x5e,0x80,0x11,0x13,0x60,0xbc,0x01,0x00,
	0x11,0x00,0xf0,0x02,0xde,0xbf,0x03,0x00,0x63,0x0b,0xf0,0x02,
	0x5e,0x02,0x00,0x00,0x11,0x00,0xf0,0x02,0xde,0x38,0x03,0x00,
	0x11,0x00,0xf0,0x02,0xde,0x9e,0x03,0x00,0xa1,0xf7,0x00,0x4c,
	0x44,0xe8,0x00,0x00,0xa1,0x17,0x01,0x84,0x5e,0xe8,0x00,0x00,
	0xd5,0x06,0x01,0x84,0xde,0x6a,0x00,0x00,0x87,0x11,0x01,0x84,
	0x5e,0xe8,0x00,0x00,0x88,0x11,0x00,0x03,0x60,0xbc,0x01,0x00,
	0x80,0x11,0x30,0x22,0xe0,0xa5,0x01,0x00,0x13,0x11,0x00,0x03,
	0x60,0xbc,0x01,0x00,0x14,0x11,0x00,0x03,0x60,0xbc,0x01,0x00,
	0xa1,0x17,0x00,0x67,0x44,0xb0,0x00,0x00,0xa2,0x17,0x00,0x6b,
	0x44,0xb0,0x00,0x00,0x04,0x11,0x00,0x87,0x5e,0xb0,0x00,0x00,
	0x05,0x11,0x00,0x8b,0x5e,0xb0,0x00,0x00,0xd7,0x06,0xf0,0x02,
	0xde,0xb8,0x03,0x00,0x11,0x00,0xf0,0x02,0xde,0xbf,0x03,0x00,
	0x92,0xb7,0x04,0x03,0x60,0xbc,0x01,0x00,0xa1,0x17,0x04,0x03,
	0x60,0xbc,0x01,0x00,0xcb,0xf0,0x1f,0xff,0x63,0xbc,0x01,0x00,
	0xcc,0xf0,0x1f,0xff,0x63,0xbc,0x01,0x00,0xcd,0xf0,0x1f,0xff,
	0x63,0xbc,0x01,0x00,0xce,0xf0,0x1f,0xff,0x63,0xbc,0x01,0x00,
	0xcf,0xf0,0x1f,0xff,0x63,0xbc,0x01,0x00,0xd0,0xf0,0x1f,0xff,
	0x63,0xbc,0x01,0x00,0xe7,0x06,0x00,0xbf,0x00,0x81,0x02,0x00,
	0xed,0x06,0x00,0xf3,0x00,0x02,0x02,0x00,0xe8,0x10,0x00,0x17,
	0x52,0xb0,0x00,0x00,0xc8,0xf0,0x1f,0xff,0x63,0xbc,0x01,0x00,
	0xe9,0x10,0x00,0x1b,0x52,0xb0,0x00,0x00,0xc9,0xf0,0x1f,0xff,
	0x63,0xbc,0x01,0x00,0xea,0x10,0x00,0x1f,0x52,0xb0,0x00,0x00,
	0xca,0xf0,0x1f,0xff,0x63,0xbc,0x01,0x00,0xe4,0x10,0x00,0x03,
	0x60,0xbc,0x01,0x00,0xfc,0x06,0x00,0xc3,0x00,0x86,0x02,0x00,
	0xa2,0x17,0x00,0x0f,0x54,0xb0,0x00,0x00,0xf2,0x86,0x90,0x8a,
	0xde,0x69,0x00,0x00,0xe4,0x50,0xf4,0x12,0x52,0xe8,0x00,0x00,
	0xfc,0x06,0x00,0x57,0x9c,0x68,0x00,0x00,0xe4,0x10,0x00,0x03,
	0x60,0xbc,0x01,0x00,0xe0,0x10,0x00,0x27,0x54,0xb0,0x00,0x00,
	0xe1,0x10,0x00,0x2b,0x54,0xb0,0x00,0x00,0x05,0x07,0xf0,0x02,
	0xde,0xbf,0x03,0x00,0xdf,0x08,0xf0,0x02,0xde,0xa4,0x03,0x00,
	0xdf,0x08,0xf0,0x02,0xde,0xa9,0x03,0x00,0xfb,0x06,0x00,0xbf,
	0x80,0x07,0x02,0x00,0x3b,0x07,0x00,0x0f,0xd2,0x87,0x02,0x00,
	0xa1,0xd7,0x01,0x03,0x60,0xbc,0x01,0x00,0xfe,0x06,0x00,0xc3,
	0x00,0x06,0x02,0x00,0x03,0x07,0x00,0x5f,0xde,0x80,0x02,0x00,
	0xe0,0x10,0x00,0x07,0x54,0xb0,0x00,0x00,0x01,0x07,0x00,0x57,
	0x1c,0x68,0x00,0x00,0xe0,0x30,0xa0,0x86,0xde,0xd2,0x01,0x00,
	0xe1,0x10,0x00,0x0b,0x54,0xb0,0x00,0x00,0x05,0x07,0xf0,0x02,
	0xde,0xbf,0x03,0x00,0xe0,0x10,0x90,0x86,0x5e,0xbc,0x01,0x00,
	0xe1,0x10,0x00,0x1f,0x60,0xbc,0x01,0x00,0xe2,0x10,0x00,0x03,
	0x60,0xbc,0x01,0x00,0xe5,0x10,0x00,0x23,0x52,0xb0,0x00,0x00,
	0xc5,0xf0,0x1f,0xff,0x63,0xbc,0x01,0x00,0xe6,0x10,0x00,0x27,
	0x52,0xb0,0x00,0x00,0xc6,0xf0,0x1f,0xff,0x63,0xbc,0x01,0x00,
	0xe7,0x10,0x00,0x2b,0x52,0xb0,0x00,0x00,0xc7,0xf0,0x1f,0xff,
	0x63,0xbc,0x01,0x00,0x86,0x10,0x00,0x47,0x00,0xb0,0x00,0x00,
	0x81,0x17,0x00,0x57,0x1c,0x08,0x01,0x00,0x80,0x17,0x00,0x03,
	0x52,0x38,0x01,0x00,0xa6,0x17,0x00,0x27,0xc0,0x02,0x01,0x00,
	0x8c,0x11,0xf0,0x02,0x5e,0x02,0x00,0x00,0x13,0x07,0x00,0x07,
	0x5e,0x88,0x02,0x00,0x80,0x17,0x00,0x07,0x54,0xb0,0x00,0x00,
	0x11,0x07,0x00,0x8f,0x01,0x38,0x01,0x00,0x93,0x0d,0xf0,0x02,
	0x5e,0x02,0x00,0x00,0x1d,0x27,0x00,0x57,0x1c,0x68,0x00,0x00,
	0x18,0x07,0x00,0x57,0x9c,0x68,0x00,0x00,0x1d,0x07,0x00,0x07,
	0x54,0x1a,0x02,0x00,0x1b,0x87,0x00,0xa7,0x00,0x68,0x00,0x00,
	0xa1,0x17,0x00,0x27,0xc0,0x03,0x01,0x00,0x1c,0x07,0xf0,0x02,
	0xde,0xbf,0x03,0x00,0xa1,0x17,0x00,0x3b,0xc0,0x06,0x01,0x00,
	0x86,0xd0,0x10,0x86,0x5e,0x82,0x01,0x00,0x22,0x09,0xf0,0x02,
	0xde,0xa9,0x03,0x00,0x36,0x27,0x04,0x4f,0x5e,0x68,0x00,0x00,
	0xc3,0xf0,0x1f,0xff,0x63,0xbc,0x01,0x00,0x25,0xa7,0x05,0x4f,
	0x5e,0x68,0x00,0x00,0xe3,0x90,0x1a,0x03,0x60,0xbc,0x01,0x00,
	0x92,0xb7,0x06,0x03,0x60,0xbc,0x01,0x00,0x36,0x27,0x05,0x4f,
	0x5e,0x68,0x00,0x00,0x30,0x07,0xf0,0x02,0xde,0xbf,0x03,0x00,
	0x92,0x37,0x06,0x03,0x60,0xbc,0x01,0x00,0x08,0x0a,0x00,0x07,
	0x44,0x98,0x02,0x00,0x08,0x0a,0x00,0x07,0x46,0x80,0x02,0x00,
	0xe3,0x90,0x18,0x03,0x60,0xbc,0x01,0x00,0x30,0x07,0x00,0xbf,
	0x80,0x07,0x02,0x00,0x30,0x07,0x00,0x0f,0xd2,0x07,0x02,0x00,
	0xac,0x97,0xf5,0x06,0x60,0x81,0x01,0x00,0xe3,0x70,0x1c,0x06,
	0xe0,0x87,0x01,0x00,0x62,0x10,0x00,0x8f,0x41,0xb0,0x00,0x00,
	0x30,0x07,0xf0,0x02,0x5e,0x9f,0x03,0x00,0x45,0x31,0x00,0x03,
	0x60,0xbc,0x01,0x00,0x81,0x17,0x00,0x57,0x1c,0xb0,0x00,0x00,
	0xba,0x0d,0xf0,0x02,0x5e,0x02,0x00,0x00,0xa1,0xd7,0x00,0x84,
	0x5e,0xe8,0x00,0x00,0x36,0x87,0x90,0x86,0x5e,0x6a,0x00,0x00,
	0xe4,0x30,0xf4,0x12,0x52,0xe8,0x00,0x00,0x39,0x07,0xf0,0x02,
	0xde,0xbf,0x03,0x00,0xe4,0x10,0x00,0x03,0x60,0xbc,0x01,0x00,
	0x39,0x07,0xf0,0x02,0xde,0x38,0x03,0x00,0xe4,0x90,0x1c,0x06,
	0xe0,0x87,0x01,0x00,0x48,0x10,0x09,0x0a,0x60,0x90,0x01,0x00,
	0x91,0x37,0x04,0x03,0x61,0xbc,0x01,0x00,0x08,0xaa,0x05,0x4f,
	0x5e,0x68,0x00,0x00,0xdf,0x08,0xf0,0x02,0x5e,0x83,0x03,0x00,
	0x02,0x00,0xf0,0x02,0xde,0xbf,0x03,0x00,0x4e,0x07,0x00,0x63,
	0x41,0x04,0x02,0x00,0x49,0x11,0x00,0x03,0x60,0xbc,0x01,0x00,
	0xac,0x97,0xf5,0x02,0xe0,0x89,0x01,0x00,0x58,0x10,0x0b,0x02,
	0x60,0x84,0x01,0x00,0xae,0xd7,0xf5,0x02,0x60,0x84,0x01,0x00,
	0xa1,0x77,0x10,0x07,0x60,0xbc,0x01,0x00,0xd3,0x00,0xf0,0x02,
	0x5e,0x02,0x00,0x00,0xa1,0x17,0x00,0x67,0x40,0x20,0x01,0x00,
	0x48,0xc7,0x01,0x87,0xde,0x68,0x00,0x00,0xae,0xd7,0xf5,0x06,
	0x60,0x84,0x01,0x00,0x4a,0x07,0x00,0xaf,0x5e,0x05,0x02,0x00,
	0x33,0x71,0x26,0x06,0xe0,0x87,0x01,0x00,0x4d,0x07,0x00,0xbf,
	0x00,0x04,0x02,0x00,0xab,0x77,0xf5,0x02,0xe0,0x85,0x01,0x00,
	0x16,0x0f,0xf0,0x02,0x5e,0x02,0x00,0x00,0x02,0x00,0xf0,0x02,
	0xde,0xbf,0x03,0x00,0x54,0x07,0x00,0x23,0xc5,0x85,0x02,0x00,
	0x58,0x10,0x0b,0x06,0x60,0x84,0x01,0x00,0x54,0x07,0x00,0xff,
	0xde,0x00,0x02,0x00,0xbf,0xf7,0xf7,0x02,0xe0,0x80,0x01,0x00,
	0x54,0x07,0x00,0xaf,0x26,0x68,0x00,0x00,0xab,0x49,0x35,0x65,
	0x44,0xe0,0x00,0x00,0x56,0x07,0x00,0xaf,0x5e,0x05,0x02,0x00,
	0x33,0x11,0x00,0x03,0x61,0xbc,0x01,0x00,0x5c,0x07,0x00,0xbf,
	0x80,0x05,0x02,0x00,0xa1,0x57,0x11,0x13,0x60,0xbc,0x01,0x00,
	0xd3,0x00,0xf0,0x02,0x5e,0x02,0x00,0x00,0x19,0x30,0x03,0x0e,
	0x60,0x96,0x01,0x00,0xa2,0x17,0x00,0x67,0x40,0xb0,0x00,0x00,
	0xd8,0x00,0xf0,0x02,0x5e,0x02,0x00,0x00,0x21,0x47,0x00,0x67,
	0x44,0xe0,0x00,0x00,0x5f,0x07,0x00,0xb3,0x5e,0x02,0x02,0x00,
	0xac,0x97,0xf5,0x06,0xe0,0x89,0x01,0x00,0x11,0x00,0x00,0x37,
	0xc0,0x83,0x02,0x00,0x87,0x20,0x00,0x1f,0x02,0xe0,0x00,0x00,
	0x44,0x91,0x28,0x06,0x60,0x82,0x01,0x00,0x33,0x6a,0x46,0x05,
	0xe0,0x81,0x01,0x00,0x65,0x07,0x00,0xbb,0x5e,0x04,0x02,0x00,
	0xac,0x20,0x00,0xb3,0x02,0xe0,0x00,0x00,0xf7,0x0d,0xf0,0x02,
	0x5e,0x02,0x00,0x00,0xac,0x97,0xf5,0x06,0xe0,0x89,0x01,0x00,
	0x11,0x00,0xf0,0x02,0xde,0xbf,0x03,0x00,0xf7,0x0d,0xf0,0x02,
	0x5e,0x02,0x00,0x00,0x02,0x00,0x00,0x13,0x40,0x81,0x02,0x00,
	0x6c,0x07,0x00,0x03,0x42,0x00,0x02,0x00,0xac,0x97,0xf5,0x02,
	0x60,0x84,0x01,0x00,0x80,0x10,0x00,0x03,0x60,0xbc,0x01,0x00,
	0x6f,0x07,0xf0,0x02,0xde,0xa3,0x03,0x00,0x48,0x10,0x09,0x02,
	0x60,0x90,0x01,0x00,0x9e,0x17,0x00,0x67,0x44,0xb0,0x00,0x00,
	0x9d,0x17,0x00,0x6b,0x44,0xb0,0x00,0x00,0x9c,0x17,0x00,0x6f,
	0x44,0xb0,0x00,0x00,0x9b,0x17,0x00,0x73,0x44,0xb0,0x00,0x00,
	0x6f,0x27,0x23,0x7a,0xde,0x68,0x00,0x00,0x88,0x20,0x00,0x23,
	0x02,0xe0,0x00,0x00,0x97,0x17,0x00,0x3b,0x40,0x15,0x01,0x00,
	0x7a,0x87,0x00,0xa7,0x80,0x6d,0x00,0x00,0x97,0x37,0x00,0x5f,
	0x5e,0xa0,0x00,0x00,0x7a,0x07,0x00,0xa7,0x80,0x68,0x00,0x00,
	0x97,0x37,0x00,0x03,0x60,0xbc,0x01,0x00,0xa1,0x17,0x00,0x43,
	0x01,0xb0,0x00,0x00,0x03,0x27,0x05,0x84,0xde,0xc9,0x01,0x00,
	0x6c,0x90,0x0d,0x02,0xe0,0x81,0x01,0x00,0x80,0x07,0x00,0x37,
	0x40,0x86,0x02,0x00,0xae,0x20,0x00,0xbb,0x02,0xe0,0x00,0x00,
	0xdc,0x0a,0xf0,0x02,0xde,0xbf,0x03,0x00,0x80,0x14,0x00,0x03,
	0x60,0xbc,0x01,0x00,0x81,0x14,0x00,0x03,0x60,0xbc,0x01,0x00,
	0x24,0x90,0x04,0x0a,0x60,0xb8,0x01,0x00,0x28,0x07,0x04,0x03,
	0x60,0xbc,0x01,0x00,0x27,0x47,0x00,0x03,0x60,0xbc,0x01,0x00,
	0x2a,0xd0,0x00,0x03,0x60,0xbc,0x01,0x00,0x04,0x10,0x00,0x07,
	0x60,0xb3,0x01,0x00,0x0c,0x07,0x00,0x03,0x60,0xbc,0x01,0x00,
	0x0d,0x07,0x00,0x03,0x60,0xbc,0x01,0x00,0x0e,0x07,0x00,0x03,
	0x60,0xbc,0x01,0x00,0x0f,0x07,0x00,0x03,0x60,0xbc,0x01,0x00,
	0xae,0xd7,0xf5,0x02,0xe0,0x83,0x01,0x00,0xd9,0x0a,0x00,0x37,
	0xc0,0x87,0x02,0x00,0xdb,0x0f,0xf0,0x02,0x5e,0x02,0x00,0x00,
	0x8c,0x07,0xf0,0x02,0x5e,0x43,0x03,0x00,0x47,0xcb,0x00,0x33,
	0x40,0x6d,0x00,0x00,0xa2,0x47,0x00,0x5f,0x5e,0x68,0x00,0x00,
	0x9f,0x27,0x00,0x5f,0x5e,0x68,0x00,0x00,0x94,0xc7,0x00,0xa7,
	0x00,0x68,0x00,0x00,0x95,0xa7,0x00,0xa7,0x80,0x68,0x00,0x00,
	0x34,0x27,0x90,0x66,0x44,0xe0,0x00,0x00,0xa1,0x17,0x00,0xc3,
	0x62,0xbc,0x01,0x00,0x98,0x07,0x00,0x03,0x52,0x80,0x02,0x00,
	0xa1,0x17,0x00,0x03,0x52,0x96,0x01,0x00,0x9a,0x37,0x90,0x86,
	0xde,0x80,0x00,0x00,0x9d,0x07,0x00,0x03,0x52,0x03,0x02,0x00,
	0x9a,0x37,0x90,0x6a,0x5e,0xe0,0x00,0x00,0x9d,0x07,0x00,0x03,
	0xd2,0x07,0x02,0x00,0x9a,0x37,0x00,0x6b,0x5e,0xe8,0x00,0x00,
	0x47,0x0b,0x00,0x6b,0x5e,0x9e,0x02,0x00,0xa5,0x07,0xf0,0x02,
	0xde,0xbf,0x03,0x00,0xa1,0x17,0x00,0x03,0xd2,0x52,0x01,0x00,
	0x9a,0x37,0xf4,0x06,0xd2,0x85,0x01,0x00,0xa5,0x07,0xf0,0x02,
	0xde,0xbf,0x03,0x00,0xa1,0x17,0x00,0x03,0x52,0x3c,0x01,0x00,
	0x9a,0x37,0xf4,0x06,0x52,0xbc,0x01,0x00,0x47,0xab,0x0b,0x68,
	0x5e,0x6e,0x00,0x00,0xaa,0x07,0x00,0x3b,0xc0,0x04,0x02,0x00,
	0xf0,0x08,0x00,0x37,0x40,0x87,0x02,0x00,0xdb,0x0f,0xf0,0x02,
	0x5e,0x02,0x00,0x00,0xa6,0x07,0x00,0xaf,0xc0,0x87,0x02,0x00,
	0x9a,0x17,0x00,0xaf,0x40,0x58,0x01,0x00,0xac,0x07,0xf0,0x02,
	0x5e,0x2a,0x03,0x00,0xd9,0x0a,0x00,0xaf,0xc0,0x87,0x02,0x00,
	0x48,0x10,0x28,0x23,0x41,0xb0,0x00,0x00,0x94,0x97,0xf2,0x02,
	0x60,0x80,0x01,0x00,0x48,0x10,0x09,0x02,0xe0,0x84,0x01,0x00,
	0x2a,0x10,0x00,0xaf,0x40,0x58,0x01,0x00,0xa1,0x17,0x00,0xb3,
	0xc1,0x01,0x01,0x00,0xa1,0x77,0x10,0x87,0x5e,0x83,0x01,0x00,
	0x04,0x90,0x00,0x86,0x5e,0xbb,0x01,0x00,0x00,0x18,0x00,0x13,
	0x40,0xb0,0x00,0x00,0xd9,0x2a,0x00,0xab,0x40,0x68,0x00,0x00,
	0xbc,0x07,0xf0,0x02,0xde,0x29,0x03,0x00,0x9a,0x17,0x00,0xab,
	0x40,0x58,0x01,0x00,0xbc,0x07,0x00,0xa3,0x47,0x00,0x02,0x00,
	0xe0,0x11,0x3c,0x1e,0x62,0xbc,0x01,0x00,0xea,0x11,0x00,0x03,
	0x60,0xbc,0x01,0x00,0xeb,0x11,0x00,0x6b,0x5e,0xb0,0x00,0x00,
	0xe8,0x11,0x3d,0x1e,0x60,0x98,0x01,0x00,0xbf,0x07,0xf0,0x02,
	0x5e,0x83,0x03,0x00,0xdb,0x0f,0xf0,0x02,0x5e,0x02,0x00,0x00,
	0xbc,0xc7,0x04,0x33,0x40,0x6d,0x00,0x00,0xc7,0x07,0x00,0xf3,
	0x00,0x02,0x02,0x00,0xd2,0x07,0xf0,0x02,0xde,0xa9,0x03,0x00,
	0x6c,0x90,0x0d,0x02,0xe0,0x82,0x01,0x00,0xd2,0x07,0x00,0x17,
	0x52,0x80,0x02,0x00,0x65,0xb0,0x00,0x87,0x41,0xe0,0x00,0x00,
	0xd5,0x0c,0xf0,0x02,0x5e,0x02,0x00,0x00,0xd2,0x07,0x00,0x77,
	0xc0,0x00,0x02,0x00,0xd1,0x07,0xf0,0x02,0xde,0xbf,0x03,0x00,
	0xd1,0x07,0xf0,0x02,0x5e,0xb0,0x03,0x00,0x6c,0x90,0x0d,0x02,
	0xe0,0x82,0x01,0x00,0xa1,0x17,0x00,0x8b,0x0c,0xb0,0x00,0x00,
	0xa2,0x17,0x01,0x9b,0x0c,0x88,0x00,0x00,0xa2,0x57,0xf4,0x1e,
	0x52,0xa8,0x00,0x00,0xd2,0x47,0xf4,0x86,0xde,0x68,0x00,0x00,
	0xa1,0x17,0x00,0x87,0x0c,0xb0,0x00,0x00,0xd2,0xc7,0x90,0x86,
	0xde,0x68,0x00,0x00,0xa1,0x17,0x00,0x83,0x0c,0xb0,0x00,0x00,
	0xd2,0x27,0xf4,0x16,0xd2,0x68,0x00,0x00,0x6c,0x90,0x0d,0x06,
	0xe0,0x82,0x01,0x00,0x00,0x07,0x00,0x03,0x60,0xbc,0x01,0x00,
	0x01,0x07,0x00,0x0f,0xe0,0x88,0x01,0x00,0xda,0x08,0x02,0x33,
	0x40,0x6d,0x00,0x00,0x93,0x17,0x00,0x0f,0x52,0x29,0x01,0x00,
	0xaa,0x17,0x00,0x0f,0x52,0x09,0x01,0x00,0x94,0x97,0xf2,0x02,
	0x60,0x96,0x01,0x00,0x65,0xf0,0x01,0x87,0x41,0xe0,0x00,0x00,
	0xa1,0x17,0x00,0x0f,0x60,0xbc,0x01,0x00,0xde,0x67,0x90,0x86,
	0xde,0x28,0x00,0x00,0x94,0x97,0xf2,0x06,0x60,0x86,0x01,0x00,
	0x65,0x70,0x00,0x97,0x41,0xe0,0x00,0x00,0x28,0xc7,0x00,0xa3,
	0x1c,0xe0,0x00,0x00,0xa2,0x17,0x00,0x53,0x5e,0x06,0x01,0x00,
	0xa1,0x77,0x04,0x4f,0x5e,0xa0,0x00,0x00,0xec,0x47,0x04,0x87,
	0xde,0x68,0x00,0x00,0x94,0x97,0xf2,0x06,0xe0,0x86,0x01,0x00,
	0xa2,0x37,0x00,0x8b,0x5e,0xb8,0x00,0x00,0xa0,0x17,0x00,0x03,
	0x5a,0xb0,0x00,0x00,0xe6,0x07,0x00,0x03,0xda,0x0a,0x02,0x00,
	0x94,0x97,0xf2,0x06,0x60,0x87,0x01,0x00,0xec,0x07,0x00,0x3b,
	0xc0,0x84,0x02,0x00,0xec,0x07,0x00,0x03,0xda,0x03,0x02,0x00,
	0xea,0x07,0xf0,0x02,0xde,0xaa,0x03,0x00,0xec,0x07,0x00,0x07,
	0x41,0x04,0x02,0x00,0x01,0x27,0xe0,0x04,0x60,0x80,0x01,0x00,
	0xa2,0x17,0x00,0x53,0x5e,0x06,0x01,0x00,0x04,0x90,0x00,0x8a,
	0xde,0x82,0x01,0x00,0x1d,0x08,0xf0,0x02,0xde,0xa9,0x03,0x00,
	0x07,0x08,0xf0,0x02,0xde,0xaa,0x03,0x00,0x19,0x08,0x00,0x13,
	0xd2,0x87,0x02,0x00,0x86,0x11,0x00,0x13,0x52,0xb0,0x00,0x00,
	0x80,0x11,0x30,0x0a,0xe0,0xa5,0x01,0x00,0x6c,0x90,0x0d,0x02,
	0xe0,0x83,0x01,0x00,0x99,0xf7,0x1f,0xff,0x63,0xbc,0x01,0x00,
	0x65,0x70,0x01,0x87,0x41,0xe0,0x00,0x00,0xf9,0x27,0x00,0xab,
	0xde,0x68,0x00,0x00,0xa1,0x77,0xff,0x4f,0x5e,0xa0,0x00,0x00,
	0x05,0x28,0x07,0x87,0xde,0x68,0x00,0x00,0xfb,0x07,0xf0,0x02,
	0xde,0xbf,0x03,0x00,0x05,0x08,0x00,0x0f,0x52,0x84,0x02,0x00,
	0xfe,0x07,0x00,0x0f,0xd2,0x04,0x02,0x00,0x04,0x08,0xf0,0x02,
	0x5e,0xb1,0x03,0x00,0x65,0x10,0x01,0x87,0x41,0xe0,0x00,0x00,
	0xff,0x07,0xf0,0x02,0xde,0xbf,0x03,0x00,0x04,0x08,0xf0,0x02,
	0x5e,0xb3,0x03,0x00,0x05,0x08,0x00,0xf3,0x80,0x00,0x02,0x00,
	0x05,0x08,0x00,0x17,0x52,0x00,0x02,0x00,0xd5,0x0c,0xf0,0x02,
	0x5e,0x02,0x00,0x00,0x05,0x08,0x00,0x77,0xc0,0x00,0x02,0x00,
	0x99,0x17,0x00,0x77,0x40,0x29,0x01,0x00,0x6c,0x90,0x0d,0x06,
	0xe0,0x83,0x01,0x00,0x19,0x08,0x00,0x17,0x52,0x00,0x02,0x00,
	0x19,0x08,0xf0,0x02,0x5e,0x31,0x03,0x00,0xbf,0xf7,0xf7,0x02,
	0xe0,0x84,0x01,0x00,0x0a,0x08,0x00,0x17,0x52,0x00,0x02,0x00,
	0x17,0x08,0x00,0x8f,0xa6,0x02,0x02,0x00,0x17,0x08,0x00,0x5f,
	0xde,0x68,0x00,0x00,0x17,0x08,0x00,0xfb,0x25,0x68,0x00,0x00,
	0xa1,0x17,0x00,0xf3,0x26,0xb0,0x00,0x00,0x17,0x28,0xf4,0xfa,
	0xa5,0x6d,0x00,0x00,0x13,0x08,0x00,0x2b,0x27,0x68,0x00,0x00,
	0x13,0x88,0x02,0x4f,0xde,0x68,0x00,0x00,0xc9,0x29,0x00,0x27,
	0x27,0xe0,0x00,0x00,0xbf,0xf7,0xf7,0x06,0xe0,0x86,0x01,0x00,
	0x17,0x08,0xf0,0x02,0xde,0xbf,0x03,0x00,0x17,0x48,0x00,0xab,
	0xde,0x68,0x00,0x00,0xa2,0x17,0x00,0xfb,0x26,0xb0,0x00,0x00,
	0x17,0x48,0xf4,0xf6,0xa6,0x6d,0x00,0x00,0xbf,0xf7,0xf7,0x06,
	0xe0,0x84,0x01,0x00,0x19,0x08,0x00,0xaf,0x26,0x68,0x00,0x00,
	0xbf,0xf7,0xf7,0x06,0xe0,0x80,0x01,0x00,0x1d,0x08,0x00,0x0f,
	0x52,0x08,0x02,0x00,0x84,0x20,0x00,0x13,0x02,0xe0,0x00,0x00,
	0x94,0x97,0xf2,0x06,0x60,0x80,0x01,0x00,0xdb,0x08,0xf0,0x02,
	0xde,0xbf,0x03,0x00,0x8e,0x08,0x00,0x0f,0x52,0x07,0x02,0x00,
	0x8b,0x08,0x00,0xa3,0x47,0x80,0x02,0x00,0x28,0x87,0x00,0xa3,
	0x1c,0xe0,0x00,0x00,0x27,0x87,0x00,0x9f,0x1c,0xe8,0x00,0x00,
	0xe4,0x11,0x00,0x03,0x60,0xbc,0x01,0x00,0xa5,0xf7,0x1f,0xff,
	0x63,0xbc,0x01,0x00,0xe1,0xd1,0x03,0x03,0x60,0xbc,0x01,0x00,
	0x26,0x08,0x00,0x53,0x5e,0x06,0x02,0x00,0xe1,0x91,0x04,0x03,
	0x60,0xbc,0x01,0x00,0x2a,0x08,0x00,0x53,0xde,0x06,0x02,0x00,
	0xe1,0x51,0x00,0x87,0x47,0xe0,0x00,0x00,0x2a,0x08,0x00,0x0f,
	0xd2,0x07,0x02,0x00,0xe1,0x91,0x00,0x87,0x47,0xe0,0x00,0x00,
	0xda,0xc8,0x02,0x33,0x40,0x6d,0x00,0x00,0x2d,0x88,0x05,0x4f,
	0x5e,0x68,0x00,0x00,0x8e,0x48,0x00,0xab,0xde,0x68,0x00,0x00,
	0x30,0x08,0xf0,0x02,0xde,0xaa,0x03,0x00,0x8e,0x08,0x00,0x17,
	0x52,0x00,0x02,0x00,0x3a,0x08,0x00,0xf3,0x80,0x05,0x02,0x00,
	0x65,0x10,0x01,0x87,0x41,0xe0,0x00,0x00,0x33,0x08,0x00,0xf3,
	0x00,0x02,0x02,0x00,0x65,0xb0,0x00,0x87,0x41,0xe0,0x00,0x00,
	0xd5,0x0c,0xf0,0x02,0x5e,0x02,0x00,0x00,0x37,0x08,0x00,0x77,
	0xc0,0x00,0x02,0x00,0xa5,0x17,0x00,0x77,0x40,0x29,0x01,0x00,
	0xa5,0x97,0x00,0x97,0x5e,0xe0,0x00,0x00,0x3a,0xe8,0xff,0x97,
	0xde,0x68,0x00,0x00,0x8e,0x08,0x00,0x17,0x52,0x80,0x02,0x00,
	0x8e,0x08,0x00,0xbf,0x00,0x07,0x02,0x00,0xa2,0x17,0x17,0x1b,
	0x60,0xbc,0x01,0x00,0x65,0x30,0x00,0x87,0x47,0x90,0x00,0x00,
	0x65,0x50,0xf4,0x96,0x41,0xe0,0x00,0x00,0x1e,0x07,0x01,0x87,
	0x47,0xe0,0x00,0x00,0x41,0x08,0xf0,0x02,0x5e,0x83,0x03,0x00,
	0xdb,0x0f,0xf0,0x02,0x5e,0x02,0x00,0x00,0x3e,0xc8,0xe3,0x30,
	0x40,0x6d,0x00,0x00,0xda,0xc8,0xe3,0x30,0x40,0x6d,0x00,0x00,
	0xa1,0x57,0x1d,0x0b,0x60,0xbc,0x01,0x00,0x51,0xe8,0xff,0x97,
	0xde,0x68,0x00,0x00,0xa5,0x17,0x00,0x07,0x5a,0x0f,0x01,0x00,
	0x51,0x08,0xf0,0x02,0xde,0x1e,0x03,0x00,0x51,0x08,0x00,0x17,
	0x52,0x00,0x02,0x00,0x8e,0x08,0xf0,0x02,0xde,0x2b,0x03,0x00,
	0x51,0xe8,0xff,0x67,0x5e,0x68,0x00,0x00,0x99,0x97,0x00,0x67,
	0x5e,0xe0,0x00,0x00,0x64,0x30,0xf4,0x66,0x5e,0xe0,0x00,0x00,
	0x99,0x17,0x00,0x03,0x58,0x2a,0x01,0x00,0xa5,0x17,0x00,0x97,
	0xde,0x00,0x01,0x00,0x99,0xb7,0xf4,0x66,0x5e,0xe0,0x00,0x00,
	0x99,0x37,0x00,0x67,0x5e,0xe0,0x00,0x00,0xa6,0x17,0x00,0x03,
	0x58,0x15,0x01,0x00,0x61,0x08,0xf0,0x02,0xde,0xbf,0x03,0x00,
	0x64,0x30,0xf4,0x96,0x5e,0xe0,0x00,0x00,0x99,0x17,0x00,0x03,
	0x58,0x2a,0x01,0x00,0x60,0x08,0x00,0xf3,0x80,0x05,0x02,0x00,
	0x99,0x37,0xf3,0x02,0xe0,0x82,0x01,0x00,0x60,0x08,0x00,0x17,
	0x52,0x00,0x02,0x00,0xa6,0x17,0x00,0x03,0xd8,0x16,0x01,0x00,
	0xa4,0x17,0x00,0x07,0x5a,0x0f,0x01,0x00,0xa1,0x17,0x00,0x03,
	0xd8,0x0c,0x01,0x00,0x5c,0x28,0xf4,0x92,0xde,0x68,0x00,0x00,
	0x99,0x17,0x02,0x67,0x5e,0xe0,0x00,0x00,0x61,0x08,0xf0,0x02,
	0xde,0xbf,0x03,0x00,0xa1,0x17,0x00,0x03,0xd8,0x0d,0x01,0x00,
	0x8e,0x28,0xf4,0x92,0xde,0x68,0x00,0x00,0x99,0x17,0x04,0x67,
	0x5e,0xe0,0x00,0x00,0x61,0x08,0xf0,0x02,0xde,0xbf,0x03,0x00,
	0xa6,0x17,0x00,0x03,0x58,0x10,0x01,0x00,0x80,0x77,0x00,0x67,
	0x5e,0x88,0x00,0x00,0x64,0x10,0xf0,0xae,0x00,0xe0,0x00,0x00,
	0x00,0x07,0xe0,0x64,0xde,0xaa,0x01,0x00,0x7b,0x48,0x00,0x9b,
	0xde,0x68,0x00,0x00,0x6e,0x08,0x00,0x87,0x81,0x07,0x02,0x00,
	0x6e,0x08,0x0c,0x03,0xde,0x6d,0x00,0x00,0x6e,0x08,0x00,0x0f,
	0x52,0x85,0x02,0x00,0x6e,0x08,0x00,0x3b,0x52,0x98,0x02,0x00,
	0x01,0x27,0xe0,0x04,0xe0,0x81,0x01,0x00,0xa3,0x37,0x0b,0x00,
	0x5e,0xe0,0x00,0x00,0xa3,0x97,0x00,0x8f,0x5e,0xe0,0x00,0x00,
	0xa2,0x77,0x00,0x87,0x41,0xe0,0x00,0x00,0x4d,0x0e,0xf0,0x02,
	0x5e,0x02,0x00,0x00,0x27,0x07,0x01,0x9f,0x1c,0xe8,0x00,0x00,
	0x81,0x17,0x07,0x1f,0x60,0xbc,0x01,0x00,0xa1,0x77,0x00,0x97,
	0x5e,0x88,0x00,0x00,0x63,0xb0,0xf4,0x86,0x5e,0xe8,0x00,0x00,
	0xa1,0x17,0x0e,0x07,0x60,0xbc,0x01,0x00,0x63,0x30,0xf4,0x8e,
	0x41,0xe0,0x00,0x00,0xa1,0x17,0x00,0x17,0x56,0xb0,0x00,0x00,
	0xa2,0x17,0x00,0x1b,0x56,0xb0,0x00,0x00,0x8e,0x48,0xd0,0x86,
	0xde,0x68,0x00,0x00,0x8e,0x68,0xd0,0x8a,0xde,0x68,0x00,0x00,
	0x22,0x0e,0xf0,0x02,0x5e,0x02,0x00,0x00,0x64,0xd0,0x06,0x1f,
	0x60,0xbc,0x01,0x00,0xa2,0x17,0x00,0x4f,0x62,0xbc,0x01,0x00,
	0x75,0x0e,0xf0,0x02,0x5e,0x02,0x00,0x00,0x8b,0x48,0x00,0x9b,
	0x5e,0x68,0x00,0x00,0xe0,0x71,0xf4,0x1e,0x62,0xbc,0x01,0x00,
	0x80,0x68,0x00,0x9b,0x5e,0x68,0x00,0x00,0x8b,0xa8,0x00,0x9b,
	0xde,0x68,0x00,0x00,0xe8,0x11,0x3d,0x06,0x60,0x98,0x01,0x00,
	0x28,0x87,0x00,0xa3,0x1c,0xe0,0x00,0x00,0x27,0x87,0x00,0x9f,
	0x1c,0xe8,0x00,0x00,0xea,0x11,0x00,0x03,0x60,0xbc,0x01,0x00,
	0x86,0x48,0x00,0x5f,0xde,0x68,0x00,0x00,0xeb,0x11,0x00,0x6b,
	0x5e,0xb0,0x00,0x00,0xe8,0x11,0x3d,0x5e,0xde,0x92,0x01,0x00,
	0xe8,0x11,0x3d,0x02,0x60,0x87,0x01,0x00,0x8a,0xa8,0x00,0x9b,
	0xde,0x68,0x00,0x00,0xe8,0x11,0x3d,0x06,0x60,0x87,0x01,0x00,
	0xe8,0x11,0x3d,0x16,0x60,0x98,0x01,0x00,0x00,0x07,0xe0,0x04,
	0xe0,0x81,0x01,0x00,0x00,0x07,0xe0,0x64,0xde,0xaa,0x01,0x00,
	0x92,0x08,0xf0,0x02,0xde,0xbf,0x03,0x00,0xe0,0x11,0x00,0x0f,
	0x62,0xbc,0x01,0x00,0xe4,0x11,0x00,0x03,0x60,0xbc,0x01,0x00,
	0x01,0x27,0xe0,0x00,0xe0,0x81,0x01,0x00,0xe8,0x11,0x00,0x0f,
	0x60,0xbc,0x01,0x00,0x99,0x08,0x00,0x07,0x1c,0x00,0x02,0x00,
	0x27,0x47,0xf3,0x9e,0x1c,0xe0,0x00,0x00,0x25,0x10,0x00,0xa3,
	0x1c,0xb0,0x00,0x00,0x27,0xa7,0x04,0x9e,0x1c,0xe8,0x00,0x00,
	0x99,0xc8,0x01,0x9f,0x9c,0x6a,0x00,0x00,0x24,0x90,0x04,0x06,
	0x60,0xb8,0x01,0x00,0x94,0x97,0xf2,0x06,0xe0,0x82,0x01,0x00,
	0x04,0x90,0x00,0x0a,0x60,0x88,0x01,0x00,0xa1,0x17,0x00,0x3b,
	0xc0,0x04,0x01,0x00,0x6c,0x90,0x0d,0x86,0xde,0x81,0x01,0x00,
	0xa7,0x08,0xf0,0x02,0xde,0xa0,0x03,0x00,0xac,0xa8,0x06,0x4f,
	0x5e,0x68,0x00,0x00,0x80,0x17,0x00,0x03,0x52,0x38,0x01,0x00,
	0x81,0x17,0x00,0x5f,0x5e,0xb0,0x00,0x00,0xa6,0x08,0x00,0xb7,
	0xde,0x03,0x02,0x00,0xa5,0x08,0x00,0x07,0x5e,0x68,0x00,0x00,
	0x80,0x77,0x01,0x03,0x60,0xbc,0x01,0x00,0x81,0x37,0x00,0x03,
	0x60,0xbc,0x01,0x00,0xa6,0x08,0xf0,0x02,0xde,0xbf,0x03,0x00,
	0x80,0x57,0x01,0x03,0x60,0xbc,0x01,0x00,0xde,0x00,0xf0,0x02,
	0x5e,0x02,0x00,0x00,0xac,0x48,0x00,0xab,0xde,0x68,0x00,0x00,
	0xa1,0x77,0x04,0x4f,0x5e,0xa0,0x00,0x00,0x8b,0x4a,0x00,0x87,
	0x5e,0x68,0x00,0x00,0x8b,0x4a,0x04,0x87,0x5e,0x68,0x00,0x00,
	0x55,0x0c,0xf0,0x02,0xde,0xbf,0x03,0x00,0x09,0x0e,0xf0,0x02,
	0x5e,0x02,0x00,0x00,0xdb,0x0f,0xf0,0x02,0x5e,0x02,0x00,0x00,
	0xac,0x08,0xf0,0x02,0x5e,0x03,0x03,0x00,0xb5,0x08,0xf0,0x02,
	0xde,0xa9,0x03,0x00,0xdb,0x0f,0xf0,0x02,0x5e,0x02,0x00,0x00,
	0xb0,0x08,0x00,0x37,0x40,0x07,0x02,0x00,0xda,0x0a,0xf0,0x02,
	0xde,0x86,0x03,0x00,0xd9,0x0a,0x00,0x37,0xc0,0x87,0x02,0x00,
	0xc9,0x0c,0xf0,0x02,0x5e,0x02,0x00,0x00,0xdf,0x08,0x02,0x30,
	0x40,0x6e,0x00,0x00,0xdf,0x08,0xf0,0x02,0xde,0x01,0x03,0x00,
	0xc7,0x08,0x00,0xab,0xde,0x68,0x00,0x00,0xbb,0x08,0xf0,0x02,
	0xde,0x2a,0x03,0x00,0x8a,0x20,0x00,0x2b,0x02,0xe0,0x00,0x00,
	0xbf,0x08,0xf0,0x02,0xde,0xbf,0x03,0x00,0xbe,0x08,0x00,0x17,
	0x52,0x80,0x02,0x00,0x90,0x20,0x00,0x43,0x02,0xe0,0x00,0x00,
	0xbf,0x08,0xf0,0x02,0xde,0xbf,0x03,0x00,0x95,0x20,0x00,0x57,
	0x02,0xe0,0x00,0x00,0xa6,0x0b,0x04,0x4f,0x5e,0x68,0x00,0x00,
	0xa6,0x8b,0x02,0x4f,0x5e,0x68,0x00,0x00,0x0f,0x0a,0x02,0x4f,
	0x5e,0x68,0x00,0x00,0x84,0x8a,0x04,0x4f,0x5e,0x68,0x00,0x00,
	0x46,0x0c,0x05,0x4f,0x5e,0x68,0x00,0x00,0x46,0x0c,0x06,0x4f,
	0x5e,0x68,0x00,0x00,0x4f,0x8c,0x06,0x4f,0x5e,0x68,0x00,0x00,
	0x55,0x0c,0xf0,0x02,0xde,0xbf,0x03,0x00,0xd8,0x28,0x00,0xab,
	0xde,0x68,0x00,0x00,0xcb,0x08,0xf0,0x02,0xde,0x2a,0x03,0x00,
	0x8b,0x20,0x00,0x2f,0x02,0xe0,0x00,0x00,0xcf,0x08,0xf0,0x02,
	0xde,0xbf,0x03,0x00,0xce,0x08,0x00,0x17,0x52,0x80,0x02,0x00,
	0x91,0x20,0x00,0x47,0x02,0xe0,0x00,0x00,0xcf,0x08,0xf0,0x02,
	0xde,0xbf,0x03,0x00,0x96,0x20,0x00,0x5b,0x02,0xe0,0x00,0x00,
	0xe0,0xa9,0x06,0x4f,0x5e,0x68,0x00,0x00,0x6a,0x2c,0x04,0x4f,
	0x5e,0x68,0x00,0x00,0x6a,0xac,0x04,0x4f,0x5e,0x68,0x00,0x00,
	0x90,0xaa,0x05,0x4f,0x5e,0x68,0x00,0x00,0xe0,0x29,0x06,0x4f,
	0x5e,0x68,0x00,0x00,0x44,0x2c,0x05,0x4f,0x5e,0x68,0x00,0x00,
	0xa1,0x77,0xff,0x4f,0x5e,0xa0,0x00,0x00,0x5d,0x2c,0x07,0x87,
	0x5e,0x68,0x00,0x00,0x08,0x0a,0xf0,0x02,0xde,0xbf,0x03,0x00,
	0x84,0x20,0x00,0x13,0x02,0xe0,0x00,0x00,0x0c,0x0a,0xf0,0x02,
	0xde,0xbf,0x03,0x00,0x83,0x20,0x00,0x0f,0x02,0xe0,0x00,0x00,
	0xe8,0x11,0x00,0x0f,0x60,0xbc,0x01,0x00,0x8e,0x08,0x00,0x3b,
	0xc0,0x84,0x02,0x00,0x48,0x10,0x09,0x06,0xe0,0x84,0x01,0x00,
	0x8e,0x08,0xf0,0x02,0xde,0xbf,0x03,0x00,0x02,0x00,0x00,0x93,
	0xc0,0x00,0x02,0x00,0xe3,0x08,0xf0,0x02,0x5e,0xa3,0x03,0x00,
	0xe2,0x08,0xf0,0x02,0x5e,0xc3,0x03,0x00,0x43,0x0b,0xf0,0x02,
	0xde,0xbf,0x03,0x00,0xdb,0x0f,0xf0,0x02,0x5e,0x02,0x00,0x00,
	0xe6,0x08,0x00,0xaf,0xc0,0x07,0x02,0x00,0xe3,0x08,0x00,0x37,
	0x40,0x07,0x02,0x00,0xa1,0x17,0x00,0xaf,0xc0,0x07,0x01,0x00,
	0xa1,0x37,0x00,0x87,0x5e,0xb8,0x00,0x00,0x6c,0x90,0x0d,0x86,
	0x5e,0x82,0x01,0x00,0x02,0x07,0x00,0x7f,0x44,0xb0,0x00,0x00,
	0x48,0x10,0x09,0x02,0x60,0x83,0x01,0x00,0x09,0x0e,0xf0,0x02,
	0x5e,0x02,0x00,0x00,0xd9,0x0a,0x00,0x37,0xc0,0x87,0x02,0x00,
	0xda,0x0a,0xf0,0x02,0xde,0x86,0x03,0x00,0xdb,0x0f,0xf0,0x02,
	0x5e,0x02,0x00,0x00,0xeb,0x08,0xf0,0x02,0x5e,0x43,0x03,0x00,
	0xd9,0x0a,0x00,0x37,0xc0,0x87,0x02,0x00,0xf3,0x08,0x00,0x07,
	0x1c,0x80,0x02,0x00,0xdb,0x09,0x02,0x30,0x40,0x6e,0x00,0x00,
	0x01,0x09,0xf0,0x02,0xde,0x81,0x03,0x00,0x85,0x20,0x00,0x17,
	0x02,0xe0,0x00,0x00,0xf7,0x08,0xf0,0x02,0xde,0x29,0x03,0x00,
	0xf8,0x08,0x00,0xcf,0xa8,0x68,0x00,0x00,0x33,0x6a,0x46,0x05,
	0x60,0x80,0x01,0x00,0xfc,0x08,0xf0,0x02,0xde,0xa9,0x03,0x00,
	0x48,0x10,0x09,0x06,0xe0,0x84,0x01,0x00,0x48,0x10,0x09,0x02,
	0xe0,0x80,0x01,0x00,0xbf,0xf7,0xf7,0x02,0xe0,0x84,0x01,0x00,
	0xe3,0x0d,0xf0,0x02,0x5e,0x02,0x00,0x00,0xda,0x0a,0xf0,0x02,
	0xde,0x86,0x03,0x00,0x00,0x07,0xe0,0x04,0x60,0x80,0x01,0x00,
	0x94,0x97,0xf2,0x06,0x60,0x80,0x01,0x00,0xab,0x09,0xf0,0x02,
	0xde,0xbf,0x03,0x00,0xbf,0xf7,0xf7,0x02,0x60,0x83,0x01,0x00,
	0x05,0x09,0xf0,0x02,0xde,0x29,0x03,0x00,0x17,0x09,0x00,0xcf,
	0xa8,0x88,0x02,0x00,0x33,0x0a,0x00,0x03,0x60,0xbc,0x01,0x00,
	0x12,0x09,0xf0,0x02,0xde,0xaa,0x03,0x00,0x16,0x29,0x00,0xab,
	0x5e,0x68,0x00,0x00,0x10,0x09,0x00,0xab,0x5e,0x68,0x00,0x00,
	0xa1,0x17,0x00,0x0f,0x52,0x0c,0x01,0x00,0x0c,0x29,0x00,0x87,
	0x5e,0x68,0x00,0x00,0x0e,0x49,0x00,0x87,0x5e,0x68,0x00,0x00,
	0x16,0x09,0xf0,0x02,0xde,0xbf,0x03,0x00,0x12,0x09,0xf0,0x02,
	0xde,0xb0,0x03,0x00,0x14,0x09,0xf0,0x02,0xde,0xbf,0x03,0x00,
	0x12,0x09,0xf0,0x02,0x5e,0xb1,0x03,0x00,0x14,0x09,0xf0,0x02,
	0xde,0xbf,0x03,0x00,0x12,0x09,0xf0,0x02,0x5e,0xb3,0x03,0x00,
	0x14,0x09,0xf0,0x02,0xde,0xbf,0x03,0x00,0x33,0x6a,0x46,0x05,
	0xe0,0x80,0x01,0x00,0x17,0x09,0xf0,0x02,0xde,0xbf,0x03,0x00,
	0x33,0x6a,0x46,0x05,0x60,0x81,0x01,0x00,0x17,0x09,0xf0,0x02,
	0xde,0xbf,0x03,0x00,0x33,0x6a,0x46,0x05,0x60,0x80,0x01,0x00,
	0xda,0x0a,0xf0,0x02,0xde,0x86,0x03,0x00,0x3b,0x09,0xf0,0x02,
	0xde,0x2a,0x03,0x00,0x1f,0x09,0xf0,0x02,0xde,0xa9,0x03,0x00,
	0x3b,0x49,0x00,0xab,0xde,0x68,0x00,0x00,0x9f,0x17,0x00,0x3b,
	0x52,0xb0,0x00,0x00,0xbe,0x17,0x00,0x3b,0x52,0xb0,0x00,0x00,
	0x0c,0x27,0x00,0x03,0x60,0xbc,0x01,0x00,0x3b,0x09,0xf0,0x02,
	0xde,0xbf,0x03,0x00,0x48,0x09,0x00,0x53,0x5e,0x87,0x02,0x00,
	0x2a,0x09,0xf0,0x02,0xde,0xa0,0x03,0x00,0xdd,0x06,0xf0,0x02,
	0xde,0xbf,0x03,0x00,0x48,0x10,0x09,0x0a,0x60,0x90,0x01,0x00,
	0x9f,0x17,0x00,0x3b,0x52,0xb0,0x00,0x00,0xbe,0x17,0x00,0x3b,
	0x52,0xb0,0x00,0x00,0xeb,0xb0,0x00,0x83,0x5e,0x9e,0x01,0x00,
	0xa1,0x17,0x00,0x0f,0x52,0x06,0x01,0x00,0xa1,0x37,0x00,0x87,
	0x5e,0xb8,0x00,0x00,0xab,0x77,0xf5,0x86,0xde,0x82,0x01,0x00,
	0x80,0x30,0x00,0x03,0x61,0xbc,0x01,0x00,0xa2,0xf7,0xf3,0x3a,
	0x52,0xe8,0x00,0x00,0x2d,0xe9,0xf3,0x3a,0xd2,0x6b,0x00,0x00,
	0xa2,0xd7,0x91,0x7e,0x5e,0xe8,0x00,0x00,0xa1,0x97,0x00,0x8b,
	0x5e,0x90,0x00,0x00,0x64,0x90,0x01,0x1f,0x60,0xbc,0x01,0x00,
	0x38,0xe9,0xf3,0x3a,0x52,0x6b,0x00,0x00,0xa2,0x17,0x00,0x87,
	0x5e,0x18,0x01,0x00,0xa3,0x17,0x00,0x87,0x5e,0x0a,0x01,0x00,
	0xa2,0x57,0xf4,0x06,0x60,0x88,0x00,0x00,0x64,0x70,0xf4,0x92,
	0x41,0xe0,0x00,0x00,0x00,0x56,0xf4,0x02,0x58,0xb0,0x00,0x00,
	0x3b,0xc9,0x91,0xfa,0xde,0x6b,0x00,0x00,0xbe,0x17,0x00,0x3b,
	0x52,0xb0,0x00,0x00,0x3b,0x09,0xf0,0x02,0xde,0xbf,0x03,0x00,
	0xd4,0x11,0xf0,0x02,0x5e,0x02,0x00,0x00,0x0c,0x27,0x00,0x33,
	0x1c,0xb0,0x00,0x00,0x9f,0x17,0x00,0x3b,0x52,0xb0,0x00,0x00,
	0x48,0x09,0xf0,0x02,0xde,0x20,0x03,0x00,0x3f,0x09,0x00,0x53,
	0x5e,0x07,0x02,0x00,0x48,0x10,0x09,0x02,0xe0,0x80,0x01,0x00,
	0x48,0x09,0xf0,0x02,0xde,0xbf,0x03,0x00,0x45,0x09,0x00,0x5f,
	0xde,0x68,0x00,0x00,0x43,0x09,0x00,0x07,0x54,0x1a,0x02,0x00,
	0xa1,0x17,0x00,0x27,0xc0,0x03,0x01,0x00,0x86,0xd0,0x10,0x86,
	0x5e,0x82,0x01,0x00,0xa1,0x17,0x00,0x27,0xc0,0x02,0x01,0x00,
	0x8a,0x30,0xf4,0x2a,0x42,0xe0,0x00,0x00,0x00,0x07,0xe0,0x04,
	0xe0,0x80,0x01,0x00,0x48,0x09,0xf0,0x02,0xde,0xa9,0x03,0x00,
	0x80,0x10,0x00,0x47,0x5e,0xb0,0x00,0x00,0xa1,0x17,0x00,0x4f,
	0x5e,0x08,0x01,0x00,0x66,0x29,0x00,0x87,0x5e,0x68,0x00,0x00,
	0x6b,0x09,0xf0,0x02,0xde,0xaa,0x03,0x00,0x59,0x09,0x00,0x17,
	0x52,0x00,0x02,0x00,0x4e,0x49,0x00,0xab,0xde,0x68,0x00,0x00,
	0x94,0x20,0x00,0x53,0x02,0xe0,0x00,0x00,0xab,0x09,0x00,0x53,
	0x5e,0x86,0x02,0x00,0x47,0x0b,0x00,0x0f,0x52,0x84,0x02,0x00,
	0x53,0x09,0x00,0x0f,0xd2,0x84,0x02,0x00,0x57,0x09,0xf0,0x02,
	0xde,0xab,0x03,0x00,0x5f,0x09,0xf0,0x02,0xde,0xbf,0x03,0x00,
	0x5f,0x09,0xf0,0x02,0xde,0x2b,0x03,0x00,0x57,0x09,0x04,0x4f,
	0x5e,0x68,0x00,0x00,0xa1,0x17,0x00,0x0f,0xd2,0x06,0x01,0x00,
	0x94,0x97,0xf2,0x86,0x5e,0x84,0x01,0x00,0xab,0x09,0x02,0x4f,
	0x5e,0x68,0x00,0x00,0x92,0x09,0xf0,0x02,0xde,0xbf,0x03,0x00,
	0x5c,0x09,0xf0,0x02,0xde,0x1e,0x03,0x00,0x5c,0x09,0xf0,0x02,
	0x5e,0x31,0x03,0x00,0x94,0x97,0xf2,0x02,0x60,0x84,0x01,0x00,
	0x61,0x49,0x00,0xab,0xde,0x68,0x00,0x00,0x8f,0x20,0x00,0x3f,
	0x02,0xe0,0x00,0x00,0x64,0x09,0xf0,0x02,0xde,0xbf,0x03,0x00,
	0x64,0x49,0x00,0xab,0x5e,0x68,0x00,0x00,0xab,0x09,0x00,0x2f,
	0x52,0x80,0x02,0x00,0x64,0x09,0x00,0x07,0x41,0x02,0x02,0x00,
	0xab,0x09,0x04,0x4f,0x5e,0x68,0x00,0x00,0xab,0x89,0x02,0x4f,
	0x5e,0x68,0x00,0x00,0x47,0x0b,0x00,0x07,0x41,0x04,0x02,0x00,
	0xab,0x09,0xf0,0x02,0xde,0xbf,0x03,0x00,0xab,0x09,0xf0,0x02,
	0xde,0x2a,0x03,0x00,0x8c,0x49,0x2f,0x65,0x44,0xe0,0x00,0x00,
	0x92,0xa9,0x05,0x4f,0x5e,0x68,0x00,0x00,0x92,0x29,0x05,0x4f,
	0x5e,0x68,0x00,0x00,0xab,0x09,0xf0,0x02,0xde,0xbf,0x03,0x00,
	0x8c,0x49,0x2f,0x65,0x44,0xe0,0x00,0x00,0x7e,0x49,0x00,0xab,
	0xde,0x68,0x00,0x00,0x8d,0x09,0x00,0x03,0x60,0xbc,0x01,0x00,
	0xae,0xd7,0xf5,0x02,0x60,0x82,0x01,0x00,0x72,0x09,0x00,0xff,
	0x5e,0x80,0x02,0x00,0x74,0x09,0x00,0xaf,0x26,0x68,0x00,0x00,
	0xab,0x49,0x35,0x65,0x44,0xe0,0x00,0x00,0x74,0xc9,0xff,0xcb,
	0x26,0x68,0x00,0x00,0xb2,0x29,0x00,0xcb,0x26,0xe0,0x00,0x00,
	0x7e,0x09,0x00,0xff,0xde,0x01,0x02,0x00,0x7e,0x09,0x00,0xb3,
	0x5e,0x04,0x02,0x00,0xac,0x97,0xf5,0x02,0x60,0x84,0x01,0x00,
	0xa4,0x97,0x32,0x65,0x44,0xe8,0x00,0x00,0x6a,0x11,0xf0,0x02,
	0x5e,0x02,0x00,0x00,0x94,0x09,0x00,0x03,0x60,0xbc,0x01,0x00,
	0x7d,0x09,0x00,0x0f,0xd2,0x06,0x02,0x00,0x97,0x49,0x06,0x67,
	0x44,0xe0,0x00,0x00,0x7e,0x09,0xf0,0x02,0xde,0xbf,0x03,0x00,
	0x97,0xc9,0x32,0x65,0x44,0xe0,0x00,0x00,0x81,0x09,0x00,0x53,
	0x5e,0x06,0x02,0x00,0x98,0x20,0x00,0x63,0x02,0xe0,0x00,0x00,
	0xab,0x09,0xf0,0x02,0xde,0xbf,0x03,0x00,0x89,0x09,0xf0,0x02,
	0xde,0x23,0x03,0x00,0xa3,0x17,0x00,0x0b,0x50,0x29,0x01,0x00,
	0x89,0x29,0x05,0x8f,0xde,0x68,0x00,0x00,0x83,0x70,0x10,0x02,
	0xe0,0x87,0x01,0x00,0x48,0x10,0x09,0x02,0x60,0x84,0x01,0x00,
	0xa1,0x17,0x00,0x87,0x5e,0xb0,0x00,0x00,0x88,0x29,0x00,0x03,
	0xe0,0x6e,0x00,0x00,0x89,0x09,0xf0,0x02,0xde,0xd1,0x03,0x00,
	0x8f,0x49,0x00,0xab,0xde,0x68,0x00,0x00,0x89,0x20,0x00,0x27,
	0x02,0xe0,0x00,0x00,0x8f,0x09,0x00,0xbf,0x80,0x07,0x02,0x00,
	0xa1,0x17,0x00,0x0f,0xd2,0x07,0x01,0x00,0xac,0x97,0xf5,0x86,
	0x5e,0x81,0x01,0x00,0xa8,0x17,0x00,0x03,0x60,0xbc,0x01,0x00,
	0xab,0x09,0x00,0x4f,0x5e,0x68,0x00,0x00,0xab,0x09,0x01,0x4f,
	0x5e,0x68,0x00,0x00,0xab,0x89,0x05,0x4f,0x5e,0x68,0x00,0x00,
	0xd9,0x09,0x00,0xc7,0x47,0x80,0x02,0x00,0x98,0x09,0xf0,0x02,
	0xde,0x29,0x03,0x00,0xa1,0x17,0x00,0xaf,0xde,0x02,0x01,0x00,
	0xa2,0x17,0x00,0x0f,0x52,0x06,0x01,0x00,0xab,0x49,0xf4,0x86,
	0x5e,0x38,0x00,0x00,0xab,0x77,0xf5,0x8a,0xde,0x82,0x01,0x00,
	0xa1,0x09,0x00,0xbf,0x00,0x01,0x02,0x00,0xa1,0x09,0x00,0x0f,
	0x52,0x06,0x02,0x00,0xa1,0x17,0x00,0xc7,0xc7,0x34,0x01,0x00,
	0xd9,0xc9,0x07,0x87,0x5e,0x6e,0x00,0x00,0xf2,0x11,0x00,0x17,
	0x52,0xb0,0x00,0x00,0xf3,0x11,0x00,0x1b,0x52,0xb0,0x00,0x00,
	0xf4,0x11,0x00,0x1f,0x52,0xb0,0x00,0x00,0xf5,0x11,0x02,0x03,
	0x60,0xbc,0x01,0x00,0xf0,0x11,0x00,0x5b,0x00,0xb0,0x00,0x00,
	0xf2,0x11,0x00,0x23,0x52,0xb0,0x00,0x00,0xf3,0x11,0x00,0x27,
	0x52,0xb0,0x00,0x00,0xf4,0x11,0x00,0x2b,0x52,0xb0,0x00,0x00,
	0xa1,0x17,0x00,0x0f,0x52,0x06,0x01,0x00,0xf5,0x31,0x00,0x87,
	0x5e,0xe0,0x00,0x00,0xf0,0x11,0x00,0x5b,0x00,0xb0,0x00,0x00,
	0x00,0x18,0x00,0xc3,0x47,0xb0,0x00,0x00,0xa1,0x17,0x00,0xc7,
	0xc7,0x34,0x01,0x00,0xab,0xa9,0x02,0x84,0xde,0x6e,0x00,0x00,
	0x42,0x10,0x08,0x03,0x60,0xbc,0x01,0x00,0xad,0x09,0x00,0x07,
	0xc1,0x83,0x02,0x00,0x47,0x0b,0x00,0x53,0x5e,0x80,0x02,0x00,
	0xa1,0x17,0x00,0x33,0x40,0xb0,0x00,0x00,0xa2,0x17,0x00,0x07,
	0x9c,0x08,0x01,0x00,0xb5,0x69,0x00,0x8b,0x5e,0x68,0x00,0x00,
	0xa1,0x17,0xe5,0x30,0x40,0xe8,0x00,0x00,0xb5,0x09,0x00,0x07,
	0x1c,0x81,0x02,0x00,0xa1,0x17,0x00,0xa3,0x1c,0xb0,0x00,0x00,
	0xb5,0x09,0x00,0x07,0x9c,0x80,0x02,0x00,0xa1,0x17,0x00,0x63,
	0x5e,0xb0,0x00,0x00,0xdb,0x09,0x02,0x84,0x5e,0x6e,0x00,0x00,
	0xf8,0x06,0x00,0x87,0x5e,0xb0,0x00,0x00,0x00,0x07,0xe0,0x00,
	0x60,0x81,0x01,0x00,0xbb,0x09,0x00,0x13,0xc0,0x02,0x02,0x00,
	0xf8,0x46,0x03,0x84,0x5e,0xe0,0x00,0x00,0x00,0x07,0xe0,0x04,
	0x60,0x81,0x01,0x00,0xd4,0x09,0x00,0x07,0x1c,0x01,0x02,0x00,
	0xa1,0x17,0x00,0x53,0x5e,0x03,0x01,0x00,0x00,0x07,0xe0,0x84,
	0xde,0x87,0x01,0x00,0xda,0x0a,0xf0,0x02,0xde,0x86,0x03,0x00,
	0xdb,0x0f,0xf0,0x02,0x5e,0x02,0x00,0x00,0xbe,0x09,0xf0,0x02,
	0x5e,0x85,0x03,0x00,0xe8,0x11,0x3d,0x02,0x60,0x8e,0x01,0x00,
	0xa1,0x17,0x00,0x83,0xc7,0x07,0x01,0x00,0x00,0x07,0xe0,0x84,
	0x5e,0x82,0x01,0x00,0xc7,0x09,0x00,0x07,0x9c,0x01,0x02,0x00,
	0xa1,0x17,0x00,0x97,0xc7,0x03,0x01,0x00,0x01,0x27,0xe0,0x84,
	0x5e,0x82,0x01,0x00,0xa1,0x17,0x00,0x43,0x1c,0xb0,0x00,0x00,
	0x01,0x27,0xe0,0x84,0x5e,0x8e,0x01,0x00,0xaf,0x0c,0x00,0xaf,
	0xc0,0x07,0x02,0x00,0xe8,0x11,0x00,0x0f,0x60,0xbc,0x01,0x00,
	0x01,0x27,0xe0,0x04,0x60,0x84,0x01,0x00,0xfa,0x06,0x00,0x27,
	0x40,0xb0,0x00,0x00,0xfb,0x06,0x00,0x2b,0x40,0xb0,0x00,0x00,
	0xfc,0x06,0x00,0x6b,0x40,0xb0,0x00,0x00,0xfd,0x06,0x00,0x6f,
	0x40,0xb0,0x00,0x00,0x01,0x27,0xe0,0x04,0x60,0x84,0x01,0x00,
	0xc9,0x0c,0xf0,0x02,0x5e,0x02,0x00,0x00,0xa8,0xd7,0x1f,0xff,
	0x63,0xbc,0x01,0x00,0xd2,0x0d,0xf0,0x02,0x5e,0x02,0x00,0x00,
	0xaf,0x0c,0xf0,0x02,0x5e,0x02,0x00,0x00,0x04,0x90,0x00,0x0a,
	0x60,0xa8,0x01,0x00,0xc0,0x11,0x00,0x07,0x1c,0x01,0x02,0x00,
	0x04,0x50,0x00,0x13,0x40,0xa8,0x00,0x00,0x40,0x06,0xf0,0x02,
	0xde,0xbf,0x03,0x00,0xa1,0x20,0x00,0x87,0x02,0xe0,0x00,0x00,
	0xdc,0x09,0xf0,0x02,0xde,0xbf,0x03,0x00,0x82,0x20,0x00,0x0b,
	0x02,0xe0,0x00,0x00,0x47,0x0b,0xf0,0x02,0xde,0xa9,0x03,0x00,
	0x48,0x10,0x09,0x06,0x60,0x84,0x01,0x00,0x48,0x10,0x09,0x06,
	0xe0,0x84,0x01,0x00,0x47,0x0b,0xf0,0x02,0xde,0xbf,0x03,0x00,
	0x00,0x0a,0xf0,0x02,0xde,0x2a,0x03,0x00,0xe4,0xa9,0x06,0x4f,
	0xde,0x68,0x00,0x00,0x8e,0x20,0x00,0x3b,0x02,0xe0,0x00,0x00,
	0xe5,0x09,0xf0,0x02,0xde,0xbf,0x03,0x00,0x8d,0x20,0x00,0x37,
	0x02,0xe0,0x00,0x00,0x08,0x0a,0xf0,0x02,0xde,0x23,0x03,0x00,
	0x08,0xca,0xf1,0x4e,0xde,0x68,0x00,0x00,0x83,0x70,0x10,0x02,
	0xe0,0x87,0x01,0x00,0x48,0x10,0x09,0x02,0x60,0x84,0x01,0x00,
	0xa1,0x17,0x00,0x87,0x5e,0xb0,0x00,0x00,0xeb,0x29,0x00,0x03,
	0xe0,0x6e,0x00,0x00,0xec,0x09,0xf0,0x02,0xde,0xd1,0x03,0x00,
	0xfb,0x29,0x06,0x4f,0x5e,0x68,0x00,0x00,0x76,0x09,0x00,0x03,
	0x60,0xbc,0x01,0x00,0xf1,0x09,0xf0,0x02,0x5e,0x29,0x03,0x00,
	0xf2,0x09,0x00,0xb3,0xde,0x03,0x02,0x00,0x27,0xf4,0x84,0x1a,
	0x60,0x91,0x01,0x00,0xac,0x97,0xf5,0x02,0xe0,0x83,0x01,0x00,
	0xfa,0x09,0x00,0xbf,0x00,0x02,0x02,0x00,0xf5,0x09,0x00,0x6f,
	0x45,0x03,0x02,0x00,0x5b,0x71,0x2b,0x06,0xe0,0x85,0x01,0x00,
	0xfa,0x09,0x00,0xb3,0x5e,0x04,0x02,0x00,0x83,0x70,0x10,0x02,
	0xe0,0x87,0x01,0x00,0x48,0x10,0x09,0x02,0xe0,0x83,0x01,0x00,
	0x41,0x11,0xf0,0x02,0x5e,0x02,0x00,0x00,0x08,0x0a,0xf0,0x02,
	0xde,0xbf,0x03,0x00,0x08,0x0a,0x00,0x0b,0x50,0x05,0x02,0x00,
	0x48,0x10,0x09,0x06,0x60,0x82,0x01,0x00,0xff,0x09,0x00,0xbf,
	0x80,0x07,0x02,0x00,0xff,0x09,0x00,0x0f,0xd2,0x07,0x02,0x00,
	0xac,0x97,0xf5,0x06,0xe0,0x80,0x01,0x00,0x08,0x0a,0xf0,0x02,
	0xde,0xbf,0x03,0x00,0x05,0x0a,0x00,0xc3,0x00,0x87,0x02,0x00,
	0x05,0xaa,0x06,0x4f,0xde,0x68,0x00,0x00,0x05,0x0a,0x00,0x13,
	0xd2,0x68,0x00,0x00,0x83,0x11,0x00,0x03,0x60,0xbc,0x01,0x00,
	0x82,0x11,0x00,0x03,0x60,0xbc,0x01,0x00,0x08,0x2a,0x06,0x4f,
	0xde,0x68,0x00,0x00,0x93,0x20,0x00,0x4f,0x02,0xe0,0x00,0x00,
	0x08,0x0a,0xf0,0x02,0xde,0xbf,0x03,0x00,0x0a,0x0a,0xf0,0x02,
	0xde,0xaa,0x03,0x00,0x0d,0x0a,0x00,0x07,0x41,0x04,0x02,0x00,
	0xdf,0x08,0x00,0x07,0x41,0x83,0x02,0x00,0x0d,0x0a,0xf0,0x02,
	0xde,0xbf,0x03,0x00,0xdf,0x08,0x00,0x07,0x41,0x84,0x02,0x00,
	0x94,0x97,0xf2,0x06,0x60,0x80,0x01,0x00,0xdf,0x08,0xf0,0x02,
	0xde,0xbf,0x03,0x00,0x12,0x0a,0xf0,0x02,0x5e,0x9f,0x03,0x00,
	0x55,0x0c,0xf0,0x02,0xde,0x9e,0x03,0x00,0x55,0x0c,0x00,0x53,
	0x5e,0x03,0x02,0x00,0x16,0x0a,0x00,0x43,0x81,0x04,0x02,0x00,
	0xa1,0x17,0x00,0x63,0x01,0x00,0x01,0x00,0xa2,0x17,0x00,0x27,
	0xc0,0x02,0x01,0x00,0x0c,0x4a,0xf4,0x86,0xde,0x38,0x00,0x00,
	0x18,0x0a,0xf0,0x02,0xde,0xaa,0x03,0x00,0x0c,0x0a,0x00,0x17,
	0x52,0x00,0x02,0x00,0x80,0x17,0x02,0x03,0x60,0xbc,0x01,0x00,
	0x25,0x0a,0x00,0x2f,0x52,0x80,0x02,0x00,0x23,0x0a,0xf0,0x02,
	0x5e,0xb3,0x03,0x00,0xa1,0x17,0x00,0x8b,0x0c,0xb0,0x00,0x00,
	0xa2,0x17,0x01,0x9b,0x0c,0x88,0x00,0x00,0xa2,0x57,0xf4,0x36,
	0x52,0xa8,0x00,0x00,0x55,0x2c,0xf4,0x8a,0xde,0x68,0x00,0x00,
	0xa1,0x17,0x00,0x87,0x0c,0xb0,0x00,0x00,0x55,0x2c,0xf4,0x32,
	0xd2,0x68,0x00,0x00,0xa1,0x17,0x00,0x83,0x0c,0xb0,0x00,0x00,
	0x55,0x2c,0xf4,0x2e,0xd2,0x68,0x00,0x00,0x80,0x17,0x01,0x37,
	0x52,0x90,0x00,0x00,0x80,0xd7,0x64,0x00,0x5e,0xa0,0x00,0x00,
	0x5b,0x0a,0x00,0x3f,0x52,0x3c,0x02,0x00,0xa1,0x17,0x00,0x3f,
	0x52,0x3c,0x01,0x00,0x2b,0x0a,0x00,0xbf,0x00,0x81,0x02,0x00,
	0x80,0x17,0x00,0x03,0x60,0xbc,0x01,0x00,0xa2,0x17,0x00,0x93,
	0x00,0xb0,0x00,0x00,0x46,0x0a,0xf0,0x02,0xde,0xbf,0x03,0x00,
	0x73,0x10,0x10,0x03,0x60,0xbc,0x01,0x00,0xa3,0x57,0x00,0x03,
	0x60,0xbc,0x01,0x00,0x65,0x10,0x19,0x1b,0x60,0xbc,0x01,0x00,
	0xa2,0x17,0x00,0x03,0x5a,0xb0,0x00,0x00,0x31,0x2a,0xf4,0x8e,
	0xde,0x6e,0x00,0x00,0xa2,0xf7,0x1f,0x8b,0x5e,0xa0,0x00,0x00,
	0x74,0x10,0x00,0x8b,0x5e,0xb0,0x00,0x00,0x36,0x2a,0xf4,0x8e,
	0xde,0x6d,0x00,0x00,0x65,0x30,0x00,0x97,0x41,0xe0,0x00,0x00,
	0xa3,0x57,0x00,0x8f,0x5e,0xe0,0x00,0x00,0x2e,0x0a,0xf0,0x02,
	0xde,0xbf,0x03,0x00,0x3a,0x0a,0x04,0x8f,0x5e,0x68,0x00,0x00,
	0x74,0x10,0x00,0x03,0x60,0xbc,0x01,0x00,0xa3,0x57,0x00,0x8f,
	0x5e,0xe0,0x00,0x00,0x36,0x0a,0xf0,0x02,0xde,0xbf,0x03,0x00,
	0x71,0x10,0x00,0x03,0x60,0xbc,0x01,0x00,0x72,0xf0,0x11,0x03,
	0x60,0xbc,0x01,0x00,0x70,0x30,0x12,0x87,0x5e,0xac,0x01,0x00,
	0x00,0x18,0x00,0xc3,0x41,0xb0,0x00,0x00,0x3e,0x0a,0x00,0xc3,
	0x41,0x80,0x02,0x00,0x80,0x0a,0x00,0xc3,0xc1,0x87,0x02,0x00,
	0x73,0x10,0x08,0x03,0x60,0xbc,0x01,0x00,0x43,0x0a,0x02,0x03,
	0xde,0x20,0x00,0x00,0x80,0x8a,0x0e,0x02,0xde,0x38,0x00,0x00,
	0xa3,0xd7,0x64,0xd0,0x41,0xa0,0x00,0x00,0x80,0x77,0xf4,0x02,
	0x5e,0xb0,0x00,0x00,0x5d,0x0a,0xf0,0x02,0xde,0xbf,0x03,0x00,
	0x7d,0x0a,0x00,0x8b,0x5e,0x68,0x00,0x00,0x7d,0x4a,0xf4,0x86,
	0xde,0x68,0x00,0x00,0x64,0x10,0x16,0x03,0x60,0xbc,0x01,0x00,
	0x4e,0x0a,0x00,0x03,0x5e,0x08,0x02,0x00,0x64,0x10,0x06,0x0f,
	0x60,0xbc,0x01,0x00,0xa2,0x37,0x00,0x03,0x5e,0xe8,0x00,0x00,
	0xa2,0x17,0x00,0x8b,0x5e,0x8a,0x01,0x00,0x64,0x50,0xf4,0x92,
	0x41,0xe0,0x00,0x00,0x65,0x10,0x19,0x1b,0x60,0xbc,0x01,0x00,
	0x57,0x2a,0x00,0x87,0x5e,0x68,0x00,0x00,0xa2,0x17,0x00,0x03,
	0x5a,0xb0,0x00,0x00,0x7d,0x0a,0xc0,0x8a,0xde,0x68,0x00,0x00,
	0x65,0x30,0x00,0x97,0x41,0xe0,0x00,0x00,0x64,0x30,0x00,0x93,
	0x41,0xe0,0x00,0x00,0xa1,0x57,0x00,0x87,0x5e,0xe8,0x00,0x00,
	0x50,0x2a,0x00,0x87,0x5e,0x6a,0x00,0x00,0x5d,0x0a,0x00,0x87,
	0x5e,0x68,0x00,0x00,0xa1,0x17,0x00,0x03,0x5a,0x38,0x01,0x00,
	0xa2,0x17,0x00,0x03,0x58,0x38,0x01,0x00,0x7d,0x4a,0xf4,0x86,
	0xde,0x68,0x00,0x00,0x5d,0x0a,0xf0,0x02,0xde,0xbf,0x03,0x00,
	0x55,0x0c,0x00,0x07,0xc1,0x85,0x02,0x00,0x80,0x17,0x04,0x03,
	0x5e,0xb0,0x00,0x00,0x65,0xf0,0x18,0x1b,0x60,0xbc,0x01,0x00,
	0xa4,0xb7,0x05,0x03,0x60,0xbc,0x01,0x00,0x14,0x01,0xf0,0x02,
	0x5e,0x02,0x00,0x00,0x80,0x0a,0x00,0xc3,0x00,0x80,0x02,0x00,
	0xa6,0x17,0x19,0x13,0x60,0xbc,0x01,0x00,0xa5,0xb7,0x00,0x7f,
	0x01,0xe0,0x00,0x00,0x65,0xca,0xf4,0x96,0x5e,0x6d,0x00,0x00,
	0xa5,0x97,0x11,0x13,0x60,0xbc,0x01,0x00,0x82,0xca,0x0b,0x94,
	0x5e,0x68,0x00,0x00,0x65,0x10,0x00,0x7b,0x01,0xb0,0x00,0x00,
	0xa2,0x17,0x00,0x27,0x52,0xb0,0x00,0x00,0xa3,0x17,0x00,0x2b,
	0x52,0xb0,0x00,0x00,0x70,0xea,0x0b,0x94,0x41,0x68,0x00,0x00,
	0x6c,0x4a,0xd0,0x8e,0xde,0x68,0x00,0x00,0x80,0x2a,0xd0,0x8a,
	0x5e,0x68,0x00,0x00,0x65,0xb0,0x00,0x97,0x41,0xe0,0x00,0x00,
	0x69,0xca,0xf4,0x96,0x41,0x6d,0x00,0x00,0x65,0x90,0x11,0x13,
	0x60,0xbc,0x01,0x00,0x69,0x0a,0xf0,0x02,0xde,0xbf,0x03,0x00,
	0xa2,0x20,0x00,0x8b,0x02,0xe0,0x00,0x00,0x65,0x10,0x00,0x7f,
	0x01,0xb0,0x00,0x00,0x80,0x16,0x00,0x23,0x52,0xb0,0x00,0x00,
	0x81,0x16,0x00,0x27,0x52,0xb0,0x00,0x00,0x82,0x16,0x00,0x2b,
	0x52,0xb0,0x00,0x00,0xa1,0xf7,0xf2,0x02,0x52,0xbc,0x01,0x00,
	0x83,0x36,0xf4,0x02,0x5e,0xa9,0x01,0x00,0x84,0x16,0x01,0x67,
	0x44,0x90,0x00,0x00,0x7a,0xaa,0x05,0x93,0xde,0x68,0x00,0x00,
	0x84,0x96,0xd0,0x06,0x60,0x84,0x01,0x00,0x5f,0x00,0x00,0x97,
	0x5e,0xb0,0x00,0x00,0x43,0x10,0x02,0x03,0x60,0xbc,0x01,0x00,
	0x80,0x0a,0xf0,0x02,0xde,0xbf,0x03,0x00,0x80,0x0a,0x02,0x03,
	0x5e,0x20,0x00,0x00,0x80,0x37,0x00,0x03,0x5e,0xe0,0x00,0x00,
	0x26,0xea,0x01,0x03,0xde,0x20,0x00,0x00,0xf7,0x06,0xf0,0x02,
	0xde,0xaa,0x03,0x00,0xdf,0x08,0xf0,0x02,0xde,0xbf,0x03,0x00,
	0xa3,0x20,0x00,0x8f,0x02,0xe0,0x00,0x00,0x0c,0x0a,0xf0,0x02,
	0xde,0xbf,0x03,0x00,0x55,0x0c,0xf0,0x02,0xde,0x9e,0x03,0x00,
	0x87,0x0a,0xf0,0x02,0xde,0xaa,0x03,0x00,0x0c,0x0a,0x00,0x17,
	0x52,0x00,0x02,0x00,0x55,0x0c,0xf0,0x02,0x5e,0x33,0x03,0x00,
	0x94,0x97,0xf2,0x06,0x60,0x84,0x01,0x00,0xf7,0x06,0xf0,0x02,
	0xde,0xaa,0x03,0x00,0xdf,0x08,0xf0,0x02,0xde,0xbf,0x03,0x00,
	0x8d,0x0a,0xf0,0x02,0x5e,0x83,0x03,0x00,0x8b,0x8a,0x03,0x33,
	0x40,0x6d,0x00,0x00,0x0c,0x8a,0x03,0x33,0x40,0x6d,0x00,0x00,
	0x56,0x0c,0xf0,0x02,0xde,0x2a,0x03,0x00,0xf7,0x06,0xf0,0x02,
	0xde,0xbf,0x03,0x00,0x93,0x0a,0xf0,0x02,0xde,0x2a,0x03,0x00,
	0x8c,0x20,0x00,0x33,0x02,0xe0,0x00,0x00,0xfb,0x06,0xf0,0x02,
	0xde,0xbf,0x03,0x00,0x92,0x20,0x00,0x4b,0x02,0xe0,0x00,0x00,
	0x81,0x17,0x00,0x27,0xc0,0x03,0x01,0x00,0x81,0xb7,0xe2,0x04,
	0x5e,0x82,0x01,0x00,0xba,0x0d,0xf0,0x02,0x5e,0x02,0x00,0x00,
	0xa2,0x37,0x00,0x23,0x00,0x88,0x00,0x00,0xa2,0xf7,0x00,0x88,
	0x5e,0xe0,0x00,0x00,0x89,0x51,0xf4,0x86,0x5e,0xe0,0x00,0x00,
	0x80,0x11,0x30,0x06,0xe0,0x86,0x01,0x00,0x08,0x0a,0xf0,0x02,
	0xde,0xbf,0x03,0x00,0x9d,0x00,0xf0,0x02,0xde,0xa2,0x03,0x00,
	0xb4,0x0a,0xf0,0x02,0xde,0xa3,0x03,0x00,0x7f,0x20,0x00,0xff,
	0x01,0xe0,0x00,0x00,0xa3,0x17,0x00,0x03,0x60,0xbc,0x01,0x00,
	0xb6,0x0a,0xf0,0x02,0xde,0xbf,0x03,0x00,0xa0,0x10,0x03,0x04,
	0x60,0x87,0x01,0x00,0xe4,0x51,0x00,0x03,0x60,0xbc,0x01,0x00,
	0x00,0x18,0x00,0x93,0x47,0xb0,0x00,0x00,0x04,0x90,0x02,0x03,
	0x60,0xbc,0x01,0x00,0xe0,0x11,0x00,0x0f,0x62,0xbc,0x01,0x00,
	0xe8,0x31,0x01,0x0f,0x60,0xbc,0x01,0x00,0x00,0x18,0x00,0xa3,
	0x47,0xb0,0x00,0x00,0xe8,0x11,0x00,0x0f,0x60,0xbc,0x01,0x00,
	0x48,0x10,0x09,0x06,0x60,0x84,0x01,0x00,0xad,0x0a,0x09,0x1e,
	0x60,0x20,0x00,0x00,0x7e,0x20,0x00,0xfb,0x01,0xe0,0x00,0x00,
	0xbc,0x0a,0xf0,0x02,0xde,0xbf,0x03,0x00,0xa1,0xd7,0x0e,0x03,
	0x60,0xbc,0x01,0x00,0xa2,0x17,0x00,0x63,0x00,0x14,0x01,0x00,
	0x65,0x50,0xf4,0x86,0x5e,0xe0,0x00,0x00,0x80,0x36,0x00,0x03,
	0x5a,0xe0,0x00,0x00,0xb5,0x0a,0x00,0x9f,0x50,0x91,0x02,0x00,
	0x27,0xf4,0x84,0x1a,0x60,0x91,0x01,0x00,0xb5,0x0a,0xf0,0x02,
	0xde,0xbf,0x03,0x00,0x7f,0x20,0x00,0xff,0x01,0xe0,0x00,0x00,
	0xa3,0x37,0x00,0x03,0x60,0xbc,0x01,0x00,0xbc,0x0a,0xf0,0x02,
	0xde,0x23,0x03,0x00,0x48,0x10,0x09,0x02,0xe0,0x83,0x01,0x00,
	0xac,0x97,0xf5,0x02,0x60,0x84,0x01,0x00,0x8e,0x17,0x00,0x03,
	0x60,0xbc,0x01,0x00,0x83,0x70,0x10,0x02,0xe0,0x87,0x01,0x00,
	0x48,0x10,0x09,0x02,0x60,0x82,0x01,0x00,0xbd,0x0a,0xf0,0x02,
	0xde,0xd0,0x03,0x00,0xbe,0x0a,0xf0,0x02,0x5e,0xd0,0x03,0x00,
	0x48,0x10,0x09,0x02,0xe0,0x82,0x01,0x00,0xc0,0x0a,0xf0,0x02,
	0xde,0xd5,0x03,0x00,0xb4,0x10,0x00,0x03,0x60,0xbc,0x01,0x00,
	0xa1,0xf7,0x00,0x03,0x60,0xbc,0x01,0x00,0xc4,0x2a,0x01,0xa7,
	0x00,0x68,0x00,0x00,0xc7,0x8a,0x00,0xa7,0x80,0x68,0x00,0x00,
	0xc9,0x0a,0x00,0x1b,0x42,0x88,0x02,0x00,0xa1,0xb7,0x0a,0x1c,
	0x60,0xb0,0x00,0x00,0xc9,0x0a,0xf0,0x02,0xde,0xbf,0x03,0x00,
	0xc9,0x0a,0x00,0xa7,0x00,0x68,0x00,0x00,0xa1,0x37,0xf4,0x1a,
	0x42,0x85,0x01,0x00,0xd3,0x00,0xf0,0x02,0x5e,0x02,0x00,0x00,
	0xa5,0x17,0x00,0x67,0x40,0xb0,0x00,0x00,0xa2,0xf7,0x1f,0xff,
	0x63,0xbc,0x01,0x00,0xd8,0x00,0xf0,0x02,0x5e,0x02,0x00,0x00,
	0xa4,0x57,0x01,0x07,0x60,0x88,0x00,0x00,0xd0,0x2a,0x01,0xa7,
	0x00,0x68,0x00,0x00,0xd1,0x8a,0x00,0xa7,0x80,0x68,0x00,0x00,
	0xa4,0x17,0x00,0x57,0x01,0xb0,0x00,0x00,0xa1,0x97,0xf4,0x86,
	0x5e,0xb8,0x00,0x00,0xd8,0x00,0xf0,0x02,0x5e,0x02,0x00,0x00,
	0x02,0x00,0x00,0x8f,0x5e,0x68,0x00,0x00,0xd7,0x0a,0x09,0x1e,
	0xe0,0x20,0x00,0x00,0x2e,0x14,0x00,0x97,0x5e,0xb0,0x00,0x00,
	0x12,0x03,0xf0,0x02,0xde,0xbf,0x03,0x00,0x48,0xf0,0x00,0x23,
	0x41,0xa8,0x00,0x00,0x02,0x00,0xf0,0x02,0xde,0xbf,0x03,0x00,
	0x48,0x10,0x09,0x02,0x60,0x83,0x01,0x00,0xdc,0x0a,0x02,0x30,
	0x40,0x6e,0x00,0x00,0x9d,0x20,0x00,0x77,0x02,0xe0,0x00,0x00,
	0xce,0x12,0xf0,0x02,0x5e,0x02,0x00,0x00,0xdf,0x08,0xf0,0x02,
	0x5e,0xa3,0x03,0x00,0xdf,0x0a,0xf0,0x02,0xde,0xc6,0x03,0x00,
	0x48,0x10,0x09,0x06,0xe0,0x84,0x01,0x00,0x47,0x0b,0xf0,0x02,
	0xde,0xbf,0x03,0x00,0x98,0x00,0x09,0x8a,0xe3,0x20,0x00,0x00,
	0x98,0x00,0x00,0x23,0x45,0x84,0x02,0x00,0x98,0x00,0xf0,0x02,
	0x5e,0x91,0x03,0x00,0x98,0x00,0xf0,0x02,0xde,0x96,0x03,0x00,
	0x98,0x00,0xf0,0x02,0x5e,0x96,0x03,0x00,0x63,0x0b,0xf0,0x02,
	0x5e,0x02,0x00,0x00,0xf0,0x0a,0x00,0xc7,0x00,0x00,0x02,0x00,
	0xa1,0x17,0x00,0x03,0x60,0xbc,0x01,0x00,0xe9,0x11,0xf0,0x02,
	0x5e,0x02,0x00,0x00,0xa1,0x57,0x0e,0x03,0x60,0xbc,0x01,0x00,
	0xa2,0x17,0x00,0xd7,0x1c,0xb0,0x00,0x00,0xd8,0x00,0xf0,0x02,
	0x5e,0x02,0x00,0x00,0xa1,0x77,0x0e,0x03,0x60,0xbc,0x01,0x00,
	0xa2,0x57,0x10,0x03,0x60,0xbc,0x01,0x00,0xd8,0x00,0xf0,0x02,
	0x5e,0x02,0x00,0x00,0x20,0x60,0x00,0x03,0x60,0xbc,0x01,0x00,
	0x00,0x0b,0x00,0x73,0x01,0x68,0x00,0x00,0x03,0x01,0xf0,0x02,
	0x5e,0x02,0x00,0x00,0xe4,0x10,0x00,0x73,0x01,0xb0,0x00,0x00,
	0x06,0x00,0x00,0x03,0x60,0xbc,0x01,0x00,0x5c,0x00,0x00,0x03,
	0x60,0xbc,0x01,0x00,0x82,0xd7,0x01,0x03,0x60,0xbc,0x01,0x00,
	0xe0,0x30,0x7f,0x08,0xde,0xd2,0x01,0x00,0xe1,0x10,0x00,0xeb,
	0x0f,0xb0,0x00,0x00,0x86,0x10,0x00,0x47,0x00,0xb0,0x00,0x00,
	0x8a,0x10,0x00,0x07,0x10,0xb0,0x00,0x00,0x81,0x37,0x00,0x03,
	0x60,0xbc,0x01,0x00,0x93,0x0d,0xf0,0x02,0x5e,0x02,0x00,0x00,
	0x48,0x10,0x09,0x0a,0x60,0x90,0x01,0x00,0x80,0x30,0x00,0x03,
	0x61,0xbc,0x01,0x00,0x02,0x00,0xf0,0x02,0xde,0xbf,0x03,0x00,
	0x42,0x30,0x00,0x03,0x60,0xbc,0x01,0x00,0x23,0x71,0x24,0x02,
	0xe0,0x87,0x01,0x00,0x9f,0x10,0xf0,0x02,0x5e,0x02,0x00,0x00,
	0xfc,0x12,0x00,0x1f,0xc1,0x83,0x02,0x00,0x03,0x0b,0xf0,0x02,
	0x5e,0x12,0x03,0x00,0x14,0x13,0xf0,0x02,0x5e,0x02,0x00,0x00,
	0x20,0x40,0x00,0x03,0x60,0xbc,0x01,0x00,0xa1,0x17,0x00,0x43,
	0x01,0x04,0x01,0x00,0x35,0xa7,0xe6,0x84,0x5e,0x82,0x01,0x00,
	0xa1,0x57,0x00,0x03,0x60,0xbc,0x01,0x00,0xe9,0x11,0xf0,0x02,
	0x5e,0x02,0x00,0x00,0x25,0x11,0x00,0x83,0x61,0xbc,0x01,0x00,
	0x27,0x11,0x00,0x7b,0x00,0xb0,0x00,0x00,0x5e,0x80,0x11,0x13,
	0x60,0xbc,0x01,0x00,0x5f,0x80,0x11,0x13,0x60,0xbc,0x01,0x00,
	0x25,0x03,0x00,0x03,0x60,0xbc,0x01,0x00,0xae,0xd7,0xf5,0x06,
	0xe0,0x80,0x01,0x00,0xa1,0x17,0x00,0x07,0xc1,0x07,0x01,0x00,
	0xab,0x77,0xf5,0x86,0x5e,0x80,0x01,0x00,0xe8,0x11,0x00,0x0f,
	0x60,0xbc,0x01,0x00,0xa1,0x17,0x16,0x03,0x60,0xbc,0x01,0x00,
	0xd3,0x00,0xf0,0x02,0x5e,0x02,0x00,0x00,0x34,0x0a,0x00,0x67,
	0x40,0xb0,0x00,0x00,0xe0,0x11,0x00,0x0f,0x62,0xbc,0x01,0x00,
	0x25,0x0b,0xf0,0x02,0x5e,0x02,0x00,0x00,0x5c,0x10,0x0c,0xcf,
	0x61,0xbc,0x01,0x00,0x5d,0x10,0x00,0x03,0x60,0xbc,0x01,0x00,
	0x5e,0xf0,0x01,0xcf,0x61,0xbc,0x01,0x00,0x5f,0xf0,0x08,0x3b,
	0x60,0xbc,0x01,0x00,0x72,0x10,0xf0,0x02,0x5e,0x02,0x00,0x00,
	0x32,0x07,0x00,0x03,0x60,0xbc,0x01,0x00,0x11,0x00,0x00,0xc7,
	0x00,0x03,0x02,0x00,0xe8,0x03,0x00,0x03,0x60,0xbc,0x01,0x00,
	0xed,0x03,0x00,0x03,0x60,0xbc,0x01,0x00,0xf2,0x03,0x00,0x03,
	0x60,0xbc,0x01,0x00,0xf7,0x03,0x00,0x03,0x60,0xbc,0x01,0x00,
	0x11,0x00,0xf0,0x02,0xde,0xbf,0x03,0x00,0x48,0x10,0x00,0x03,
	0x60,0xbc,0x01,0x00,0xac,0x57,0x03,0xb3,0x5e,0xa8,0x00,0x00,
	0x54,0xf0,0x1f,0xff,0x63,0xbc,0x01,0x00,0x55,0xf0,0x1f,0xff,
	0x63,0xbc,0x01,0x00,0x56,0xf0,0x1f,0xbf,0x63,0xbc,0x01,0x00,
	0x57,0xf0,0x0f,0xff,0x63,0xbc,0x01,0x00,0xce,0x12,0xf0,0x02,
	0x5e,0x02,0x00,0x00,0x23,0x71,0x24,0x06,0xe0,0x87,0x01,0x00,
	0x54,0x10,0x00,0x03,0x60,0xbc,0x01,0x00,0x55,0x10,0x00,0x03,
	0x60,0xbc,0x01,0x00,0x56,0x10,0x00,0x03,0x60,0xbc,0x01,0x00,
	0x57,0x10,0x00,0x03,0x60,0xbc,0x01,0x00,0x17,0x20,0x00,0x0f,
	0x60,0xbc,0x01,0x00,0xa1,0x17,0x00,0x07,0xc1,0x06,0x01,0x00,
	0x17,0xe0,0x02,0x84,0x5e,0x82,0x01,0x00,0xa1,0x17,0x00,0x07,
	0x41,0x07,0x01,0x00,0xa1,0x37,0x00,0x87,0x5e,0xb8,0x00,0x00,
	0x16,0x00,0x00,0x87,0xde,0x80,0x01,0x00,0x00,0x00,0xf0,0x02,
	0xde,0x02,0x00,0x00,0x02,0x00,0x00,0x37,0xc0,0x85,0x02,0x00,
	0xdb,0x0f,0xf0,0x02,0x5e,0x02,0x00,0x00,0x38,0x0b,0x00,0x37,
	0x40,0x86,0x02,0x00,0xf7,0x0d,0xf0,0x02,0x5e,0x02,0x00,0x00,
	0xac,0x97,0xf5,0x06,0x60,0x82,0x01,0x00,0x86,0x20,0x00,0x1b,
	0x02,0xe0,0x00,0x00,0x40,0x0b,0x00,0xbb,0x5e,0x04,0x02,0x00,
	0xaf,0x20,0x00,0xbf,0x02,0xe0,0x00,0x00,0x33,0x6a,0x46,0x05,
	0xe0,0x81,0x01,0x00,0xda,0x0a,0xf0,0x02,0xde,0x86,0x03,0x00,
	0xda,0x0a,0x00,0x37,0xc0,0x87,0x02,0x00,0x2a,0x10,0x00,0x03,
	0x60,0x58,0x01,0x00,0x04,0x90,0x00,0x03,0x60,0xbc,0x01,0x00,
	0xa1,0x17,0x00,0x13,0x40,0xb0,0x00,0x00,0x11,0x00,0xf0,0x02,
	0xde,0xbf,0x03,0x00,0x24,0x90,0x04,0x0a,0x60,0xb8,0x01,0x00,
	0x4a,0x0b,0xf0,0x02,0x5e,0xaa,0x03,0x00,0x2a,0x10,0x00,0x03,
	0x60,0x58,0x01,0x00,0x04,0x90,0x02,0x03,0x60,0xbc,0x01,0x00,
	0x00,0x18,0x00,0x13,0x40,0xb0,0x00,0x00,0x48,0x10,0x09,0x02,
	0x60,0x83,0x01,0x00,0xe4,0x51,0x00,0x03,0x60,0xbc,0x01,0x00,
	0x00,0x18,0x00,0x93,0x47,0xb0,0x00,0x00,0xe0,0x11,0x00,0x0f,
	0x62,0xbc,0x01,0x00,0x01,0x27,0xe0,0x00,0x60,0x80,0x01,0x00,
	0xdb,0x0f,0xf0,0x02,0x5e,0x02,0x00,0x00,0x51,0x0b,0xf0,0x02,
	0x5e,0x85,0x03,0x00,0xe0,0x11,0x00,0x0f,0x62,0xbc,0x01,0x00,
	0xe8,0x31,0x01,0x0f,0x60,0xbc,0x01,0x00,0x00,0x18,0x00,0xa3,
	0x47,0xb0,0x00,0x00,0xe8,0x11,0x00,0x0f,0x60,0xbc,0x01,0x00,
	0xa1,0x57,0x01,0x03,0x60,0xbc,0x01,0x00,0xa1,0x37,0x00,0x87,
	0x5e,0xe8,0x00,0x00,0x58,0x0b,0x00,0x87,0xde,0x68,0x00,0x00,
	0x04,0x90,0x02,0x03,0x60,0xbc,0x01,0x00,0x00,0x18,0x00,0x13,
	0x40,0xb0,0x00,0x00,0x40,0x06,0xf0,0x02,0xde,0x24,0x03,0x00,
	0xab,0x77,0xf5,0x06,0x60,0x86,0x01,0x00,0x63,0x0b,0xf0,0x02,
	0x5e,0x02,0x00,0x00,0x81,0x30,0x10,0x06,0x60,0x80,0x01,0x00,
	0xa1,0x17,0x00,0x87,0x5e,0xb0,0x00,0x00,0x81,0x30,0x10,0x02,
	0x60,0x80,0x01,0x00,0x40,0x06,0xf0,0x02,0xde,0xbf,0x03,0x00,
	0x80,0x10,0x00,0x03,0x61,0xbc,0x01,0x00,0x00,0x18,0x00,0x03,
	0x42,0xb0,0x00,0x00,0x66,0x2b,0x00,0x03,0xe0,0x6e,0x00,0x00,
	0x69,0x0b,0xf0,0x02,0x5e,0x50,0x03,0x00,0x00,0x00,0xf0,0x02,
	0x5e,0x01,0x00,0x00,0x2a,0x03,0xf0,0x02,0xde,0xbf,0x03,0x00,
	0xac,0x97,0xf5,0x02,0x60,0x84,0x01,0x00,0x48,0xf0,0x04,0x23,
	0x41,0xa8,0x00,0x00,0x48,0x10,0x09,0x02,0x60,0x82,0x01,0x00,
	0x6f,0x0b,0x00,0xaf,0xde,0x06,0x02,0x00,0x6f,0x0b,0xf0,0x02,
	0xde,0xd5,0x03,0x00,0x6d,0x0b,0xf0,0x02,0xde,0x50,0x03,0x00,
	0xb4,0x10,0x00,0x03,0x60,0xbc,0x01,0x00,0x72,0x0b,0x00,0x83,
	0xc7,0x84,0x02,0x00,0xe0,0x11,0x00,0x0b,0x60,0xbc,0x01,0x00,
	0xab,0x77,0xf5,0x02,0x60,0x8e,0x01,0x00,0x00,0x00,0xf0,0x02,
	0xde,0x02,0x00,0x00,0x98,0x00,0xf0,0x02,0xde,0xa2,0x03,0x00,
	0x7b,0x0b,0x00,0x87,0x42,0xbc,0x02,0x00,0xa4,0x37,0x00,0x03,
	0x60,0xbc,0x01,0x00,0xa3,0xf7,0x1f,0x03,0x60,0xbc,0x01,0x00,
	0xa2,0x17,0x00,0x63,0x00,0x14,0x01,0x00,0xa2,0x57,0xf4,0x06,
	0x60,0x88,0x00,0x00,0x80,0x0b,0xf0,0x02,0xde,0xbf,0x03,0x00,
	0xa4,0x17,0x01,0x07,0x60,0x88,0x00,0x00,0xa3,0x17,0x00,0xff,
	0x63,0xbc,0x01,0x00,0xa2,0x17,0x00,0x63,0x00,0x14,0x01,0x00,
	0xa2,0x17,0x01,0x8b,0x5e,0xe0,0x00,0x00,0xa2,0x57,0xf4,0x06,
	0x60,0x88,0x00,0x00,0x65,0x10,0x19,0x13,0x60,0xbc,0x01,0x00,
	0x86,0x8b,0xf4,0x86,0xc2,0x20,0x00,0x00,0x65,0xd0,0x06,0x97,
	0x41,0xe0,0x00,0x00,0xa4,0x37,0x00,0x93,0x5e,0x88,0x00,0x00,
	0x98,0x60,0xf4,0x92,0x5e,0x20,0x00,0x00,0x81,0x0b,0xf0,0x02,
	0xde,0xbf,0x03,0x00,0x8a,0x4b,0xf4,0x92,0xde,0x68,0x00,0x00,
	0x8a,0x0b,0xf0,0x02,0xde,0xa0,0x03,0x00,0x82,0x0b,0x16,0x23,
	0xc1,0x20,0x00,0x00,0x63,0x0b,0xf0,0x02,0x5e,0x02,0x00,0x00,
	0x97,0x0b,0x20,0x93,0xde,0x6d,0x00,0x00,0x96,0x0b,0x00,0xc3,
	0x5a,0x00,0x02,0x00,0x96,0x0b,0x00,0xc3,0x5a,0x3c,0x02,0x00,
	0x98,0x00,0xf0,0x02,0xde,0x85,0x03,0x00,0x98,0x00,0xf0,0x02,
	0x5e,0x85,0x03,0x00,0x98,0x00,0xf0,0x02,0xde,0xa2,0x03,0x00,
	0x98,0x00,0xf0,0x02,0xde,0xa3,0x03,0x00,0x98,0x00,0xf0,0x02,
	0xde,0x97,0x03,0x00,0x60,0x10,0x00,0x97,0x41,0xb0,0x00,0x00,
	0xa4,0x97,0xf4,0x06,0x60,0x88,0x00,0x00,0x27,0xf4,0x84,0x0a,
	0x60,0x91,0x01,0x00,0x12,0x03,0xf0,0x02,0xde,0xbf,0x03,0x00,
	0xb0,0x16,0xd6,0x02,0x60,0x80,0x01,0x00,0xa1,0x10,0x00,0x93,
	0x5e,0xb0,0x00,0x00,0xbf,0xf7,0xf7,0x02,0x60,0x83,0x01,0x00,
	0x43,0x30,0x00,0x03,0x60,0xbc,0x01,0x00,0x82,0x0b,0xf0,0x02,
	0xde,0xbf,0x03,0x00,0x02,0x00,0x00,0x1f,0xc2,0x83,0x02,0x00,
	0xa1,0x17,0x00,0x87,0x5e,0xb0,0x00,0x00,0x62,0x05,0xf0,0x02,
	0xde,0xd0,0x03,0x00,0x42,0x10,0x04,0x03,0x60,0xbc,0x01,0x00,
	0x11,0x00,0xf0,0x02,0xde,0x9e,0x03,0x00,0x45,0x11,0x00,0x3f,
	0x5e,0xb0,0x00,0x00,0x8f,0x17,0x00,0x03,0x60,0xbc,0x01,0x00,
	0x85,0x17,0x00,0x43,0x5e,0xb0,0x00,0x00,0x90,0x17,0x00,0x0f,
	0x5e,0xb0,0x00,0x00,0x63,0x0b,0xf0,0x02,0x5e,0x02,0x00,0x00,
	0x11,0x00,0xf0,0x02,0xde,0xbf,0x03,0x00,0x0d,0x8a,0x05,0x33,
	0x40,0x6d,0x00,0x00,0xab,0x0b,0xf0,0x02,0xde,0xab,0x03,0x00,
	0xeb,0x8b,0x02,0x4f,0x5e,0x68,0x00,0x00,0x99,0x20,0x00,0x67,
	0x02,0xe0,0x00,0x00,0xeb,0x0b,0xf0,0x02,0xde,0xbf,0x03,0x00,
	0xea,0x8b,0x02,0x4f,0x5e,0x68,0x00,0x00,0x97,0x20,0x00,0x5f,
	0x02,0xe0,0x00,0x00,0xad,0xb7,0xf5,0x02,0x60,0x85,0x01,0x00,
	0xae,0xd7,0xf5,0x02,0x60,0x82,0x01,0x00,0x8d,0x09,0x00,0x03,
	0x60,0xbc,0x01,0x00,0x2d,0x0c,0xf0,0x02,0x5e,0x9f,0x03,0x00,
	0xc0,0x0b,0xf0,0x02,0xde,0x9e,0x03,0x00,0xc0,0x0b,0xf0,0x02,
	0xde,0x21,0x03,0x00,0x9b,0x20,0x00,0x6f,0x02,0xe0,0x00,0x00,
	0x63,0x0b,0xf0,0x02,0x5e,0x02,0x00,0x00,0x48,0x10,0x09,0x02,
	0x60,0x86,0x01,0x00,0x48,0x10,0x09,0x02,0x60,0x80,0x01,0x00,
	0x48,0x10,0x09,0x02,0xe0,0x81,0x01,0x00,0x42,0x10,0x02,0x03,
	0x60,0xbc,0x01,0x00,0xbf,0x0b,0x00,0x1f,0x44,0x80,0x02,0x00,
	0x45,0x11,0x00,0x3f,0x5e,0xb0,0x00,0x00,0x8f,0x17,0x00,0x03,
	0x60,0xbc,0x01,0x00,0x85,0x17,0x00,0x43,0x5e,0xb0,0x00,0x00,
	0x90,0x17,0x00,0x0f,0x5e,0xb0,0x00,0x00,0xc0,0x0b,0xf0,0x02,
	0xde,0xbf,0x03,0x00,0x45,0x71,0xf0,0xb6,0x44,0xa0,0x00,0x00,
	0x2d,0x0c,0xf0,0x02,0x5e,0x9f,0x03,0x00,0xea,0x0b,0x00,0xc3,
	0x00,0x82,0x02,0x00,0xea,0x0b,0xf0,0x02,0x5e,0x33,0x03,0x00,
	0xa1,0x17,0x00,0x73,0x00,0xb0,0x00,0x00,0xa1,0x17,0xb0,0x86,
	0x5e,0xe0,0x00,0x00,0x9e,0x37,0xf4,0x7a,0x5e,0xe1,0x00,0x00,
	0x9d,0x17,0x00,0x77,0xde,0xe1,0x00,0x00,0x9c,0x17,0x00,0x73,
	0xde,0xe1,0x00,0x00,0x9b,0x17,0x00,0x6f,0xde,0xe0,0x00,0x00,
	0xd3,0x0b,0x00,0xbf,0x00,0x02,0x02,0x00,0xd3,0x0b,0x00,0x27,
	0x26,0x68,0x00,0x00,0xa1,0xd7,0xf3,0x3e,0x52,0xe9,0x00,0x00,
	0xa2,0xb7,0xf3,0x42,0xd2,0xe8,0x00,0x00,0x89,0x29,0xf4,0x26,
	0x26,0xe0,0x00,0x00,0x8c,0x29,0xf4,0x32,0x26,0xe0,0x00,0x00,
	0x8b,0x29,0xf4,0x2e,0x26,0xe0,0x00,0x00,0xd3,0x0b,0x00,0x1b,
	0x26,0x68,0x00,0x00,0x86,0x29,0xf4,0x1a,0x26,0xe1,0x00,0x00,
	0x87,0x49,0xf4,0x1e,0xa6,0xe0,0x00,0x00,0xdb,0x0b,0xf0,0x02,
	0xde,0x9e,0x03,0x00,0x2d,0x4c,0x92,0x6e,0x5e,0x6e,0x00,0x00,
	0xdb,0x4b,0x92,0x6e,0x5e,0x6d,0x00,0x00,0x2d,0x2c,0x92,0x72,
	0x5e,0x6e,0x00,0x00,0xdb,0x2b,0x92,0x72,0x5e,0x6d,0x00,0x00,
	0x2d,0x0c,0x92,0x76,0x5e,0x6e,0x00,0x00,0xdb,0x0b,0x92,0x76,
	0x5e,0x6d,0x00,0x00,0x2d,0xec,0x91,0x7a,0xde,0x6d,0x00,0x00,
	0x31,0x07,0x00,0x67,0x44,0xb0,0x00,0x00,0x30,0x07,0x00,0x6b,
	0x44,0xb0,0x00,0x00,0x2f,0x07,0x00,0x6f,0x44,0xb0,0x00,0x00,
	0x2e,0x07,0x00,0x73,0x44,0xb0,0x00,0x00,0xdb,0x2b,0x23,0xc6,
	0x9c,0x68,0x00,0x00,0x9e,0xd7,0xf3,0xc6,0x1c,0xe9,0x00,0x00,
	0x9d,0xb7,0xf3,0xc2,0x9c,0xe9,0x00,0x00,0x9c,0x97,0xf3,0xbe,
	0x9c,0xe9,0x00,0x00,0x9b,0x77,0xf3,0xba,0x9c,0xe8,0x00,0x00,
	0xa1,0xf7,0x91,0x7a,0x5e,0xe1,0x00,0x00,0x19,0x11,0x00,0x87,
	0x5e,0xb0,0x00,0x00,0x1a,0x11,0x92,0x76,0xde,0xe1,0x00,0x00,
	0x1b,0x31,0x92,0x72,0xde,0xe1,0x00,0x00,0x1c,0x51,0x92,0x6e,
	0xde,0xe0,0x00,0x00,0xe4,0x2b,0x23,0x86,0xde,0x68,0x00,0x00,
	0x2d,0x0c,0xf0,0x02,0xde,0x1e,0x03,0x00,0x2d,0x8c,0x02,0x4f,
	0x5e,0x68,0x00,0x00,0x65,0xb0,0x19,0x1b,0x60,0xbc,0x01,0x00,
	0xa4,0x97,0x00,0x03,0x60,0xbc,0x01,0x00,0x14,0x01,0xf0,0x02,
	0x5e,0x02,0x00,0x00,0x1a,0x8c,0x00,0x93,0xde,0x68,0x00,0x00,
	0x1a,0x0c,0x00,0xc3,0x00,0x85,0x02,0x00,0xf5,0x0b,0x00,0x97,
	0xc1,0x07,0x02,0x00,0xa2,0x17,0x00,0x0f,0x5a,0x3c,0x01,0x00,
	0xa2,0x57,0xf4,0x12,0x5a,0xbc,0x01,0x00,0xf6,0x0b,0xf0,0x02,
	0xde,0xbf,0x03,0x00,0xa2,0x17,0x00,0x0f,0x5a,0xb0,0x00,0x00,
	0x32,0x11,0x00,0x03,0x60,0xbc,0x01,0x00,0xfc,0x0b,0xf0,0x02,
	0xde,0x2b,0x03,0x00,0x1a,0x0c,0x00,0x1f,0x44,0x80,0x02,0x00,
	0x86,0x11,0x00,0x8b,0x5e,0xb0,0x00,0x00,0x80,0x11,0x30,0x0e,
	0xe0,0xa5,0x01,0x00,0x1a,0x0c,0xf0,0x02,0xde,0xbf,0x03,0x00,
	0x13,0x0c,0xf0,0x02,0x5e,0x33,0x03,0x00,0x13,0x0c,0x00,0x2f,
	0x40,0x9b,0x02,0x00,0x0d,0x0c,0x00,0x07,0x44,0x00,0x02,0x00,
	0x07,0x0c,0x00,0x07,0xc4,0x00,0x02,0x00,0x1a,0x0c,0x00,0x07,
	0x44,0x81,0x02,0x00,0x10,0x90,0x01,0x07,0xe0,0x82,0x01,0x00,
	0x11,0x10,0x00,0x2f,0x52,0xb0,0x00,0x00,0x11,0x10,0x00,0x33,
	0x52,0xb0,0x00,0x00,0x11,0x10,0x00,0x37,0x52,0xb0,0x00,0x00,
	0x0f,0x11,0x00,0x8b,0x5e,0xb0,0x00,0x00,0x1a,0x0c,0xf0,0x02,
	0xde,0xbf,0x03,0x00,0x10,0x30,0x01,0x07,0xe0,0x82,0x01,0x00,
	0x11,0x10,0x00,0x2f,0x52,0xb0,0x00,0x00,0x11,0x10,0x00,0x33,
	0x52,0xb0,0x00,0x00,0x11,0x10,0x00,0x37,0x52,0xb0,0x00,0x00,
	0x0d,0x11,0x00,0x8b,0x5e,0xb0,0x00,0x00,0x1a,0x0c,0xf0,0x02,
	0xde,0xbf,0x03,0x00,0x10,0xd0,0x00,0x07,0xe0,0x82,0x01,0x00,
	0x11,0x10,0x00,0x2f,0x52,0xb0,0x00,0x00,0x11,0x10,0x00,0x33,
	0x52,0xb0,0x00,0x00,0x11,0x10,0x00,0x37,0x52,0xb0,0x00,0x00,
	0x0b,0x11,0x00,0x8b,0x5e,0xb0,0x00,0x00,0x1a,0x0c,0xf0,0x02,
	0xde,0xbf,0x03,0x00,0x16,0x0c,0xf0,0x02,0xde,0x33,0x03,0x00,
	0x0b,0x11,0x00,0x8b,0x5e,0xb0,0x00,0x00,0x1a,0x0c,0xf0,0x02,
	0xde,0xbf,0x03,0x00,0x19,0x0c,0xf0,0x02,0x5e,0x34,0x03,0x00,
	0x0d,0x11,0x00,0x8b,0x5e,0xb0,0x00,0x00,0x1a,0x0c,0xf0,0x02,
	0xde,0xbf,0x03,0x00,0x0f,0x11,0x00,0x8b,0x5e,0xb0,0x00,0x00,
	0x2d,0x0c,0xf0,0x02,0xde,0x1e,0x03,0x00,0x2d,0x0c,0xf0,0x02,
	0x5e,0x9f,0x03,0x00,0x2d,0x8c,0x02,0x4f,0x5e,0x68,0x00,0x00,
	0x2d,0x0c,0xf0,0x02,0x5e,0x33,0x03,0x00,0x65,0xb0,0x19,0x1b,
	0x60,0xbc,0x01,0x00,0xa4,0xb7,0x00,0x03,0x60,0xbc,0x01,0x00,
	0x14,0x01,0xf0,0x02,0x5e,0x02,0x00,0x00,0x2d,0xac,0x00,0x93,
	0xde,0x68,0x00,0x00,0x26,0x0c,0x00,0x97,0xc1,0x07,0x02,0x00,
	0x88,0x17,0x00,0x07,0x5a,0x3c,0x01,0x00,0xa1,0x17,0x00,0x0b,
	0x5a,0x3c,0x01,0x00,0x28,0x0c,0xf0,0x02,0xde,0xbf,0x03,0x00,
	0x88,0x17,0x00,0x07,0x5a,0x38,0x01,0x00,0xa1,0x17,0x00,0x0b,
	0x5a,0x38,0x01,0x00,0x94,0x97,0xf2,0x86,0x5e,0x84,0x01,0x00,
	0x24,0x91,0x24,0x86,0xde,0x87,0x01,0x00,0x2d,0x0c,0x00,0xf3,
	0x80,0x06,0x02,0x00,0x94,0x97,0xf2,0x02,0x60,0x84,0x01,0x00,
	0x24,0x91,0x24,0x02,0xe0,0x87,0x01,0x00,0xa4,0x17,0x00,0xeb,
	0x5e,0xb0,0x00,0x00,0x36,0x0c,0x00,0xaf,0x5e,0x84,0x02,0x00,
	0x65,0xb0,0x19,0x1b,0x60,0xbc,0x01,0x00,0xa4,0x77,0x00,0x03,
	0x60,0xbc,0x01,0x00,0x14,0x01,0xf0,0x02,0x5e,0x02,0x00,0x00,
	0x42,0x6c,0x00,0x93,0xde,0x68,0x00,0x00,0xa4,0x17,0x00,0x07,
	0x5a,0x38,0x01,0x00,0x36,0x0c,0x00,0x97,0xc1,0x07,0x02,0x00,
	0xa4,0x17,0x00,0x07,0x5a,0x3c,0x01,0x00,0xa1,0xf7,0x0c,0x2b,
	0x60,0xbc,0x01,0x00,0xa2,0x17,0x00,0x93,0x5e,0x21,0x01,0x00,
	0x65,0x50,0xf4,0x86,0x5e,0xe0,0x00,0x00,0xa2,0x17,0x00,0x93,
	0x5e,0x89,0x01,0x00,0xa3,0x57,0xf4,0x0e,0x60,0x88,0x00,0x00,
	0x3d,0x0c,0x00,0xaf,0x5e,0x07,0x02,0x00,0xa3,0x57,0xf4,0x32,
	0x60,0x88,0x00,0x00,0x42,0x6c,0xf4,0x02,0x5a,0x20,0x00,0x00,
	0xa1,0x57,0xf4,0x16,0x60,0x88,0x00,0x00,0xa3,0x37,0xf4,0x8e,
	0x5e,0xa0,0x00,0x00,0x80,0x76,0xf4,0x02,0x5a,0xb0,0x00,0x00,
	0x6e,0x13,0xf0,0x02,0x5e,0x02,0x00,0x00,0xf7,0x06,0xf0,0x02,
	0xde,0xaa,0x03,0x00,0xdf,0x08,0xf0,0x02,0xde,0xbf,0x03,0x00,
	0x0c,0x0a,0xf0,0x02,0xde,0x2a,0x03,0x00,0xf7,0x06,0xf0,0x02,
	0xde,0xbf,0x03,0x00,0x49,0x0c,0xf0,0x02,0xde,0xaa,0x03,0x00,
	0x0c,0x0a,0xf0,0x02,0xde,0x2b,0x03,0x00,0x56,0x0c,0xf0,0x02,
	0xde,0xbf,0x03,0x00,0xf2,0x11,0x00,0x23,0x52,0xb0,0x00,0x00,
	0xf3,0x11,0x00,0x27,0x52,0xb0,0x00,0x00,0xf4,0x11,0x00,0x2b,
	0x52,0xb0,0x00,0x00,0xf5,0x91,0x00,0x03,0x60,0xbc,0x01,0x00,
	0xf0,0x11,0x00,0x5b,0x00,0xb0,0x00,0x00,0xf7,0x06,0xf0,0x02,
	0xde,0xbf,0x03,0x00,0xa1,0x17,0x00,0x3f,0x52,0x38,0x01,0x00,
	0x52,0x0c,0x00,0x53,0x5e,0x06,0x02,0x00,0xa1,0x17,0x00,0x4b,
	0x52,0x38,0x01,0x00,0x55,0x8c,0x00,0x87,0xde,0x68,0x00,0x00,
	0xf7,0x06,0xf0,0x02,0xde,0xaa,0x03,0x00,0xdf,0x08,0xf0,0x02,
	0xde,0xbf,0x03,0x00,0xf7,0x06,0xf0,0x02,0xde,0xaa,0x03,0x00,
	0x5b,0x0c,0x00,0xf3,0x00,0x00,0x02,0x00,0x5b,0x0c,0x00,0x53,
	0xde,0x06,0x02,0x00,0xa1,0x17,0x00,0x83,0x5e,0x18,0x01,0x00,
	0x5b,0xac,0x00,0x87,0xde,0x68,0x00,0x00,0x42,0x51,0x02,0x0b,
	0x60,0xbc,0x01,0x00,0x0c,0x0a,0x00,0x17,0x52,0x00,0x02,0x00,
	0xdf,0x08,0xf0,0x02,0xde,0xbf,0x03,0x00,0x83,0x11,0x00,0x03,
	0x60,0xbc,0x01,0x00,0x82,0x11,0x00,0x03,0x60,0xbc,0x01,0x00,
	0x62,0x0c,0xf0,0x02,0xde,0x2b,0x03,0x00,0x00,0x11,0x20,0x06,
	0xe0,0x99,0x01,0x00,0x66,0x0c,0xf0,0x02,0xde,0xbf,0x03,0x00,
	0xa1,0x17,0x00,0x2f,0x40,0x19,0x01,0x00,0x08,0x0a,0x00,0x87,
	0x5e,0x68,0x00,0x00,0x00,0x11,0x20,0x86,0xde,0x99,0x01,0x00,
	0x08,0x0a,0xf0,0x02,0x5e,0x31,0x03,0x00,0xa2,0x97,0x00,0x3b,
	0x5e,0xa0,0x00,0x00,0x08,0x4a,0xf4,0x4e,0x5e,0x20,0x00,0x00,
	0x48,0x10,0x09,0x02,0x60,0x84,0x01,0x00,0x08,0x0a,0xf0,0x02,
	0xde,0xbf,0x03,0x00,0x08,0x0a,0xf0,0x02,0xde,0x2a,0x03,0x00,
	0x6f,0x2c,0x04,0x4f,0xde,0x68,0x00,0x00,0x9f,0x17,0x00,0x33,
	0x52,0xb0,0x00,0x00,0xeb,0x10,0x00,0x2f,0x52,0xb0,0x00,0x00,
	0xdd,0x06,0x00,0x2f,0x52,0x81,0x02,0x00,0xaa,0x20,0x00,0xab,
	0x02,0xe0,0x00,0x00,0xe5,0x09,0x00,0x2f,0x52,0x81,0x02,0x00,
	0xf7,0x06,0x00,0x2f,0x52,0x08,0x02,0x00,0xdf,0x08,0xf0,0x02,
	0xde,0xbf,0x03,0x00,0x67,0x10,0x00,0x03,0x60,0xbc,0x01,0x00,
	0x46,0x10,0x00,0x03,0x60,0xbc,0x01,0x00,0x49,0x30,0x09,0x06,
	0xe0,0x80,0x01,0x00,0x7b,0x0c,0x00,0x1f,0xc1,0x82,0x02,0x00,
	0x65,0xf0,0x1f,0x2f,0x60,0xbc,0x01,0x00,0x80,0x16,0x00,0x03,
	0x60,0xbc,0x01,0x00,0x65,0x30,0x00,0x97,0x41,0xe8,0x00,0x00,
	0x78,0x0c,0x00,0x97,0xc1,0x69,0x00,0x00,0x94,0x17,0x00,0x0b,
	0x60,0xbc,0x01,0x00,0xab,0x17,0x00,0x03,0x60,0xbc,0x01,0x00,
	0xac,0x17,0x00,0x03,0x60,0xbc,0x01,0x00,0xad,0x17,0x00,0x03,
	0x60,0xbc,0x01,0x00,0xae,0x17,0x00,0x03,0x60,0xbc,0x01,0x00,
	0xbf,0x17,0x00,0x03,0x60,0xbc,0x01,0x00,0x20,0x20,0x00,0x03,
	0x60,0xbc,0x01,0x00,0xa1,0x17,0x00,0x03,0x60,0xbc,0x01,0x00,
	0xd3,0x00,0xf0,0x02,0x5e,0x02,0x00,0x00,0x28,0x00,0x00,0x67,
	0x40,0x38,0x01,0x00,0x29,0x00,0x00,0x67,0x40,0x1c,0x01,0x00,
	0x7b,0x10,0x00,0x63,0x60,0xbc,0x01,0x00,0x7a,0x10,0x00,0x03,
	0x60,0xbc,0x01,0x00,0x88,0x0c,0x00,0xd7,0x41,0x87,0x02,0x00,
	0x75,0x10,0x00,0x43,0x60,0xbc,0x01,0x00,0x8a,0x0c,0x00,0xd7,
	0x41,0x86,0x02,0x00,0x91,0x8c,0x00,0xa7,0x00,0x68,0x00,0x00,
	0x97,0x0c,0x01,0xa7,0x80,0x68,0x00,0x00,0xab,0x77,0xf5,0x06,
	0xe0,0x80,0x01,0x00,0xa1,0x77,0x02,0x0f,0x61,0xbc,0x01,0x00,
	0x98,0xcc,0x0e,0x86,0x5e,0x68,0x00,0x00,0x97,0x0c,0xf0,0x02,
	0xde,0xbf,0x03,0x00,0xab,0x77,0xf5,0x02,0xe0,0x80,0x01,0x00,
	0xa1,0x17,0x1b,0xa3,0x62,0xbc,0x01,0x00,0x98,0xcc,0x0e,0x86,
	0x5e,0x68,0x00,0x00,0xab,0x77,0xf5,0x06,0xe0,0x80,0x01,0x00,
	0xa1,0x37,0x1b,0xa3,0x62,0xbc,0x01,0x00,0x98,0xcc,0x0e,0x86,
	0x5e,0x68,0x00,0x00,0x97,0x0c,0xf0,0x02,0xde,0xbf,0x03,0x00,
	0x49,0x50,0x00,0x03,0x60,0xbc,0x01,0x00,0xa7,0x17,0x00,0x03,
	0x60,0xbc,0x01,0x00,0xa8,0x17,0x00,0x03,0x60,0xbc,0x01,0x00,
	0xa9,0x17,0x00,0x03,0x60,0xbc,0x01,0x00,0xac,0x17,0x00,0x03,
	0x60,0xbc,0x01,0x00,0xad,0x17,0x00,0x03,0x60,0xbc,0x01,0x00,
	0x78,0x10,0x0f,0x06,0xe0,0x82,0x01,0x00,0x9f,0x0c,0x00,0xe3,
	0xc1,0x06,0x02,0x00,0xa2,0x0c,0x00,0xa7,0x80,0x68,0x00,0x00,
	0xa3,0x0c,0xf0,0x02,0xde,0xbf,0x03,0x00,0xa3,0x8c,0x00,0xa7,
	0x80,0x68,0x00,0x00,0x00,0x40,0x0c,0x0b,0x60,0xbc,0x01,0x00,
	0x01,0x80,0x05,0x0f,0x60,0xbc,0x01,0x00,0x02,0x00,0x02,0x2f,
	0x63,0xbc,0x01,0x00,0x03,0x20,0x11,0x47,0x61,0xbc,0x01,0x00,
	0x04,0x00,0x00,0x03,0x60,0xbc,0x01,0x00,0x05,0x00,0x00,0x03,
	0x60,0xbc,0x01,0x00,0x61,0x10,0x17,0x1b,0x60,0xbc,0x01,0x00,
	0x60,0xd0,0x1f,0x13,0x60,0xbc,0x01,0x00,0x26,0x07,0x00,0x03,
	0x60,0xbc,0x01,0x00,0x85,0x17,0x00,0x0f,0x5e,0xb0,0x00,0x00,
	0x45,0x71,0xf0,0xb6,0x44,0xa0,0x00,0x00,0xe7,0x0a,0xf0,0x02,
	0xde,0xbf,0x03,0x00,0xfa,0x46,0xdf,0x5c,0x5e,0x88,0x01,0x00,
	0x07,0x10,0x1f,0x1b,0x60,0xbc,0x01,0x00,0x08,0x90,0x01,0x03,
	0x60,0xbc,0x01,0x00,0x04,0x90,0x00,0x06,0x60,0x88,0x01,0x00,
	0xda,0x0a,0xf0,0x02,0xde,0x86,0x03,0x00,0xb3,0x0c,0xf0,0x02,
	0xde,0x05,0x03,0x00,0xda,0x0a,0xf0,0x02,0xde,0x86,0x03,0x00,
	0xb5,0x0c,0xf0,0x02,0xde,0x85,0x03,0x00,0xa1,0x17,0x00,0x87,
	0x5e,0xb0,0x00,0x00,0xb9,0x2c,0x00,0x03,0xe0,0x6e,0x00,0x00,
	0xda,0x0a,0xf0,0x02,0xde,0x86,0x03,0x00,0xaa,0x07,0x00,0xaf,
	0xc0,0x07,0x02,0x00,0x00,0x00,0xf0,0x02,0xde,0x02,0x00,0x00,
	0xc0,0x0c,0xf0,0x02,0x5e,0x21,0x03,0x00,0x16,0x27,0xf4,0x5a,
	0x1c,0xe0,0x00,0x00,0x8b,0x17,0x00,0x5b,0x1c,0xb0,0x00,0x00,
	0xc8,0x0c,0xf0,0x02,0xde,0xbf,0x03,0x00,0xc5,0x0c,0x00,0xc7,
	0x50,0x81,0x02,0x00,0x8b,0x17,0x00,0x9f,0x50,0x1c,0x01,0x00,
	0x8b,0x37,0xf4,0x2e,0x5e,0xe0,0x00,0x00,0x27,0xf4,0x84,0x2e,
	0x5e,0x9c,0x01,0x00,0xc8,0x0c,0xf0,0x02,0xde,0xbf,0x03,0x00,
	0x8b,0x17,0x00,0x9f,0x50,0x1e,0x01,0x00,0x8b,0x37,0xf4,0x2e,
	0x5e,0xe0,0x00,0x00,0x27,0xf4,0x84,0x2e,0x5e,0x9e,0x01,0x00,
	0x00,0x00,0xf0,0x02,0xde,0x02,0x00,0x00,0xce,0x8c,0x00,0xa7,
	0x00,0x68,0x00,0x00,0x25,0x07,0x00,0x27,0xc0,0x02,0x01,0x00,
	0xd4,0xac,0x00,0xa7,0x80,0x68,0x00,0x00,0x25,0x27,0x00,0x97,
	0x1c,0xe0,0x00,0x00,0x00,0x00,0xf0,0x02,0xde,0x02,0x00,0x00,
	0x25,0x27,0x00,0x03,0x60,0xbc,0x01,0x00,0xa1,0x17,0x00,0x2b,
	0x40,0xbc,0x01,0x00,0xa1,0x17,0x01,0x87,0x5e,0x98,0x00,0x00,
	0xa2,0x17,0x01,0x2b,0x40,0x98,0x00,0x00,0xd4,0x2c,0xf4,0x8a,
	0xde,0x6a,0x00,0x00,0x25,0x87,0x00,0x03,0x60,0xbc,0x01,0x00,
	0x00,0x00,0xf0,0x02,0xde,0x02,0x00,0x00,0x1f,0x10,0x00,0x03,
	0x5a,0xb0,0x00,0x00,0x20,0x10,0x00,0x07,0x5a,0xb0,0x00,0x00,
	0x21,0x10,0x00,0x0b,0x5a,0xb0,0x00,0x00,0x1d,0x10,0x00,0x07,
	0x60,0x80,0x01,0x00,0xd9,0x0c,0x00,0x77,0x40,0x80,0x02,0x00,
	0x00,0x00,0xf0,0x02,0xde,0x02,0x00,0x00,0xab,0x77,0xf5,0x02,
	0xe0,0x87,0x01,0x00,0x02,0x00,0xf0,0x02,0x5e,0x91,0x03,0x00,
	0x02,0x00,0x09,0xfe,0xe3,0x20,0x00,0x00,0xe7,0x0c,0x00,0x53,
	0x5e,0x81,0x02,0x00,0xe1,0x0c,0x00,0x1f,0x41,0x83,0x02,0x00,
	0xed,0x0c,0x00,0x53,0xde,0x81,0x02,0x00,0x51,0x11,0x00,0x03,
	0x60,0xbc,0x01,0x00,0x52,0x11,0x00,0x03,0x60,0xbc,0x01,0x00,
	0x53,0x11,0x00,0x03,0x62,0xbc,0x01,0x00,0x50,0x51,0x00,0x03,
	0x60,0xbc,0x01,0x00,0x94,0x97,0xf2,0x06,0x60,0x89,0x01,0x00,
	0x02,0x00,0xf0,0x02,0xde,0xbf,0x03,0x00,0x02,0x00,0x00,0x43,
	0xc5,0x80,0x02,0x00,0x56,0x11,0x00,0x47,0xc5,0xf0,0x01,0x00,
	0xa1,0x17,0x00,0x47,0xc5,0x07,0x01,0x00,0x55,0x31,0xf4,0x4a,
	0xc5,0xf0,0x01,0x00,0x94,0x97,0xf2,0x0a,0x60,0x89,0x01,0x00,
	0x47,0x10,0x08,0x03,0x60,0xbc,0x01,0x00,0x02,0x00,0xf0,0x02,
	0xde,0x92,0x03,0x00,0x02,0x00,0x00,0x07,0xc1,0x04,0x02,0x00,
	0xf4,0x0c,0xf0,0x02,0xde,0x9e,0x03,0x00,0x02,0x00,0xf0,0x02,
	0xde,0xb8,0x03,0x00,0xa1,0x17,0x00,0x7f,0x01,0xb0,0x00,0x00,
	0x02,0xc0,0x0b,0x84,0xde,0x68,0x00,0x00,0xf6,0x0c,0xf0,0x02,
	0xde,0xbf,0x03,0x00,0x02,0x00,0x00,0x53,0xde,0x03,0x02,0x00,
	0xf7,0x0c,0x00,0x23,0xde,0x68,0x00,0x00,0x02,0x00,0x00,0x53,
	0x5e,0x84,0x02,0x00,0x02,0x00,0x00,0x93,0xc4,0x87,0x02,0x00,
	0xfa,0x0c,0x00,0xbb,0xde,0x82,0x02,0x00,0xfd,0x0c,0x00,0x47,
	0x26,0x68,0x00,0x00,0x02,0xe0,0xff,0xcf,0x26,0x68,0x00,0x00,
	0xa1,0x17,0x00,0x37,0x26,0xb0,0x00,0x00,0x02,0x00,0x30,0x85,
	0xde,0x6d,0x00,0x00,0x23,0x11,0x00,0x03,0x61,0xbc,0x01,0x00,
	0xa3,0x17,0x00,0x2b,0x01,0xb0,0x00,0x00,0x01,0x0d,0x00,0xbb,
	0xde,0x82,0x02,0x00,0x02,0x0d,0x00,0x47,0x26,0x68,0x00,0x00,
	0xa3,0x77,0x36,0x8d,0x5e,0xe0,0x00,0x00,0xa1,0x17,0x00,0x0b,
	0x44,0xb0,0x00,0x00,0xa2,0x17,0x00,0x0f,0x44,0xb0,0x00,0x00,
	0xa1,0x37,0x23,0x86,0x5e,0xe9,0x00,0x00,0xa2,0x57,0x23,0x8a,
	0xde,0xe8,0x00,0x00,0x12,0x67,0xf4,0x86,0x5e,0xe9,0x00,0x00,
	0x13,0x07,0x00,0x8b,0xde,0xe8,0x00,0x00,0x00,0x18,0x00,0x1f,
	0x44,0xb0,0x00,0x00,0xa3,0x57,0x01,0x23,0x44,0x88,0x00,0x00,
	0xa4,0xd7,0x00,0x23,0x44,0x90,0x00,0x00,0x17,0x8b,0xf4,0x8a,
	0x5e,0x6e,0x00,0x00,0x0f,0x0d,0x00,0x6f,0x81,0x68,0x00,0x00,
	0x21,0x2d,0x00,0x23,0x5e,0x68,0x00,0x00,0x21,0x2d,0x00,0x27,
	0x00,0x68,0x00,0x00,0xa1,0x37,0x00,0x23,0x5e,0xe8,0x00,0x00,
	0x12,0x0d,0x00,0x87,0xde,0x69,0x00,0x00,0xa1,0x37,0x01,0x84,
	0x5e,0xe0,0x00,0x00,0xa5,0x17,0x00,0x6f,0x01,0x3c,0x01,0x00,
	0x19,0x0d,0x00,0x97,0xde,0x68,0x00,0x00,0xa5,0x17,0x00,0x6f,
	0x01,0x38,0x01,0x00,0x1d,0x0d,0x00,0x97,0x5e,0x68,0x00,0x00,
	0xa1,0x37,0x00,0x97,0x5e,0xe8,0x00,0x00,0x21,0x0d,0x00,0x87,
	0x5e,0x68,0x00,0x00,0x1d,0x0d,0xf0,0x02,0xde,0xbf,0x03,0x00,
	0xa5,0x37,0x00,0x97,0x5e,0xe8,0x00,0x00,0xa5,0x37,0x01,0x94,
	0xde,0x80,0x00,0x00,0xa1,0xb7,0x0d,0x86,0x5e,0xe0,0x00,0x00,
	0x21,0x0d,0x00,0x87,0x5e,0x68,0x00,0x00,0x12,0x67,0xf4,0x4a,
	0x1c,0xe1,0x00,0x00,0x13,0x87,0xf4,0x4e,0x9c,0xe0,0x00,0x00,
	0xa1,0x37,0x00,0x87,0x5e,0xe8,0x00,0x00,0x1d,0x0d,0x00,0x87,
	0x5e,0x6a,0x00,0x00,0x24,0x0d,0x00,0x4f,0x1c,0x69,0x00,0x00,
	0x94,0x97,0xf2,0x06,0xe0,0x80,0x01,0x00,0x26,0x0d,0xf0,0x02,
	0xde,0xbf,0x03,0x00,0x94,0x97,0xf2,0x02,0xe0,0x80,0x01,0x00,
	0x02,0x00,0xf0,0x02,0xde,0xbf,0x03,0x00,0x33,0x0d,0x00,0x27,
	0x41,0x68,0x00,0x00,0x27,0x0d,0x00,0x23,0x45,0x84,0x02,0x00,
	0x2b,0xad,0x00,0xa7,0x00,0x68,0x00,0x00,0x2b,0xcd,0x00,0xa7,
	0x00,0x68,0x00,0x00,0x2e,0x0d,0x01,0xa7,0x80,0x68,0x00,0x00,
	0xa1,0x17,0x00,0x67,0x44,0xb0,0x00,0x00,0xa2,0x37,0xf4,0x66,
	0x44,0xe8,0x00,0x00,0x2c,0x4d,0x00,0x8b,0x5e,0x6d,0x00,0x00,
	0x17,0x0b,0xf0,0x02,0xde,0x92,0x03,0x00,0xa2,0x10,0xf0,0x02,
	0x5e,0x02,0x00,0x00,0xa6,0x0e,0xf0,0x02,0x5e,0x02,0x00,0x00,
	0xa0,0x0e,0xf0,0x02,0x5e,0x02,0x00,0x00,0xb1,0x0e,0xf0,0x02,
	0x5e,0x02,0x00,0x00,0xe8,0x11,0x00,0x0f,0x60,0xbc,0x01,0x00,
	0x3a,0x0d,0xf0,0x02,0xde,0x1e,0x03,0x00,0x5c,0x10,0x00,0x03,
	0x60,0xbc,0x01,0x00,0x5d,0x10,0x00,0x03,0x60,0xbc,0x01,0x00,
	0x5e,0x10,0x04,0x53,0x60,0xbc,0x01,0x00,0x5f,0x10,0x00,0x03,
	0x60,0xbc,0x01,0x00,0x3e,0x0d,0xf0,0x02,0xde,0xbf,0x03,0x00,
	0x5c,0x10,0x00,0x0b,0x60,0xbc,0x01,0x00,0x5d,0x10,0x00,0x03,
	0x60,0xbc,0x01,0x00,0x5e,0x10,0x04,0x43,0x60,0xbc,0x01,0x00,
	0x5f,0x10,0x00,0x03,0x60,0xbc,0x01,0x00,0x20,0x80,0x00,0x03,
	0x60,0xbc,0x01,0x00,0x7e,0x0d,0x00,0xbf,0x00,0x85,0x02,0x00,
	0x51,0x11,0x00,0x4b,0x1c,0xb0,0x00,0x00,0x52,0x11,0x00,0x4f,
	0x1c,0xb0,0x00,0x00,0x46,0x8d,0x2a,0x4a,0x1c,0x6e,0x00,0x00,
	0x46,0x0d,0x00,0x4f,0x9c,0x68,0x00,0x00,0xa1,0x37,0x23,0x4a,
	0x1c,0xe0,0x00,0x00,0x48,0x0d,0xf0,0x02,0xde,0xbf,0x03,0x00,
	0xa1,0x17,0x00,0x67,0x44,0xb0,0x00,0x00,0x50,0x31,0x00,0x03,
	0x60,0xbc,0x01,0x00,0x40,0x90,0x0c,0x03,0x60,0xbc,0x01,0x00,
	0x00,0x00,0xf0,0x02,0xde,0x00,0x00,0x00,0x4d,0x0d,0x00,0x03,
	0xc1,0x68,0x00,0x00,0x48,0x0d,0x00,0x43,0x45,0x80,0x02,0x00,
	0x48,0x2d,0xf4,0x66,0x44,0x6b,0x00,0x00,0x50,0x11,0x00,0x03,
	0x60,0xbc,0x01,0x00,0x4e,0x0d,0x00,0x43,0x45,0x84,0x02,0x00,
	0xa1,0x17,0x00,0x67,0x44,0xb0,0x00,0x00,0x50,0x2d,0x23,0x86,
	0x5e,0x68,0x00,0x00,0x20,0x40,0x00,0x03,0x60,0xbc,0x01,0x00,
	0x00,0x11,0x20,0x06,0x60,0x86,0x01,0x00,0xa1,0x37,0x2a,0x4a,
	0x1c,0xe9,0x00,0x00,0xa2,0x57,0x2a,0x4e,0x9c,0xe8,0x00,0x00,
	0x19,0x31,0xf4,0x66,0x44,0xe1,0x00,0x00,0x1a,0x51,0xf4,0x6a,
	0xc4,0xe1,0x00,0x00,0x1b,0x11,0x00,0x6f,0xc4,0xe1,0x00,0x00,
	0x1c,0x11,0x00,0x73,0xc4,0xe0,0x00,0x00,0x6a,0x23,0xf4,0xaa,
	0x0d,0xe1,0x00,0x00,0x6b,0x43,0xf4,0xae,0x8d,0xe0,0x00,0x00,
	0x00,0x18,0x00,0x1f,0x44,0xb0,0x00,0x00,0xa3,0x57,0x01,0x23,
	0x44,0x88,0x00,0x00,0xa4,0xd7,0x00,0x23,0x44,0x90,0x00,0x00,
	0xa1,0x17,0x00,0x0b,0x44,0xb0,0x00,0x00,0xa2,0x17,0x00,0x0f,
	0x44,0xb0,0x00,0x00,0xa1,0x37,0x23,0x86,0x5e,0xe9,0x00,0x00,
	0xa2,0x57,0x23,0x8a,0xde,0xe8,0x00,0x00,0x6a,0x0d,0x00,0x8b,
	0xde,0x69,0x00,0x00,0x02,0x71,0xf4,0x0a,0x44,0xe1,0x00,0x00,
	0x03,0x91,0xf4,0x0e,0xc4,0xe0,0x00,0x00,0x8d,0x09,0x00,0x03,
	0x26,0xb0,0x00,0x00,0x88,0x37,0x00,0x23,0x5e,0xe8,0x00,0x00,
	0x5e,0x0d,0x00,0x23,0xde,0x69,0x00,0x00,0x88,0x37,0x00,0x27,
	0x00,0xe8,0x00,0x00,0x5e,0x0d,0xf0,0x02,0xde,0xbf,0x03,0x00,
	0x00,0x11,0x20,0x02,0x60,0x86,0x01,0x00,0x80,0x0d,0x00,0x53,
	0xde,0x00,0x02,0x00,0x94,0x97,0xf2,0x02,0xe0,0x80,0x01,0x00,
	0xa3,0x0e,0xf0,0x02,0x5e,0x02,0x00,0x00,0x70,0x8d,0x00,0xa7,
	0x80,0x68,0x00,0x00,0x78,0x10,0x0f,0x06,0xe0,0x82,0x01,0x00,
	0x40,0x10,0x00,0x03,0x60,0xbc,0x01,0x00,0x73,0x0d,0xf0,0x02,
	0xde,0xbf,0x03,0x00,0x77,0x0d,0x00,0xc3,0x80,0x00,0x02,0x00,
	0xa1,0x57,0x09,0x64,0x44,0xe0,0x00,0x00,0xa1,0x37,0x21,0x86,
	0x5e,0xe8,0x00,0x00,0x75,0x2d,0xf4,0x66,0xc4,0x6c,0x00,0x00,
	0x80,0x0d,0xf0,0x02,0xde,0xbf,0x03,0x00,0x12,0x27,0x21,0x2a,
	0x01,0xe8,0x00,0x00,0x13,0x07,0x00,0x03,0x60,0xbc,0x01,0x00,
	0x51,0x11,0x00,0x4b,0x1c,0xb0,0x00,0x00,0x52,0x11,0x00,0x03,
	0x60,0xbc,0x01,0x00,0x50,0x31,0x00,0x03,0x60,0xbc,0x01,0x00,
	0x7c,0x0d,0x00,0x43,0x45,0x80,0x02,0x00,0x52,0x0d,0xf0,0x02,
	0xde,0xbf,0x03,0x00,0x40,0x10,0x00,0x03,0x60,0xbc,0x01,0x00,
	0x09,0x11,0x00,0x2b,0x01,0xb0,0x00,0x00,0x82,0x0d,0x00,0x27,
	0xa6,0x68,0x00,0x00,0x00,0x00,0xf0,0x02,0xde,0x00,0x00,0x00,
	0x84,0x0d,0xf0,0x02,0x5e,0x56,0x03,0x00,0x67,0x01,0xf0,0x02,
	0x5e,0x02,0x00,0x00,0x09,0x11,0x00,0x2f,0x01,0xb0,0x00,0x00,
	0x5c,0x10,0x0c,0xcf,0x61,0xbc,0x01,0x00,0x5d,0x10,0x00,0x03,
	0x60,0xbc,0x01,0x00,0x5e,0xf0,0x01,0xcf,0x61,0xbc,0x01,0x00,
	0x5f,0xf0,0x08,0x3b,0x60,0xbc,0x01,0x00,0xad,0x0e,0xf0,0x02,
	0x5e,0x02,0x00,0x00,0xb6,0x0e,0xf0,0x02,0x5e,0x02,0x00,0x00,
	0x8e,0x8d,0x00,0xa7,0x80,0x68,0x00,0x00,0x75,0x11,0xf0,0x02,
	0x5e,0x02,0x00,0x00,0x8f,0x0d,0xf0,0x02,0xde,0xbf,0x03,0x00,
	0xaa,0x0e,0xf0,0x02,0x5e,0x02,0x00,0x00,0x17,0x8b,0x00,0xa7,
	0x80,0x6d,0x00,0x00,0xa1,0x77,0x04,0x67,0x44,0xe0,0x00,0x00,
	0x91,0x2d,0x23,0x86,0xde,0x68,0x00,0x00,0x17,0x0b,0xf0,0x02,
	0xde,0xbf,0x03,0x00,0x86,0xd0,0x10,0x06,0x5e,0x88,0x01,0x00,
	0xa1,0x17,0x00,0x07,0x5e,0x02,0x01,0x00,0x86,0xd0,0x10,0x86,
	0x5e,0x82,0x01,0x00,0x98,0x8d,0x00,0xa7,0x80,0x68,0x00,0x00,
	0x86,0xd0,0x10,0x02,0x5e,0x9d,0x01,0x00,0x9b,0x8d,0x00,0xa7,
	0x00,0x68,0x00,0x00,0xab,0x0d,0x00,0x1b,0x42,0x0b,0x02,0x00,
	0xab,0x0d,0xf0,0x02,0xde,0xbf,0x03,0x00,0xa1,0xb7,0x12,0x1b,
	0x60,0xbc,0x01,0x00,0xa2,0x57,0x00,0x47,0x1c,0x88,0x00,0x00,
	0xa1,0x57,0xf4,0x86,0x5e,0x90,0x00,0x00,0xaa,0x0d,0x00,0x2b,
	0xc2,0x91,0x02,0x00,0xa4,0x0d,0x00,0x1b,0x42,0x88,0x02,0x00,
	0xa3,0x0d,0x00,0xf3,0x80,0x03,0x02,0x00,0xa2,0x77,0x00,0x03,
	0x60,0xbc,0x01,0x00,0xa9,0x0d,0xf0,0x02,0xde,0xbf,0x03,0x00,
	0xaa,0x0d,0x00,0xf3,0x00,0x03,0x02,0x00,0xa2,0x17,0x00,0x1b,
	0x42,0x1b,0x01,0x00,0xa7,0x4d,0xf4,0x0e,0xe0,0x28,0x00,0x00,
	0xa2,0x17,0x00,0x97,0x1c,0xb0,0x00,0x00,0xa3,0x37,0x00,0x8b,
	0x5e,0x88,0x00,0x00,0xa2,0x77,0xf4,0x8a,0x5e,0xb0,0x00,0x00,
	0xa1,0x57,0xf4,0x86,0x5e,0xa0,0x00,0x00,0x86,0xd0,0x10,0x86,
	0x5e,0x9b,0x01,0x00,0xa1,0xf7,0x1c,0x07,0x60,0xbc,0x01,0x00,
	0xd3,0x00,0xf0,0x02,0x5e,0x02,0x00,0x00,0xa2,0x37,0x03,0x3a,
	0x60,0x9e,0x01,0x00,0xd8,0x00,0xf0,0x02,0x5e,0x02,0x00,0x00,
	0xa1,0x57,0x1d,0x07,0x60,0xbc,0x01,0x00,0xd3,0x00,0xf0,0x02,
	0x5e,0x02,0x00,0x00,0xa2,0x17,0x00,0x67,0x40,0xb0,0x00,0x00,
	0xa3,0xf7,0x1f,0x67,0x40,0xa0,0x00,0x00,0xb5,0x0d,0x08,0x8f,
	0xde,0x6e,0x00,0x00,0xa2,0x57,0xf4,0x02,0x61,0xb8,0x01,0x00,
	0xa3,0x17,0x01,0x67,0x40,0x90,0x00,0x00,0xb8,0x0d,0x08,0x8f,
	0xde,0x6e,0x00,0x00,0xa2,0x57,0xf4,0x02,0x61,0xbc,0x01,0x00,
	0xd8,0x00,0xf0,0x02,0x5e,0x02,0x00,0x00,0x00,0x00,0xf0,0x02,
	0xde,0x02,0x00,0x00,0xa1,0x17,0x00,0x13,0x54,0xb0,0x00,0x00,
	0xc4,0x0d,0x00,0x07,0xde,0x00,0x02,0x00,0x65,0x10,0x00,0x8b,
	0x41,0xb0,0x00,0x00,0xa1,0xd7,0x01,0x03,0x60,0xbc,0x01,0x00,
	0xa1,0x11,0xf0,0x02,0x5e,0x02,0x00,0x00,0xa1,0xf7,0x00,0x84,
	0x5e,0xe0,0x00,0x00,0xa1,0xd7,0x00,0x84,0x5e,0xe0,0x00,0x00,
	0xc9,0x0d,0x00,0x07,0x5e,0x02,0x02,0x00,0xa1,0x37,0xe5,0x84,
	0x5e,0xe8,0x00,0x00,0xc9,0x0d,0xf0,0x02,0xde,0xbf,0x03,0x00,
	0xc9,0x0d,0x00,0xf3,0x80,0x04,0x02,0x00,0xc9,0x0d,0x00,0x07,
	0x5e,0x02,0x02,0x00,0xc9,0x0d,0x00,0x07,0x5e,0x80,0x02,0x00,
	0xa2,0x37,0x00,0x1b,0x00,0x90,0x00,0x00,0xa1,0x57,0xf4,0x12,
	0x54,0xe8,0x00,0x00,0x00,0x00,0xf0,0x02,0xde,0x02,0x00,0x00,
	0xcd,0x0d,0x00,0xbf,0x00,0x04,0x02,0x00,0x92,0x0f,0xf0,0x02,
	0x5e,0x02,0x00,0x00,0xd1,0x0d,0xf0,0x02,0xde,0xbf,0x03,0x00,
	0x45,0xb1,0xf0,0xb6,0x44,0xa0,0x00,0x00,0xd1,0x0d,0x00,0xbf,
	0x80,0x07,0x02,0x00,0xd1,0x0d,0x00,0x17,0xc5,0x68,0x00,0x00,
	0x45,0x31,0x00,0x03,0x60,0xbc,0x01,0x00,0x00,0x00,0xf0,0x02,
	0xde,0x02,0x00,0x00,0xe2,0x0d,0x00,0xbf,0x00,0x00,0x02,0x00,
	0xe2,0x0d,0x00,0x4f,0xa7,0x68,0x00,0x00,0xa8,0x37,0x00,0xa3,
	0x5e,0xe0,0x00,0x00,0xe2,0xcd,0x05,0xa0,0x5e,0x6d,0x00,0x00,
	0xa1,0x17,0x00,0xd7,0x28,0xb0,0x00,0x00,0xd3,0x00,0xf0,0x02,
	0x5e,0x02,0x00,0x00,0xa2,0x17,0x00,0x67,0x40,0xb0,0x00,0x00,
	0xdf,0xed,0xff,0xa3,0xde,0x68,0x00,0x00,0xa2,0xd7,0x46,0x89,
	0x5e,0xb0,0x00,0x00,0xde,0x8d,0x00,0xa7,0x00,0x6d,0x00,0x00,
	0xe0,0x4d,0x00,0x97,0x9c,0x6d,0x00,0x00,0xdf,0x0d,0xf0,0x02,
	0xde,0xbf,0x03,0x00,0xe0,0x0d,0x00,0x97,0x9c,0x68,0x00,0x00,
	0xa2,0xd7,0x46,0x89,0x5e,0xb8,0x00,0x00,0xd8,0x00,0xf0,0x02,
	0x5e,0x02,0x00,0x00,0xa8,0x17,0x00,0x03,0x60,0xbc,0x01,0x00,
	0x00,0x00,0xf0,0x02,0xde,0x02,0x00,0x00,0xf6,0x0d,0x00,0xb3,
	0x5e,0x01,0x02,0x00,0xac,0x97,0xf5,0x02,0x60,0x81,0x01,0x00,
	0x62,0x10,0x1f,0x0f,0x60,0xbc,0x01,0x00,0x86,0x30,0x02,0x04,
	0x60,0x90,0x01,0x00,0x8a,0x10,0x00,0x27,0x54,0xb0,0x00,0x00,
	0x80,0xf0,0x00,0x03,0x61,0xbc,0x01,0x00,0xa9,0x20,0x00,0xa7,
	0x02,0xe0,0x00,0x00,0x84,0x10,0x00,0x03,0x60,0xbc,0x01,0x00,
	0x85,0x10,0x00,0x03,0x60,0xbc,0x01,0x00,0xe0,0x10,0x00,0x07,
	0x54,0xb0,0x00,0x00,0xe1,0x10,0x00,0x0b,0x54,0xb0,0x00,0x00,
	0xe3,0x90,0x1a,0x03,0x60,0xbc,0x01,0x00,0xe4,0x10,0x00,0x03,
	0x60,0xbc,0x01,0x00,0x92,0xb7,0x06,0x03,0x60,0xbc,0x01,0x00,
	0xc3,0xf0,0x1f,0xff,0x63,0xbc,0x01,0x00,0xc4,0xf0,0x1f,0xff,
	0x63,0xbc,0x01,0x00,0x84,0xf0,0x1f,0x03,0x60,0xbc,0x01,0x00,
	0x48,0x10,0x09,0x0a,0x60,0x90,0x01,0x00,0x48,0x10,0x09,0x02,
	0xe0,0x84,0x01,0x00,0x00,0x00,0xf0,0x02,0xde,0x02,0x00,0x00,
	0x08,0x0e,0x00,0xb3,0xde,0x00,0x02,0x00,0x08,0x0e,0x00,0xb3,
	0x5e,0x00,0x02,0x00,0x08,0x0e,0x00,0x1f,0x42,0x00,0x02,0x00,
	0x80,0x10,0x00,0x03,0x61,0xbc,0x01,0x00,0x00,0x18,0x00,0x03,
	0x42,0xb0,0x00,0x00,0xfd,0x2d,0x00,0x03,0xe0,0x6e,0x00,0x00,
	0x00,0x0e,0xf0,0x02,0x5e,0x50,0x03,0x00,0x00,0x00,0xf0,0x02,
	0x5e,0x01,0x00,0x00,0x2a,0x03,0xf0,0x02,0xde,0xbf,0x03,0x00,
	0x48,0xf0,0x01,0x23,0x41,0xa8,0x00,0x00,0xab,0x77,0xf5,0x02,
	0xe0,0x87,0x01,0x00,0x42,0x11,0x00,0x53,0x1c,0xb0,0x00,0x00,
	0xa7,0x20,0x00,0x9f,0x02,0xe0,0x00,0x00,0x17,0xe7,0xe2,0x70,
	0x60,0xa0,0x01,0x00,0x1b,0x0e,0xf0,0x02,0x5e,0x02,0x00,0x00,
	0x6c,0x90,0x0d,0x06,0xe0,0x80,0x01,0x00,0xd2,0x0d,0xf0,0x02,
	0x5e,0x02,0x00,0x00,0x00,0x00,0xf0,0x02,0xde,0x02,0x00,0x00,
	0x08,0x0e,0xf0,0x02,0xde,0x28,0x03,0x00,0x08,0x0e,0x09,0x8a,
	0xe0,0x20,0x00,0x00,0x60,0x10,0x00,0x73,0x1c,0xb0,0x00,0x00,
	0x18,0x00,0x00,0x77,0x1c,0xb0,0x00,0x00,0xa0,0x10,0x00,0x63,
	0x00,0xb0,0x00,0x00,0x00,0x18,0x00,0x83,0x42,0xb0,0x00,0x00,
	0x08,0x0e,0x00,0x47,0x42,0x68,0x00,0x00,0x30,0x14,0x86,0x02,
	0x60,0x80,0x01,0x00,0x91,0x01,0xf0,0x02,0x5e,0x02,0x00,0x00,
	0xa5,0x17,0x00,0x6f,0x1c,0xb0,0x00,0x00,0x17,0xce,0x84,0x96,
	0xde,0x68,0x00,0x00,0x6c,0x90,0x0d,0x02,0xe0,0x80,0x01,0x00,
	0x31,0x34,0x86,0x06,0xe0,0x82,0x01,0x00,0x08,0x0e,0xf0,0x02,
	0xde,0xbf,0x03,0x00,0xa0,0x10,0x03,0x04,0xe0,0x86,0x01,0x00,
	0x00,0x18,0x00,0x83,0x42,0xb0,0x00,0x00,0xa8,0x20,0x00,0xa3,
	0x02,0xe0,0x00,0x00,0x08,0x0e,0xf0,0x02,0xde,0xbf,0x03,0x00,
	0x21,0x0e,0x00,0xb3,0x5e,0x00,0x02,0x00,0x8f,0x10,0x00,0x6b,
	0x1c,0xb0,0x00,0x00,0x8e,0x10,0x00,0x67,0x1c,0xb0,0x00,0x00,
	0x8d,0x10,0x00,0x63,0x1c,0xb0,0x00,0x00,0x8c,0x30,0x00,0x5f,
	0x1c,0xb0,0x00,0x00,0xac,0x97,0xf5,0x02,0x60,0x80,0x01,0x00,
	0x00,0x00,0xf0,0x02,0xde,0x02,0x00,0x00,0xa2,0x17,0x01,0x03,
	0x5a,0xd8,0x00,0x00,0xa2,0x57,0xf4,0x06,0x5a,0xb8,0x01,0x00,
	0x38,0x07,0x00,0x03,0x56,0xb0,0x00,0x00,0x39,0x07,0x00,0x07,
	0x56,0xb0,0x00,0x00,0x3a,0x07,0x00,0x0b,0x56,0xb0,0x00,0x00,
	0x3b,0x07,0x00,0x0f,0x56,0xb0,0x00,0x00,0x3c,0x07,0x00,0x13,
	0x56,0xb0,0x00,0x00,0x3d,0x47,0xf4,0x12,0x56,0xe0,0x00,0x00,
	0x36,0x07,0x00,0x03,0x5a,0xb0,0x00,0x00,0x37,0x07,0x00,0x8b,
	0x5e,0x38,0x01,0x00,0xa4,0x17,0x00,0xf7,0x1c,0xb0,0x00,0x00,
	0xa2,0x17,0x00,0x03,0x60,0xbc,0x01,0x00,0x65,0x10,0x00,0x93,
	0x41,0xb0,0x00,0x00,0xa4,0x17,0xd0,0x92,0x5e,0xb8,0x00,0x00,
	0x63,0x50,0xf4,0x06,0x5e,0xe0,0x00,0x00,0xa3,0x17,0x00,0x93,
	0x5e,0xf0,0x00,0x00,0xa4,0x77,0x00,0x93,0x5e,0xf0,0x00,0x00,
	0xa2,0x37,0x00,0x8b,0x5e,0xe0,0x00,0x00,0xa4,0x77,0xf4,0x92,
	0x5e,0xb8,0x00,0x00,0x65,0x50,0xf4,0x92,0x41,0xe0,0x00,0x00,
	0x80,0x95,0xf4,0x02,0x56,0xe0,0x00,0x00,0xa4,0x17,0x00,0x03,
	0x56,0xb0,0x00,0x00,0x2f,0xae,0x00,0x8b,0xde,0x6e,0x00,0x00,
	0xa2,0xd7,0xc0,0x92,0x5e,0xb8,0x00,0x00,0xa2,0x37,0x00,0x8b,
	0x5e,0xd8,0x00,0x00,0x38,0x47,0xf4,0xe2,0x1c,0xe0,0x00,0x00,
	0xa4,0x17,0x00,0xe3,0x1c,0xb0,0x00,0x00,0xa2,0xf7,0xc0,0x92,
	0x5e,0xb8,0x00,0x00,0xa2,0x37,0x00,0x8b,0x5e,0xd8,0x00,0x00,
	0x39,0x47,0xf4,0xe6,0x1c,0xe0,0x00,0x00,0xa2,0x37,0x00,0xe7,
	0x1c,0xd8,0x00,0x00,0x3a,0x47,0xf4,0xea,0x1c,0xe0,0x00,0x00,
	0xa2,0x37,0x00,0xeb,0x1c,0xd8,0x00,0x00,0x3b,0x47,0xf4,0xee,
	0x1c,0xe0,0x00,0x00,0xa2,0x37,0x00,0xef,0x1c,0xd8,0x00,0x00,
	0x3c,0x47,0xf4,0xf2,0x1c,0xe0,0x00,0x00,0xa2,0x37,0x00,0xf3,
	0x1c,0xd8,0x00,0x00,0x3d,0x47,0xf4,0xf6,0x1c,0xe0,0x00,0x00,
	0xa2,0x17,0x00,0xf7,0x1c,0xb0,0x00,0x00,0xa2,0x17,0xc0,0x8a,
	0x5e,0xb8,0x00,0x00,0xa2,0x37,0x00,0x8b,0x5e,0x90,0x00,0x00,
	0x37,0xe7,0xe6,0x88,0x5e,0xbc,0x01,0x00,0x00,0x00,0xf0,0x02,
	0xde,0x02,0x00,0x00,0xe4,0x91,0x3c,0x06,0x60,0x80,0x01,0x00,
	0xe6,0xd1,0x3c,0x06,0x60,0x87,0x01,0x00,0xe6,0xd1,0x3c,0x02,
	0x60,0xa8,0x01,0x00,0xe6,0xd1,0x3c,0x02,0x60,0x8b,0x01,0x00,
	0x63,0x10,0x00,0x8f,0x5e,0xb0,0x00,0x00,0xe7,0x11,0x00,0x03,
	0x56,0xb0,0x00,0x00,0xe7,0x11,0x00,0x07,0x56,0xb0,0x00,0x00,
	0xe7,0x11,0x00,0x0b,0x56,0xb0,0x00,0x00,0xe7,0x11,0x00,0x0f,
	0x56,0xb0,0x00,0x00,0xe4,0x91,0x3c,0x42,0x60,0xa9,0x01,0x00,
	0xe6,0xd1,0x3c,0x02,0x60,0xa8,0x01,0x00,0xe6,0xd1,0x3c,0x06,
	0x60,0x8b,0x01,0x00,0x63,0x10,0x00,0x8b,0x5e,0xb0,0x00,0x00,
	0xa1,0x57,0x00,0x03,0x60,0xbc,0x01,0x00,0x5d,0x0e,0x00,0x03,
	0x56,0x04,0x02,0x00,0xa1,0x17,0x01,0x03,0x60,0xbc,0x01,0x00,
	0x63,0x30,0xf4,0x8e,0x41,0xe0,0x00,0x00,0xe7,0x11,0x00,0x03,
	0x56,0xb0,0x00,0x00,0xe7,0x11,0x00,0x07,0x56,0xb0,0x00,0x00,
	0xe7,0x11,0x00,0x0b,0x56,0xb0,0x00,0x00,0x63,0x10,0x00,0x8b,
	0x5e,0xb0,0x00,0x00,0xa1,0xb7,0x00,0x03,0x60,0xbc,0x01,0x00,
	0x67,0x0e,0x00,0x03,0xd6,0x04,0x02,0x00,0xa1,0x17,0x01,0x03,
	0x60,0xbc,0x01,0x00,0x67,0x0e,0x00,0x53,0x5e,0x06,0x02,0x00,
	0xa1,0x97,0x01,0x03,0x60,0xbc,0x01,0x00,0x63,0x30,0xf4,0x8e,
	0x41,0xe0,0x00,0x00,0xe7,0x11,0x00,0x03,0x56,0xb0,0x00,0x00,
	0xe7,0x11,0x00,0x07,0x56,0xb0,0x00,0x00,0xe7,0x11,0x00,0x0b,
	0x56,0xb0,0x00,0x00,0xa1,0x17,0x00,0x03,0x60,0xbc,0x01,0x00,
	0x72,0x0e,0x00,0x53,0xde,0x06,0x02,0x00,0x63,0x10,0x00,0x8b,
	0x5e,0xb0,0x00,0x00,0x71,0x0e,0x00,0x53,0x5e,0x06,0x02,0x00,
	0xa1,0xf7,0x01,0x3f,0x56,0xa0,0x00,0x00,0x72,0x0e,0xf0,0x02,
	0xde,0xbf,0x03,0x00,0xa1,0xf7,0x01,0x33,0x56,0xa0,0x00,0x00,
	0xe7,0x11,0x00,0x87,0x5e,0xb0,0x00,0x00,0xe7,0x11,0x00,0x03,
	0x60,0xbc,0x01,0x00,0x00,0x00,0xf0,0x02,0xde,0x02,0x00,0x00,
	0xe3,0x11,0x02,0x07,0x60,0xbc,0x01,0x00,0x81,0x4e,0x00,0x9b,
	0xde,0x68,0x00,0x00,0xe1,0x11,0x01,0x87,0x47,0xe8,0x00,0x00,
	0xe2,0x11,0x00,0x03,0x60,0xbc,0x01,0x00,0xe2,0x11,0x00,0x03,
	0x60,0xbc,0x01,0x00,0xe2,0x11,0x00,0x03,0x60,0xbc,0x01,0x00,
	0xe2,0x11,0x00,0x03,0x60,0xbc,0x01,0x00,0xe2,0x11,0x00,0x03,
	0x60,0xbc,0x01,0x00,0xe2,0x11,0x00,0x03,0x60,0xbc,0x01,0x00,
	0xe2,0x11,0x00,0x03,0x60,0xbc,0x01,0x00,0xe2,0x11,0x00,0x03,
	0x60,0xbc,0x01,0x00,0xe0,0x51,0xf4,0x42,0x61,0xb0,0x00,0x00,
	0xe2,0x11,0x00,0x03,0x58,0xb0,0x00,0x00,0xe2,0x11,0x00,0x07,
	0x58,0xb0,0x00,0x00,0xe2,0x11,0x00,0x0b,0x58,0xb0,0x00,0x00,
	0xe2,0x11,0x00,0x0f,0x58,0xb0,0x00,0x00,0xe2,0x11,0x00,0x13,
	0x58,0xb0,0x00,0x00,0xe2,0x11,0x00,0x17,0x58,0xb0,0x00,0x00,
	0xe2,0x11,0x00,0x1b,0x58,0xb0,0x00,0x00,0xe2,0x11,0x00,0x1f,
	0x58,0xb0,0x00,0x00,0xa4,0x17,0x00,0x9b,0x5e,0xb0,0x00,0x00,
	0x8c,0xae,0x00,0x9b,0xde,0x68,0x00,0x00,0xa4,0x77,0x00,0x03,
	0x60,0xbc,0x01,0x00,0xa3,0x17,0x02,0x93,0xde,0x92,0x01,0x00,
	0x00,0x00,0xf0,0x02,0xde,0x02,0x00,0x00,0x95,0x0e,0x00,0x07,
	0xc1,0x81,0x02,0x00,0xa1,0x77,0x01,0x03,0x60,0xbc,0x01,0x00,
	0xa2,0xf7,0x3f,0x03,0x5e,0xa0,0x00,0x00,0xd8,0x00,0xf0,0x02,
	0x5e,0x02,0x00,0x00,0xa1,0xb7,0x01,0x03,0x60,0xbc,0x01,0x00,
	0xd3,0x00,0xf0,0x02,0x5e,0x02,0x00,0x00,0x81,0xf7,0x1f,0x67,
	0x40,0xa0,0x00,0x00,0x00,0x00,0xf0,0x02,0xde,0x02,0x00,0x00,
	0x9d,0x0e,0x00,0x07,0xc1,0x81,0x02,0x00,0xa1,0x77,0x01,0x03,
	0x60,0xbc,0x01,0x00,0xa2,0xf7,0x1f,0x03,0x5e,0xa0,0x00,0x00,
	0xd8,0x00,0xf0,0x02,0x5e,0x02,0x00,0x00,0xa1,0xb7,0x01,0x03,
	0x60,0xbc,0x01,0x00,0xa2,0x17,0x00,0x07,0x5e,0xb0,0x00,0x00,
	0xd8,0x00,0xf0,0x02,0x5e,0x02,0x00,0x00,0x00,0x00,0xf0,0x02,
	0xde,0x02,0x00,0x00,0xe7,0x92,0x00,0xa7,0x00,0x68,0x00,0x00,
	0xb5,0x0e,0xf0,0x02,0xde,0xbf,0x03,0x00,0xa3,0x0e,0xf0,0x02,
	0x5e,0x02,0x00,0x00,0xb6,0x0e,0xf0,0x02,0x5e,0x02,0x00,0x00,
	0x00,0x00,0xf0,0x02,0xde,0x02,0x00,0x00,0xd3,0x92,0x00,0xa7,
	0x00,0x68,0x00,0x00,0xd3,0x12,0xf0,0x02,0x5e,0x02,0x00,0x00,
	0x00,0x00,0xf0,0x02,0xde,0x02,0x00,0x00,0x49,0x30,0x09,0x06,
	0x60,0x81,0x01,0x00,0xa9,0x8e,0x00,0xa7,0x00,0x68,0x00,0x00,
	0xbc,0x0e,0xf0,0x02,0x5e,0x02,0x00,0x00,0x00,0x00,0xf0,0x02,
	0xde,0x02,0x00,0x00,0xbc,0x0e,0xf0,0x02,0x5e,0x02,0x00,0x00,
	0x49,0x30,0x09,0x02,0x60,0x81,0x01,0x00,0x00,0x00,0xf0,0x02,
	0xde,0x02,0x00,0x00,0x49,0x30,0x09,0x0e,0xe0,0x88,0x01,0x00,
	0x00,0x18,0x00,0x27,0x41,0xb0,0x00,0x00,0x02,0x10,0x00,0x2b,
	0x00,0xb0,0x00,0x00,0x00,0x00,0xf0,0x02,0xde,0x02,0x00,0x00,
	0x02,0x10,0x00,0x03,0x60,0xbc,0x01,0x00,0x78,0x10,0x0f,0x02,
	0xe0,0x82,0x01,0x00,0x49,0x10,0x00,0x03,0x60,0xbc,0x01,0x00,
	0x00,0x18,0x00,0x27,0x41,0xb0,0x00,0x00,0x00,0x00,0xf0,0x02,
	0xde,0x02,0x00,0x00,0xa1,0xb7,0x14,0x03,0x60,0xbc,0x01,0x00,
	0xa2,0xf7,0x1f,0xff,0x61,0xbc,0x01,0x00,0xba,0x0e,0x00,0x53,
	0xde,0x80,0x02,0x00,0xa2,0x17,0x00,0x03,0x60,0xbc,0x01,0x00,
	0xd8,0x00,0xf0,0x02,0x5e,0x02,0x00,0x00,0x00,0x00,0xf0,0x02,
	0xde,0x02,0x00,0x00,0xa6,0x17,0x00,0x53,0xde,0x00,0x01,0x00,
	0xa1,0x37,0x00,0x03,0x60,0xbc,0x01,0x00,0xbf,0x0e,0xf0,0x02,
	0xde,0xbf,0x03,0x00,0xd3,0x00,0xf0,0x02,0x5e,0x02,0x00,0x00,
	0xa2,0x37,0x03,0x06,0x60,0x87,0x01,0x00,0xc3,0x0e,0x00,0x9b,
	0xde,0x68,0x00,0x00,0xa2,0x37,0x03,0x02,0x60,0x87,0x01,0x00,
	0xd8,0x00,0xf0,0x02,0x5e,0x02,0x00,0x00,0x00,0x00,0xf0,0x02,
	0xde,0x02,0x00,0x00,0xf8,0x0e,0x00,0x1f,0x41,0x02,0x02,0x00,
	0xca,0x0e,0x00,0x53,0x5e,0x82,0x02,0x00,0x94,0x97,0xf2,0x06,
	0x60,0x82,0x01,0x00,0x00,0x18,0x00,0x67,0x44,0xb0,0x00,0x00,
	0x1f,0x07,0x00,0x6b,0x44,0xb0,0x00,0x00,0x00,0x18,0x00,0x67,
	0x44,0xb0,0x00,0x00,0xa4,0xf7,0xe3,0x68,0x44,0xe8,0x00,0x00,
	0xcd,0x8e,0x00,0xa7,0x00,0x68,0x00,0x00,0xf2,0x4e,0x00,0x93,
	0xde,0x6d,0x00,0x00,0xee,0x8e,0x00,0xa7,0x80,0x68,0x00,0x00,
	0xdb,0x0e,0x00,0xb7,0x5e,0x82,0x02,0x00,0xa1,0x77,0x05,0x07,
	0x60,0xbc,0x01,0x00,0xa2,0x17,0x00,0x0b,0x60,0xbc,0x01,0x00,
	0xd8,0x00,0xf0,0x02,0x5e,0x02,0x00,0x00,0xa1,0x57,0x05,0x07,
	0x60,0xbc,0x01,0x00,0xa2,0x17,0x04,0x03,0x60,0xbc,0x01,0x00,
	0xd8,0x00,0xf0,0x02,0x5e,0x02,0x00,0x00,0xa1,0x37,0x05,0x07,
	0x60,0xbc,0x01,0x00,0xa2,0x37,0x00,0x03,0x60,0xbc,0x01,0x00,
	0xd8,0x00,0xf0,0x02,0x5e,0x02,0x00,0x00,0x49,0x11,0x00,0x03,
	0x60,0xbc,0x01,0x00,0xad,0xb7,0xf5,0x06,0x60,0x82,0x01,0x00,
	0xa1,0x37,0x05,0x07,0x60,0xbc,0x01,0x00,0xd3,0x00,0xf0,0x02,
	0x5e,0x02,0x00,0x00,0xf8,0x0e,0x00,0x67,0x40,0x80,0x02,0x00,
	0xf5,0x0e,0x00,0x27,0xc5,0x68,0x00,0x00,0x65,0x90,0x10,0x07,
	0x60,0xbc,0x01,0x00,0xa2,0x57,0x06,0x07,0x60,0xbc,0x01,0x00,
	0xa1,0xd7,0x05,0x07,0x60,0xbc,0x01,0x00,0xd3,0x00,0xf0,0x02,
	0x5e,0x02,0x00,0x00,0x80,0x36,0x03,0x02,0xda,0xe1,0x00,0x00,
	0xa1,0x37,0x00,0x87,0x5e,0xe0,0x00,0x00,0x65,0x30,0x00,0x97,
	0x41,0xb8,0x00,0x00,0xec,0x4e,0x27,0x87,0x5e,0x68,0x00,0x00,
	0xe2,0x4e,0xf4,0x86,0xde,0x68,0x00,0x00,0x65,0xd0,0x10,0x07,
	0x60,0xbc,0x01,0x00,0xa2,0x57,0x07,0x07,0x60,0xbc,0x01,0x00,
	0xa1,0xd7,0x06,0x07,0x60,0xbc,0x01,0x00,0xe2,0x0e,0xf0,0x02,
	0xde,0xbf,0x03,0x00,0x46,0x00,0x00,0x43,0x01,0xb0,0x00,0x00,
	0xf2,0x0e,0xf0,0x02,0xde,0xbf,0x03,0x00,0xa3,0x17,0x03,0x67,
	0x44,0xe0,0x00,0x00,0xf5,0x0e,0xf0,0x02,0x5e,0x90,0x03,0x00,
	0xf5,0x0e,0x00,0x23,0xc5,0x85,0x02,0x00,0xef,0x2e,0x23,0x8e,
	0xde,0x68,0x00,0x00,0x47,0x10,0x02,0x03,0x60,0xbc,0x01,0x00,
	0x43,0x90,0x00,0x03,0x60,0xbc,0x01,0x00,0x94,0x97,0xf2,0x02,
	0x60,0x82,0x01,0x00,0xad,0xb7,0xf5,0x02,0x60,0x82,0x01,0x00,
	0xf8,0x8e,0x00,0xa7,0x00,0x68,0x00,0x00,0xf8,0xae,0x00,0xa7,
	0x00,0x68,0x00,0x00,0x00,0x00,0xf0,0x02,0xde,0x02,0x00,0x00,
	0x0b,0x0f,0x00,0x1f,0xc1,0x01,0x02,0x00,0xfe,0x0e,0x00,0xaf,
	0x5e,0x85,0x02,0x00,0xab,0x77,0xf5,0x06,0x60,0x85,0x01,0x00,
	0x22,0x07,0x00,0x67,0x44,0xb0,0x00,0x00,0x23,0x07,0x00,0x6b,
	0x44,0xb0,0x00,0x00,0xa1,0x57,0xe4,0x64,0x44,0xe9,0x00,0x00,
	0xa2,0x77,0xe4,0x68,0xc4,0xe8,0x00,0x00,0xa1,0x77,0x00,0x87,
	0x5e,0xd0,0x00,0x00,0xa2,0x37,0xf4,0x8a,0xde,0xe1,0x01,0x00,
	0xa1,0x97,0x26,0x86,0x5e,0xe9,0x00,0x00,0xa2,0xb7,0x26,0x8a,
	0xde,0xe8,0x00,0x00,0x0b,0x0f,0x00,0x8b,0x5e,0x69,0x00,0x00,
	0x33,0x11,0x00,0x03,0x61,0xbc,0x01,0x00,0x36,0x31,0xf4,0xda,
	0x44,0xe1,0x00,0x00,0x37,0x51,0xf4,0xde,0x44,0xe1,0x00,0x00,
	0xab,0x77,0xf5,0x02,0x60,0x85,0x01,0x00,0x47,0x10,0x01,0x03,
	0x60,0xbc,0x01,0x00,0x43,0x50,0x00,0x03,0x60,0xbc,0x01,0x00,
	0x00,0x00,0xf0,0x02,0xde,0x02,0x00,0x00,0x65,0x10,0x0c,0x0f,
	0x60,0xbc,0x01,0x00,0x65,0x70,0x46,0x95,0x41,0xe0,0x00,0x00,
	0x10,0x0f,0x00,0xcf,0x28,0x00,0x02,0x00,0x65,0xb0,0x00,0x97,
	0x41,0xe0,0x00,0x00,0xa1,0x17,0x0d,0x0f,0x60,0xbc,0x01,0x00,
	0x14,0x2f,0xf4,0x96,0x41,0x6e,0x00,0x00,0x80,0x36,0x29,0x02,
	0x5a,0xe1,0x00,0x00,0x81,0x16,0x00,0x07,0xda,0xe0,0x00,0x00,
	0x33,0x0a,0x00,0x03,0x60,0xbc,0x01,0x00,0x00,0x00,0xf0,0x02,
	0xde,0x02,0x00,0x00,0x81,0x17,0x00,0x1f,0x45,0xb0,0x00,0x00,
	0xa6,0x17,0x00,0xb7,0x05,0xb0,0x00,0x00,0x64,0x10,0x04,0x07,
	0x60,0xbc,0x01,0x00,0x65,0x10,0x19,0x13,0x60,0xbc,0x01,0x00,
	0xa1,0x17,0x00,0x03,0x60,0xbc,0x01,0x00,0x2e,0x0f,0x00,0xaf,
	0xde,0x05,0x02,0x00,0x80,0x17,0x00,0x0f,0x58,0xb0,0x00,0x00,
	0x36,0x2f,0x2c,0x84,0x5e,0x68,0x00,0x00,0x2e,0x0f,0x00,0x9b,
	0x5e,0x00,0x02,0x00,0x24,0x0f,0x00,0x03,0xda,0x80,0x02,0x00,
	0x82,0x17,0x00,0x1f,0x58,0x18,0x01,0x00,0x82,0x37,0x00,0x0b,
	0x5e,0xe0,0x00,0x00,0x07,0xf6,0xc0,0x0a,0x5e,0x98,0x01,0x00,
	0x27,0x0f,0xf0,0x02,0xde,0xbf,0x03,0x00,0x82,0x17,0x00,0x1f,
	0xd8,0x19,0x01,0x00,0x82,0x37,0x00,0x03,0x5e,0xe0,0x00,0x00,
	0x07,0xf6,0xc0,0x0a,0xde,0x99,0x01,0x00,0x80,0x37,0x00,0x03,
	0xde,0xf0,0x01,0x00,0x80,0x57,0xc0,0x02,0x5e,0xa0,0x00,0x00,
	0x03,0x16,0x00,0x03,0x5e,0xb0,0x00,0x00,0x82,0x17,0xf0,0xb6,
	0x44,0xa0,0x00,0x00,0x05,0x16,0x00,0x0b,0x5e,0xb0,0x00,0x00,
	0x06,0x96,0xc0,0x0a,0x5e,0xe0,0x00,0x00,0x36,0x0f,0xf0,0x02,
	0xde,0xbf,0x03,0x00,0x82,0x17,0x00,0x13,0x58,0xb0,0x00,0x00,
	0xa5,0x57,0xf0,0x06,0x5e,0xe8,0x00,0x00,0x34,0x0f,0x00,0x97,
	0xde,0x6a,0x00,0x00,0x05,0xb6,0xf4,0x16,0x58,0xe8,0x00,0x00,
	0x34,0x0f,0x00,0x17,0xd8,0x69,0x00,0x00,0x05,0x16,0x00,0x03,
	0x60,0xbc,0x01,0x00,0xa5,0x17,0x00,0x17,0x58,0xb0,0x00,0x00,
	0x06,0xb6,0xf4,0x12,0x58,0xe0,0x00,0x00,0x64,0x10,0x02,0x93,
	0x41,0xe0,0x00,0x00,0x65,0xd0,0x06,0x97,0x41,0xe0,0x00,0x00,
	0xa1,0x37,0x00,0x87,0x5e,0xe0,0x00,0x00,0xa6,0x37,0x00,0x9b,
	0x5e,0x90,0x00,0x00,0x1b,0x8f,0x00,0x87,0xde,0x68,0x00,0x00,
	0x47,0x11,0x00,0x03,0x60,0xbc,0x01,0x00,0x00,0x00,0xf0,0x02,
	0xde,0x02,0x00,0x00,0x6c,0x01,0x00,0x03,0x60,0xbc,0x01,0x00,
	0x6d,0x01,0x00,0x03,0x60,0xbc,0x01,0x00,0x64,0x10,0x0a,0x07,
	0x60,0xbc,0x01,0x00,0xa4,0x57,0x0d,0x17,0x60,0xbc,0x01,0x00,
	0xa1,0x77,0x00,0x03,0x60,0xbc,0x01,0x00,0x80,0x17,0x00,0x8f,
	0x42,0xb0,0x00,0x00,0x80,0xf7,0x01,0x03,0x5e,0xa0,0x00,0x00,
	0x6e,0x01,0x00,0x03,0x5e,0xb0,0x00,0x00,0xa2,0xf7,0x1f,0xff,
	0x63,0xbc,0x01,0x00,0x48,0x0f,0x00,0x03,0xde,0x68,0x00,0x00,
	0xa2,0x17,0x00,0x03,0x60,0xbc,0x01,0x00,0x81,0x37,0xf4,0x06,
	0x60,0x88,0x00,0x00,0x4d,0x2f,0xf0,0xba,0x05,0x20,0x00,0x00,
	0x4d,0xcf,0xc0,0x8a,0xde,0x68,0x00,0x00,0x6c,0x21,0x00,0xb3,
	0x05,0xe0,0x00,0x00,0x6d,0x21,0xf0,0xb6,0x05,0xb0,0x00,0x00,
	0x51,0x0f,0x00,0x03,0x5e,0x68,0x00,0x00,0x58,0x0f,0xf0,0x06,
	0x5e,0x20,0x00,0x00,0x58,0xcf,0xc0,0x8a,0xde,0x6e,0x00,0x00,
	0x52,0x0f,0xf0,0x02,0xde,0xbf,0x03,0x00,0x58,0xcf,0xc0,0x8a,
	0xde,0x6d,0x00,0x00,0xa3,0x17,0x00,0x87,0x5e,0xb0,0x00,0x00,
	0x66,0x01,0x00,0x93,0x41,0xb0,0x00,0x00,0x67,0x01,0x00,0x93,
	0x5e,0xb0,0x00,0x00,0xa2,0x17,0x00,0x1b,0x58,0xb0,0x00,0x00,
	0x6c,0x01,0x00,0x03,0x60,0xbc,0x01,0x00,0x6d,0x01,0x00,0x03,
	0x60,0xbc,0x01,0x00,0x64,0x10,0x02,0x93,0x41,0xe8,0x00,0x00,
	0xa4,0xd7,0x06,0x93,0x5e,0xe8,0x00,0x00,0xa1,0x37,0x00,0x87,
	0x5e,0xe8,0x00,0x00,0x48,0x0f,0x00,0x87,0xde,0x69,0x00,0x00,
	0x65,0x01,0x00,0x8f,0x5e,0xb0,0x00,0x00,0x64,0x01,0x00,0x8b,
	0x5e,0xb0,0x00,0x00,0x00,0x00,0xf0,0x02,0xde,0x02,0x00,0x00,
	0x64,0x10,0x00,0x9b,0x05,0xb0,0x00,0x00,0x63,0x2f,0x00,0x1b,
	0x58,0x6e,0x00,0x00,0x45,0x31,0x00,0x1b,0x58,0xe0,0x00,0x00,
	0x64,0x0f,0xf0,0x02,0xde,0xbf,0x03,0x00,0x45,0x11,0x00,0x1b,
	0x58,0xb0,0x00,0x00,0x60,0x01,0x00,0x93,0x05,0xb0,0x00,0x00,
	0x62,0x01,0x00,0x9b,0x05,0xb0,0x00,0x00,0x63,0x01,0x00,0x9f,
	0x05,0xb0,0x00,0x00,0x61,0x01,0x00,0x97,0x05,0xb0,0x00,0x00,
	0x85,0x17,0x00,0x0f,0x58,0xb0,0x00,0x00,0x83,0x17,0x00,0x07,
	0x58,0xb0,0x00,0x00,0x84,0x17,0x00,0x0b,0x58,0xb0,0x00,0x00,
	0x8c,0x97,0xf1,0x1e,0x58,0x98,0x01,0x00,0x8d,0xb7,0xf1,0x1e,
	0xd8,0x99,0x01,0x00,0x00,0x00,0xf0,0x02,0xde,0x02,0x00,0x00,
	0x80,0x17,0x00,0x97,0x05,0xb0,0x00,0x00,0x91,0x2f,0x2c,0x00,
	0x5e,0x68,0x00,0x00,0x12,0x11,0x00,0x03,0x60,0xbc,0x01,0x00,
	0x15,0x11,0x00,0x03,0x60,0xbc,0x01,0x00,0x64,0x10,0x00,0x9b,
	0x05,0xb0,0x00,0x00,0x7b,0x0f,0x00,0x23,0x45,0x00,0x02,0x00,
	0x81,0x17,0x00,0x1f,0x45,0xb0,0x00,0x00,0x80,0x37,0xf0,0x92,
	0x05,0xe8,0x00,0x00,0x79,0x0f,0x00,0x03,0xde,0x6a,0x00,0x00,
	0x45,0x11,0x00,0x03,0x5e,0xb0,0x00,0x00,0x7c,0x0f,0xf0,0x02,
	0xde,0xbf,0x03,0x00,0x45,0x31,0x00,0x03,0x60,0xbc,0x01,0x00,
	0x7c,0x0f,0xf0,0x02,0xde,0xbf,0x03,0x00,0x45,0x11,0x00,0x93,
	0x05,0xb0,0x00,0x00,0x69,0x01,0x00,0x83,0x05,0xb0,0x00,0x00,
	0x6a,0x01,0x00,0x8b,0x05,0xb0,0x00,0x00,0x6b,0x01,0x00,0x8f,
	0x05,0xb0,0x00,0x00,0x68,0x01,0x00,0x87,0x05,0xb0,0x00,0x00,
	0x65,0x10,0x00,0xab,0x05,0xb0,0x00,0x00,0x85,0x0f,0x00,0x1f,
	0x5a,0x84,0x02,0x00,0x83,0x16,0x00,0x17,0x5e,0xb0,0x00,0x00,
	0x87,0xf6,0xd0,0x32,0x5e,0x98,0x01,0x00,0x87,0xf6,0xd0,0x36,
	0xde,0x99,0x01,0x00,0x87,0xf6,0xd0,0x02,0x60,0x84,0x01,0x00,
	0x60,0x01,0x00,0x93,0x05,0xb0,0x00,0x00,0x62,0x01,0x00,0x9b,
	0x05,0xb0,0x00,0x00,0x63,0x01,0x00,0x9f,0x05,0xb0,0x00,0x00,
	0x61,0x01,0x00,0x97,0x05,0xb0,0x00,0x00,0x64,0x10,0x00,0x8b,
	0x05,0xb0,0x00,0x00,0x85,0x17,0x00,0x0f,0x58,0xb0,0x00,0x00,
	0x83,0x17,0x00,0x07,0x58,0xb0,0x00,0x00,0x84,0x17,0x00,0x0b,
	0x58,0xb0,0x00,0x00,0x8c,0x97,0xf1,0x1e,0x58,0x98,0x01,0x00,
	0x8d,0xb7,0xf1,0x1e,0xd8,0x99,0x01,0x00,0x91,0x0f,0xf0,0x02,
	0xde,0xbf,0x03,0x00,0x00,0x00,0xf0,0x02,0xde,0x02,0x00,0x00,
	0x64,0x10,0x00,0x8b,0x05,0xb0,0x00,0x00,0x9d,0x0f,0x2a,0x93,
	0x41,0x6e,0x00,0x00,0xa1,0xb7,0xf0,0xb6,0x44,0xa0,0x00,0x00,
	0x05,0x16,0x00,0x87,0x5e,0xb0,0x00,0x00,0x06,0x36,0xf4,0x12,
	0x58,0xe0,0x00,0x00,0x9a,0x0f,0x00,0xf3,0x00,0x00,0x02,0x00,
	0x9a,0x0f,0x28,0x93,0x41,0x6d,0x00,0x00,0x42,0x51,0x02,0x0b,
	0x60,0xbc,0x01,0x00,0x6f,0x01,0x00,0x87,0x5e,0xb0,0x00,0x00,
	0x9d,0x0f,0x00,0xaf,0x5e,0x01,0x02,0x00,0x03,0x16,0x00,0x17,
	0x5e,0xb0,0x00,0x00,0xab,0x77,0xf5,0x02,0x60,0x81,0x01,0x00,
	0x00,0x00,0xf0,0x02,0xde,0x02,0x00,0x00,0xa7,0x0f,0x00,0x23,
	0x45,0x01,0x02,0x00,0xa2,0x0f,0x00,0xbf,0x00,0x01,0x02,0x00,
	0xa3,0x0f,0xf0,0x02,0x5e,0x9f,0x03,0x00,0xa7,0x0f,0x00,0x93,
	0xc4,0x87,0x02,0x00,0xa7,0x0f,0x00,0xb7,0x5e,0x05,0x02,0x00,
	0xae,0xd7,0xf5,0x02,0x60,0x82,0x01,0x00,0x8d,0x29,0x00,0x37,
	0x26,0xe0,0x00,0x00,0xad,0xb7,0xf5,0x02,0x60,0x85,0x01,0x00,
	0x00,0x00,0xf0,0x02,0xde,0x02,0x00,0x00,0xb4,0x0f,0x00,0xbf,
	0x00,0x02,0x02,0x00,0xdc,0x0f,0xf0,0x02,0x5e,0x02,0x00,0x00,
	0xad,0x0f,0x00,0xb3,0xde,0x02,0x02,0x00,0xdb,0x0c,0x00,0x8f,
	0x42,0x20,0x00,0x00,0x02,0x00,0xf0,0x02,0xde,0xbf,0x03,0x00,
	0xab,0x0f,0x00,0xff,0x5e,0x84,0x02,0x00,0xab,0x0f,0x00,0xb3,
	0x5e,0x84,0x02,0x00,0xab,0x0f,0x00,0xff,0xde,0x82,0x02,0x00,
	0xb2,0x0f,0x00,0x8f,0x26,0x82,0x02,0x00,0xb4,0x0f,0x00,0xfb,
	0x25,0x68,0x00,0x00,0xab,0x0f,0x00,0xaf,0xde,0x84,0x02,0x00,
	0xab,0x0f,0x00,0xb7,0x5e,0x83,0x02,0x00,0xa1,0x17,0x00,0x87,
	0x5e,0xb0,0x00,0x00,0x00,0x00,0xf0,0x02,0xde,0x02,0x00,0x00,
	0xac,0x97,0xf5,0x02,0xe0,0x82,0x01,0x00,0xc0,0x0f,0x00,0xff,
	0xde,0x03,0x02,0x00,0x5c,0x91,0x2b,0x06,0x60,0x83,0x01,0x00,
	0x4e,0xd0,0x09,0x0a,0x60,0x8b,0x01,0x00,0xc0,0x0f,0x00,0x23,
	0x45,0x84,0x02,0x00,0xc0,0x0f,0x00,0x8f,0x26,0x01,0x02,0x00,
	0x94,0x97,0xf2,0x06,0xe0,0x80,0x01,0x00,0xbc,0x0e,0xf0,0x02,
	0x5e,0x02,0x00,0x00,0x94,0x97,0xf2,0x02,0xe0,0x80,0x01,0x00,
	0xbc,0x0e,0xf0,0x02,0x5e,0x02,0x00,0x00,0x94,0x97,0xf2,0x02,
	0xe0,0x80,0x01,0x00,0xa0,0x0e,0xf0,0x02,0xde,0xbf,0x03,0x00,
	0x5c,0x91,0x2b,0x02,0x60,0x83,0x01,0x00,0x4e,0xd0,0x09,0x06,
	0x60,0x8b,0x01,0x00,0xca,0x0f,0x00,0xc7,0x00,0x04,0x02,0x00,
	0xc7,0x0f,0x00,0x23,0x45,0x84,0x02,0x00,0xda,0x0f,0x00,0x03,
	0x42,0x00,0x02,0x00,0xda,0xaf,0x04,0x4b,0x5e,0x68,0x00,0x00,
	0xda,0xaf,0x06,0x4b,0x5e,0x68,0x00,0x00,0xda,0x2f,0x06,0x4b,
	0x5e,0x68,0x00,0x00,0xac,0x97,0xf5,0x06,0xe0,0x82,0x01,0x00,
	0xcd,0x0f,0x00,0x23,0x45,0x84,0x02,0x00,0xce,0x0f,0xf0,0x02,
	0xde,0x23,0x03,0x00,0xac,0x97,0xf5,0x06,0xe0,0x83,0x01,0x00,
	0x94,0x97,0xf2,0x06,0xe0,0x80,0x01,0x00,0xa2,0x17,0x00,0x37,
	0x26,0xb0,0x00,0x00,0x9e,0x0e,0x30,0x89,0xde,0x6d,0x00,0x00,
	0xa0,0x0e,0x00,0x8f,0x26,0x87,0x02,0x00,0x9e,0x0e,0x00,0xff,
	0x5e,0x00,0x02,0x00,0xa0,0x0e,0x00,0x8f,0xa6,0x87,0x02,0x00,
	0x9e,0x0e,0xf0,0x02,0xde,0xbf,0x03,0x00,0xa1,0x37,0x02,0x23,
	0x60,0xbc,0x01,0x00,0xd3,0x00,0xf0,0x02,0x5e,0x02,0x00,0x00,
	0xa2,0x37,0x03,0x8e,0x5e,0x81,0x01,0x00,0xd8,0x00,0xf0,0x02,
	0x5e,0x02,0x00,0x00,0xac,0x97,0xf5,0x8e,0xde,0x82,0x01,0x00,
	0x00,0x00,0xf0,0x02,0xde,0x02,0x00,0x00,0x65,0x10,0x00,0xbf,
	0x00,0x02,0x02,0x00,0xe1,0x0f,0x00,0x4b,0x26,0x68,0x00,0x00,
	0xa1,0x57,0x32,0x65,0x44,0xe8,0x00,0x00,0xa2,0x17,0x1d,0xf7,
	0x63,0xbc,0x01,0x00,0xe1,0x4f,0xf4,0x86,0x5e,0x6d,0x00,0x00,
	0x92,0x49,0xf4,0x66,0x44,0xe8,0x00,0x00,0xfc,0x0f,0x00,0x6f,
	0x45,0x80,0x02,0x00,0x65,0x10,0x00,0xb7,0xde,0x03,0x02,0x00,
	0xad,0xb7,0xf5,0x02,0xe0,0x83,0x01,0x00,0xe6,0x0f,0x00,0xb3,
	0xde,0x02,0x02,0x00,0xb6,0x0f,0xf0,0x02,0x5e,0x02,0x00,0x00,
	0xe9,0x0f,0x00,0xbb,0x5e,0x83,0x02,0x00,0xa1,0xf7,0x35,0x89,
	0x45,0xe8,0x00,0x00,0xf0,0xaf,0x2f,0x85,0x5e,0x6e,0x00,0x00,
	0xec,0x0f,0x00,0xb7,0xde,0x04,0x02,0x00,0xbd,0x29,0x00,0xf7,
	0x26,0xe0,0x00,0x00,0xbf,0x09,0x00,0x03,0x60,0xbc,0x01,0x00,
	0x65,0x10,0x00,0xff,0x5e,0x02,0x02,0x00,0x65,0x10,0x00,0x4b,
	0xa6,0x68,0x00,0x00,0x92,0x09,0x00,0x27,0x26,0xb0,0x00,0x00,
	0x00,0x00,0xf0,0x02,0xde,0x02,0x00,0x00,0xbf,0xf7,0xf7,0x02,
	0xe0,0x82,0x01,0x00,0x97,0x09,0x00,0x67,0x44,0xb0,0x00,0x00,
	0xf3,0x0f,0x00,0xc7,0x00,0x06,0x02,0x00,0xf5,0x0f,0x00,0xff,
	0x5e,0x02,0x02,0x00,0x92,0x09,0x00,0x67,0x44,0xb0,0x00,0x00,
	0x65,0x10,0x00,0xb7,0xde,0x04,0x02,0x00,0x8e,0xc9,0x30,0x65,
	0x44,0xe8,0x00,0x00,0xbf,0x29,0x00,0xff,0x26,0xe0,0x00,0x00,
	0xa1,0x17,0x00,0x03,0x27,0xb0,0x00,0x00,0xfb,0x2f,0xf4,0xfe,
	0x26,0x6d,0x00,0x00,0xbd,0x09,0x00,0x03,0x60,0xbc,0x01,0x00,
	0x00,0x00,0xf0,0x02,0xde,0x02,0x00,0x00,0x03,0x10,0x00,0xb7,
	0xde,0x03,0x02,0x00,0x65,0x10,0x00,0xb3,0xde,0x82,0x02,0x00,
	0x57,0x10,0x00,0x73,0xc5,0x03,0x02,0x00,0xa1,0x37,0x31,0x65,
	0x44,0xe8,0x00,0x00,0x65,0xb0,0x30,0x85,0x5e,0x6d,0x00,0x00,
	0xae,0xd7,0xf5,0x06,0x60,0x83,0x01,0x00,0x65,0x10,0xf0,0x02,
	0xde,0xbf,0x03,0x00,0xae,0xd7,0xf5,0x02,0x60,0x83,0x01,0x00,
	0xaf,0x09,0x00,0x03,0x60,0xbc,0x01,0x00,0x07,0x50,0x1f,0x87,
	0x45,0x6d,0x00,0x00,0xaf,0x09,0x00,0x87,0x45,0xb0,0x00,0x00,
	0xbb,0xf7,0x35,0x65,0x44,0xe0,0x00,0x00,0x89,0x29,0x2c,0xee,
	0x5e,0xe8,0x00,0x00,0xad,0xb7,0xf5,0x06,0xe0,0x83,0x01,0x00,
	0xad,0xb7,0xf5,0x02,0xe0,0x84,0x01,0x00,0xad,0xb7,0xf5,0x02,
	0x60,0x84,0x01,0x00,0xa1,0x37,0x31,0x65,0x44,0xe8,0x00,0x00,
	0x0b,0xd0,0x38,0x85,0x5e,0x6d,0x00,0x00,0x10,0xb0,0x30,0x85,
	0x5e,0x6d,0x00,0x00,0xb0,0x29,0x00,0xc3,0x26,0xe0,0x00,0x00,
	0xb3,0x17,0x00,0xf3,0x25,0xb0,0x00,0x00,0xbf,0xf7,0xf7,0x02,
	0x60,0x82,0x01,0x00,0x14,0x10,0x00,0xc7,0x80,0x06,0x02,0x00,
	0x16,0x10,0x00,0x6f,0x45,0x81,0x02,0x00,0xbf,0xf7,0xf7,0x06,
	0x60,0x82,0x01,0x00,0x91,0x09,0x00,0x27,0x26,0xb0,0x00,0x00,
	0x18,0x10,0x00,0x6f,0xc5,0x00,0x02,0x00,0xad,0xb7,0xf5,0x06,
	0x60,0x84,0x01,0x00,0xb3,0xb7,0x2f,0xcd,0x5e,0xe0,0x00,0x00,
	0xae,0xd7,0xf5,0x02,0x60,0x82,0x01,0x00,0x27,0x10,0x00,0xc7,
	0x80,0x04,0x02,0x00,0xa1,0x17,0x00,0x37,0x26,0xb0,0x00,0x00,
	0x27,0x10,0x30,0x85,0x5e,0x6d,0x00,0x00,0x25,0x10,0x00,0xb7,
	0x5e,0x85,0x02,0x00,0xa1,0x17,0x00,0x0b,0x44,0xb0,0x00,0x00,
	0xa2,0x17,0x00,0x0f,0x44,0xb0,0x00,0x00,0xa1,0x37,0x23,0x86,
	0x5e,0xe9,0x00,0x00,0xa2,0x57,0x23,0x8a,0xde,0xe8,0x00,0x00,
	0x27,0x10,0x00,0x8b,0x5e,0x69,0x00,0x00,0x27,0x10,0x00,0x8b,
	0xde,0x68,0x00,0x00,0x27,0x70,0xf6,0x86,0x5e,0x6e,0x00,0x00,
	0xae,0xd7,0xf5,0x06,0x60,0x82,0x01,0x00,0x5d,0x11,0xf0,0x02,
	0x5e,0x02,0x00,0x00,0x3b,0x10,0x00,0xb7,0x5e,0x04,0x02,0x00,
	0x2a,0x10,0x00,0xc7,0x80,0x06,0x02,0x00,0x3b,0x10,0x00,0x6f,
	0x45,0x01,0x02,0x00,0x34,0x10,0x00,0x1b,0x26,0x68,0x00,0x00,
	0xa2,0xd7,0x30,0x65,0x44,0xe8,0x00,0x00,0xa3,0x97,0x15,0x37,
	0x60,0xbc,0x01,0x00,0x3b,0x70,0xf4,0x8a,0x5e,0x6d,0x00,0x00,
	0x3b,0x30,0x38,0x89,0x5e,0x6e,0x00,0x00,0xad,0xb7,0xf5,0x06,
	0xe0,0x84,0x01,0x00,0x34,0x10,0x00,0x8b,0x5e,0x68,0x00,0x00,
	0x7e,0x09,0x00,0x8b,0x5e,0xb0,0x00,0x00,0xae,0xd7,0xf5,0x06,
	0xe0,0x82,0x01,0x00,0xc2,0x29,0x00,0x0b,0x27,0xe0,0x00,0x00,
	0xa1,0x37,0x31,0x65,0x44,0xe8,0x00,0x00,0xa2,0x17,0x00,0x6b,
	0x44,0xb0,0x00,0x00,0xa3,0x17,0x00,0x67,0x44,0xb0,0x00,0x00,
	0x34,0x50,0x23,0x8a,0xde,0x68,0x00,0x00,0x86,0x29,0xf4,0x8e,
	0x5e,0xe9,0x00,0x00,0x87,0x09,0x00,0x8b,0xde,0xe8,0x00,0x00,
	0xbf,0xf7,0xf7,0x02,0x60,0x84,0x01,0x00,0x65,0x10,0x00,0xb3,
	0xde,0x82,0x02,0x00,0x57,0x10,0x00,0x73,0xc5,0x03,0x02,0x00,
	0x65,0x10,0x00,0xbf,0x80,0x80,0x02,0x00,0x55,0x10,0x00,0xa7,
	0xa6,0x68,0x00,0x00,0xa2,0x17,0x00,0x0b,0x26,0xb0,0x00,0x00,
	0xa3,0x17,0x00,0x13,0x26,0xb0,0x00,0x00,0x46,0x10,0x00,0x8f,
	0x5e,0x68,0x00,0x00,0x46,0x10,0x00,0x4b,0x26,0x68,0x00,0x00,
	0xa1,0x57,0x32,0x65,0x44,0xe8,0x00,0x00,0xa2,0x57,0xf4,0x8e,
	0x5e,0xe0,0x00,0x00,0x56,0x50,0xf4,0x86,0xde,0x6d,0x00,0x00,
	0x55,0x10,0x00,0xab,0x81,0x80,0x02,0x00,0x55,0x10,0x00,0xab,
	0x01,0x81,0x02,0x00,0x4d,0x10,0x00,0xff,0xde,0x84,0x02,0x00,
	0x4d,0x10,0x00,0xff,0xde,0x86,0x02,0x00,0x4d,0x10,0x00,0xc7,
	0x80,0x06,0x02,0x00,0x4d,0x10,0x00,0xc7,0x80,0x06,0x02,0x00,
	0x55,0x10,0x00,0x6f,0x45,0x81,0x02,0x00,0x51,0x10,0x00,0x8f,
	0xa6,0x81,0x02,0x00,0x51,0x10,0x00,0xff,0x5e,0x00,0x02,0x00,
	0x51,0x10,0x00,0x23,0x45,0x04,0x02,0x00,0x55,0x10,0xf0,0x02,
	0xde,0x20,0x03,0x00,0x65,0x10,0x00,0xff,0xde,0x86,0x02,0x00,
	0x65,0x10,0x00,0xb7,0x5e,0x04,0x02,0x00,0x55,0x10,0x00,0xc3,
	0x80,0x84,0x02,0x00,0x65,0x10,0xf0,0x02,0xde,0xbf,0x03,0x00,
	0x65,0x10,0x00,0xbb,0x5e,0x82,0x02,0x00,0x5c,0x91,0x2b,0x02,
	0xe0,0x83,0x01,0x00,0xa1,0x37,0x31,0x65,0x44,0xe8,0x00,0x00,
	0x65,0xb0,0x2f,0x85,0x5e,0x6d,0x00,0x00,0x5d,0x10,0x00,0xab,
	0x01,0x81,0x02,0x00,0x60,0x10,0x00,0xab,0x81,0x00,0x02,0x00,
	0x5d,0x10,0x00,0xc7,0x80,0x06,0x02,0x00,0x60,0x10,0x00,0x6f,
	0x45,0x81,0x02,0x00,0x5c,0x91,0x2b,0x02,0x60,0x83,0x01,0x00,
	0x4e,0xd0,0x09,0x06,0x60,0x8b,0x01,0x00,0x65,0x10,0xf0,0x02,
	0xde,0xbf,0x03,0x00,0xc2,0x0f,0xf0,0x02,0x5e,0x02,0x00,0x00,
	0x65,0x10,0x00,0xb7,0x5e,0x83,0x02,0x00,0xab,0x77,0xf5,0x06,
	0xe0,0x84,0x01,0x00,0xa1,0x29,0x00,0x87,0x26,0xe0,0x00,0x00,
	0x35,0x11,0xf0,0x02,0xde,0xbf,0x03,0x00,0x00,0x00,0xf0,0x02,
	0xde,0x02,0x00,0x00,0xad,0xb7,0xf5,0x02,0xe0,0x84,0x01,0x00,
	0xae,0xd7,0xf5,0x02,0x60,0x83,0x01,0x00,0xae,0xd7,0xf5,0x02,
	0xe0,0x82,0x01,0x00,0xbf,0xf7,0xf7,0x02,0xe0,0x82,0x01,0x00,
	0xbf,0xf7,0xf7,0x02,0xe0,0x84,0x01,0x00,0xab,0x09,0x00,0x03,
	0x60,0xbc,0x01,0x00,0xa0,0x09,0x00,0x03,0x60,0xbc,0x01,0x00,
	0x98,0x09,0x00,0x03,0x60,0xbc,0x01,0x00,0xc2,0x09,0x00,0x03,
	0x60,0xbc,0x01,0x00,0xc7,0x09,0x00,0x03,0x60,0xbc,0x01,0x00,
	0xd3,0x69,0x3a,0x01,0x60,0x87,0x01,0x00,0x00,0x00,0xf0,0x02,
	0xde,0x02,0x00,0x00,0x97,0x10,0x00,0xbf,0x00,0x02,0x02,0x00,
	0x9e,0x10,0x00,0xff,0xde,0x83,0x02,0x00,0xbf,0xf7,0xf7,0x06,
	0xe0,0x83,0x01,0x00,0x4e,0xd0,0x09,0x06,0xe0,0x82,0x01,0x00,
	0x5d,0x11,0x02,0x03,0x60,0xbc,0x01,0x00,0x5e,0x11,0x00,0xf7,
	0x25,0xb0,0x00,0x00,0x5b,0x70,0x0b,0x06,0x60,0x85,0x01,0x00,
	0x5f,0xf0,0x0b,0x06,0x60,0x85,0x01,0x00,0x7e,0x10,0x00,0x6b,
	0x45,0x80,0x02,0x00,0x5c,0x91,0x2b,0x02,0x60,0x8b,0x01,0x00,
	0x4e,0xd0,0x09,0x06,0x60,0x8b,0x01,0x00,0x5a,0x51,0x2b,0x0e,
	0x60,0x88,0x01,0x00,0x8c,0x49,0x2f,0x65,0x44,0xe0,0x00,0x00,
	0x82,0x10,0x00,0x1b,0x26,0x68,0x00,0x00,0xbf,0xf7,0xf7,0x06,
	0x60,0x84,0x01,0x00,0x86,0x09,0x00,0x03,0x60,0xbc,0x01,0x00,
	0x66,0x10,0xf0,0x02,0x5e,0x02,0x00,0x00,0x92,0x09,0x00,0x03,
	0x60,0xbc,0x01,0x00,0x8a,0x10,0x00,0x47,0x26,0x68,0x00,0x00,
	0x92,0x09,0x00,0x67,0x44,0xb0,0x00,0x00,0x91,0x09,0x00,0x67,
	0x44,0xb0,0x00,0x00,0x8a,0x10,0x00,0x73,0xc5,0x03,0x02,0x00,
	0x92,0x49,0x30,0x65,0x44,0xe8,0x00,0x00,0xc8,0x09,0x00,0x37,
	0x27,0xb0,0x00,0x00,0x8e,0x10,0x00,0xbf,0x80,0x80,0x02,0x00,
	0x93,0x10,0x00,0xbb,0xde,0x81,0x02,0x00,0x8e,0x10,0x00,0x6f,
	0x45,0x00,0x02,0x00,0x93,0x10,0x00,0x73,0xc5,0x03,0x02,0x00,
	0x5c,0x91,0x2b,0x0e,0x60,0x8b,0x01,0x00,0x4e,0xd0,0x09,0x0a,
	0x60,0x8b,0x01,0x00,0xad,0xb7,0xf5,0x02,0xe0,0x83,0x01,0x00,
	0xab,0x77,0xf5,0x02,0xe0,0x84,0x01,0x00,0x40,0x11,0xf0,0x02,
	0xde,0xbf,0x03,0x00,0xc2,0x0f,0xf0,0x02,0x5e,0x02,0x00,0x00,
	0xad,0xb7,0xf5,0x06,0xe0,0x83,0x01,0x00,0xab,0x77,0xf5,0x06,
	0xe0,0x84,0x01,0x00,0x40,0x11,0xf0,0x02,0xde,0xbf,0x03,0x00,
	0x5f,0xf0,0x0b,0x02,0x60,0x8d,0x01,0x00,0x5a,0x51,0x2b,0x0e,
	0x60,0x88,0x01,0x00,0x5c,0x91,0x2b,0x06,0x60,0x8b,0x01,0x00,
	0x4e,0xd0,0x09,0x0a,0x60,0x8b,0x01,0x00,0xad,0xb7,0xf5,0x02,
	0xe0,0x83,0x01,0x00,0xab,0x77,0xf5,0x02,0xe0,0x84,0x01,0x00,
	0x66,0x10,0xf0,0x02,0x5e,0x02,0x00,0x00,0x00,0x00,0xf0,0x02,
	0xde,0x02,0x00,0x00,0x4e,0xd0,0x09,0x02,0xe0,0x82,0x01,0x00,
	0xa2,0x10,0x00,0xb3,0xde,0x02,0x02,0x00,0xb6,0x0f,0xf0,0x02,
	0x5e,0x02,0x00,0x00,0xac,0x10,0x00,0xbf,0x00,0x02,0x02,0x00,
	0xbf,0xf7,0xf7,0x02,0xe0,0x83,0x01,0x00,0xa9,0x10,0x00,0x73,
	0xc5,0x03,0x02,0x00,0xa9,0x10,0x00,0xbf,0x80,0x00,0x02,0x00,
	0x5c,0x91,0x2b,0x0e,0x60,0x8b,0x01,0x00,0x4e,0xd0,0x09,0x0a,
	0x60,0x8b,0x01,0x00,0xab,0x10,0xf0,0x02,0xde,0xbf,0x03,0x00,
	0x5c,0x91,0x2b,0x02,0x60,0x8b,0x01,0x00,0x4e,0xd0,0x09,0x06,
	0x60,0x8b,0x01,0x00,0xac,0x97,0xf5,0x02,0xe0,0x82,0x01,0x00,
	0x00,0x00,0xf0,0x02,0xde,0x02,0x00,0x00,0x10,0x70,0x00,0x03,
	0x60,0xbc,0x01,0x00,0xc5,0xf0,0x1f,0xff,0x63,0xbc,0x01,0x00,
	0xcb,0xf0,0x1f,0xff,0x63,0xbc,0x01,0x00,0xe5,0x10,0x00,0x47,
	0x40,0xb0,0x00,0x00,0xeb,0x10,0x00,0x47,0x40,0xb0,0x00,0x00,
	0x10,0x90,0x00,0x03,0x60,0xbc,0x01,0x00,0xc6,0xf0,0x1f,0xff,
	0x63,0xbc,0x01,0x00,0xcc,0xf0,0x1f,0xff,0x63,0xbc,0x01,0x00,
	0xe6,0x10,0x00,0x47,0x40,0xb0,0x00,0x00,0xec,0x10,0x00,0x47,
	0x40,0xb0,0x00,0x00,0x10,0xb0,0x00,0x03,0x60,0xbc,0x01,0x00,
	0xc7,0xf0,0x1f,0xff,0x63,0xbc,0x01,0x00,0xcd,0xf0,0x1f,0xff,
	0x63,0xbc,0x01,0x00,0xe7,0x10,0x00,0x47,0x40,0xb0,0x00,0x00,
	0xed,0x10,0x00,0x47,0x40,0xb0,0x00,0x00,0x10,0x10,0x00,0x03,
	0x60,0xbc,0x01,0x00,0x00,0x18,0x00,0x43,0x40,0xb0,0x00,0x00,
	0xc8,0xf0,0x1f,0xff,0x63,0xbc,0x01,0x00,0xe8,0x10,0x00,0x47,
	0x40,0xb0,0x00,0x00,0x10,0x30,0x00,0x03,0x60,0xbc,0x01,0x00,
	0x00,0x18,0x00,0x43,0x40,0xb0,0x00,0x00,0xc9,0xf0,0x1f,0xff,
	0x63,0xbc,0x01,0x00,0xe9,0x10,0x00,0x47,0x40,0xb0,0x00,0x00,
	0x10,0x50,0x00,0x03,0x60,0xbc,0x01,0x00,0x00,0x18,0x00,0x43,
	0x40,0xb0,0x00,0x00,0xca,0xf0,0x1f,0xff,0x63,0xbc,0x01,0x00,
	0xea,0x10,0x00,0x47,0x40,0xb0,0x00,0x00,0x00,0x00,0xf0,0x02,
	0xde,0x02,0x00,0x00,0xa2,0x57,0x00,0x03,0x60,0xbc,0x01,0x00,
	0xcc,0x10,0xf0,0x02,0xde,0xbf,0x03,0x00,0xa2,0x37,0x00,0x03,
	0x60,0xbc,0x01,0x00,0x13,0x11,0x09,0xfe,0xe3,0x20,0x00,0x00,
	0x13,0x91,0x0d,0x42,0xe0,0x20,0x00,0x00,0x13,0x11,0x00,0x03,
	0x42,0x80,0x02,0x00,0x13,0x11,0x00,0x23,0x45,0x84,0x02,0x00,
	0x13,0x11,0xf0,0x02,0x5e,0x91,0x03,0x00,0x13,0x11,0x00,0xaf,
	0xa6,0x68,0x00,0x00,0x13,0x11,0x00,0xff,0xde,0x82,0x02,0x00,
	0x03,0x51,0x00,0x8b,0x5e,0x68,0x00,0x00,0x49,0x11,0x00,0xff,
	0x5e,0x80,0x02,0x00,0x40,0x11,0x00,0xc7,0x80,0x01,0x02,0x00,
	0x13,0x11,0x00,0xb3,0xde,0x82,0x02,0x00,0xf6,0x10,0x00,0xc7,
	0x80,0x04,0x02,0x00,0xe2,0x10,0x00,0x8b,0x5e,0x68,0x00,0x00,
	0xa1,0x17,0x00,0xe3,0x26,0xb0,0x00,0x00,0xe2,0x30,0xf4,0xca,
	0xa6,0x6e,0x00,0x00,0xf6,0x10,0x00,0x73,0xc5,0x03,0x02,0x00,
	0xe1,0x10,0x00,0xfb,0x25,0x68,0x00,0x00,0xa1,0x17,0x00,0xfb,
	0x25,0xb0,0x00,0x00,0xa1,0xd7,0x31,0x85,0x5e,0xe8,0x00,0x00,
	0xf6,0xf0,0x2f,0x85,0xde,0x6e,0x00,0x00,0xf6,0x50,0x35,0x85,
	0xde,0x6e,0x00,0x00,0xf6,0x10,0x00,0x47,0x26,0x68,0x00,0x00,
	0xe5,0x10,0x00,0x53,0xde,0x03,0x02,0x00,0x7f,0x09,0x00,0xe7,
	0x26,0xb0,0x00,0x00,0x40,0x11,0xf0,0x02,0xde,0xbf,0x03,0x00,
	0x92,0x57,0x02,0x03,0x60,0xbc,0x01,0x00,0xc3,0xf0,0x1f,0xff,
	0x63,0xbc,0x01,0x00,0xe3,0x10,0x09,0x03,0x60,0xbc,0x01,0x00,
	0xe3,0x70,0x1c,0x8a,0x5e,0x86,0x01,0x00,0xe3,0x70,0x1c,0x06,
	0x60,0x84,0x01,0x00,0xec,0x10,0x00,0x4f,0x26,0x68,0x00,0x00,
	0xe3,0x70,0x1c,0x06,0xe0,0x85,0x01,0x00,0x82,0x97,0x03,0x03,
	0x60,0xbc,0x01,0x00,0x20,0x11,0xf0,0x02,0x5e,0x02,0x00,0x00,
	0xc4,0xf0,0x1f,0xff,0x63,0xbc,0x01,0x00,0xe4,0x10,0x00,0x13,
	0x54,0xb0,0x00,0x00,0xe4,0x30,0x36,0x91,0x43,0xe0,0x00,0x00,
	0xad,0x10,0xf0,0x02,0x5e,0x02,0x00,0x00,0xee,0x10,0x00,0x03,
	0x60,0xbc,0x01,0x00,0xce,0xf0,0x1f,0xff,0x63,0xbc,0x01,0x00,
	0x93,0x29,0x00,0x4f,0x26,0xe0,0x00,0x00,0x0d,0x11,0xf0,0x02,
	0xde,0xbf,0x03,0x00,0x13,0x11,0x00,0xb7,0x5e,0x83,0x02,0x00,
	0x03,0x01,0xf0,0x02,0x5e,0x02,0x00,0x00,0xe4,0x10,0x00,0xcf,
	0x5e,0xb0,0x00,0x00,0x00,0x11,0x00,0xfb,0x25,0x68,0x00,0x00,
	0xe4,0x10,0x00,0x3b,0x26,0xb0,0x00,0x00,0x00,0x11,0x00,0x6f,
	0x45,0x80,0x02,0x00,0xa1,0xd7,0x30,0x65,0x44,0xe8,0x00,0x00,
	0xa1,0x37,0xf4,0xfa,0x25,0xe8,0x00,0x00,0x00,0x11,0x00,0x87,
	0x5e,0x69,0x00,0x00,0xe4,0xd0,0x31,0x85,0x5e,0xe0,0x00,0x00,
	0x82,0xd7,0x01,0x03,0x60,0xbc,0x01,0x00,0x20,0x11,0xf0,0x02,
	0x5e,0x02,0x00,0x00,0x0d,0x11,0xf0,0x02,0xde,0xbf,0x03,0x00,
	0x92,0x37,0x05,0x03,0x60,0xbc,0x01,0x00,0xc3,0xf0,0x1f,0xff,
	0x63,0xbc,0x01,0x00,0xe3,0x90,0x14,0x03,0x60,0xbc,0x01,0x00,
	0xe3,0x70,0x1c,0x06,0x60,0x86,0x01,0x00,0x82,0x97,0x02,0x03,
	0x60,0xbc,0x01,0x00,0x20,0x11,0xf0,0x02,0x5e,0x02,0x00,0x00,
	0xc4,0xf0,0x1f,0xff,0x63,0xbc,0x01,0x00,0xe4,0x10,0x00,0x03,
	0x63,0xbc,0x01,0x00,0xe4,0x50,0x0c,0x90,0x43,0xb0,0x00,0x00,
	0xad,0x10,0xf0,0x02,0x5e,0x02,0x00,0x00,0x86,0x10,0x00,0x47,
	0x00,0xb0,0x00,0x00,0x8c,0x11,0xf0,0x02,0x5e,0x02,0x00,0x00,
	0x93,0x0d,0xf0,0x02,0x5e,0x02,0x00,0x00,0x48,0x10,0x09,0x0a,
	0x60,0x90,0x01,0x00,0xac,0x97,0xf5,0x06,0x60,0x84,0x01,0x00,
	0x80,0x70,0x00,0x23,0x61,0xbc,0x01,0x00,0x00,0x00,0xf0,0x02,
	0xde,0x02,0x00,0x00,0x17,0x11,0x00,0xff,0x5e,0x00,0x02,0x00,
	0x1a,0x11,0x00,0xff,0xde,0x01,0x02,0x00,0x40,0x11,0xf0,0x02,
	0xde,0xbf,0x03,0x00,0x1a,0x11,0x00,0xbb,0xde,0x81,0x02,0x00,
	0x40,0x11,0x00,0xc7,0x80,0x01,0x02,0x00,0x40,0x11,0x00,0xc7,
	0x80,0x04,0x02,0x00,0xbf,0xf7,0xf7,0x02,0x60,0x80,0x01,0x00,
	0xbf,0xf7,0xf7,0x02,0xe0,0x81,0x01,0x00,0x41,0x11,0x00,0x8f,
	0xc2,0x80,0x02,0x00,0x41,0x11,0x00,0xbb,0xde,0x01,0x02,0x00,
	0xa2,0x17,0x00,0x03,0x60,0xbc,0x01,0x00,0xcc,0x10,0xf0,0x02,
	0xde,0xbf,0x03,0x00,0xc0,0xf0,0x1f,0xff,0x63,0xbc,0x01,0x00,
	0xc1,0xf0,0x1f,0xff,0x63,0xbc,0x01,0x00,0x2f,0x11,0x00,0xff,
	0xde,0x85,0x02,0x00,0x29,0x31,0x06,0x4b,0x5e,0x68,0x00,0x00,
	0xa1,0x17,0x00,0x97,0x26,0xb0,0x00,0x00,0x2f,0x31,0xf4,0x4e,
	0xa6,0x6d,0x00,0x00,0x80,0x37,0x01,0x03,0x60,0xbc,0x01,0x00,
	0xa1,0x17,0x00,0x9b,0x26,0xb0,0x00,0x00,0x2a,0x31,0xf4,0x4e,
	0x26,0x6d,0x00,0x00,0x80,0x77,0x01,0x03,0x60,0xbc,0x01,0x00,
	0x81,0x37,0x00,0x03,0x60,0xbc,0x01,0x00,0xde,0x00,0xf0,0x02,
	0x5e,0x02,0x00,0x00,0xe0,0x30,0xa0,0x0a,0xde,0xd2,0x01,0x00,
	0xe1,0x10,0x00,0x0b,0x54,0xb0,0x00,0x00,0x34,0x11,0xf0,0x02,
	0xde,0xbf,0x03,0x00,0x80,0x57,0x01,0x03,0x60,0xbc,0x01,0x00,
	0x81,0x17,0x00,0x03,0x60,0xbc,0x01,0x00,0xde,0x00,0xf0,0x02,
	0x5e,0x02,0x00,0x00,0xe0,0x10,0x00,0x07,0x54,0xb0,0x00,0x00,
	0xe1,0x70,0x00,0x0b,0x5e,0x88,0x00,0x00,0x00,0x00,0xf0,0x02,
	0xde,0x02,0x00,0x00,0x40,0x11,0x00,0x53,0x26,0x68,0x00,0x00,
	0x40,0x11,0x00,0xaf,0xde,0x04,0x02,0x00,0xa4,0x97,0x32,0x65,
	0x44,0xe8,0x00,0x00,0x40,0xf1,0x2f,0x91,0x5e,0x6e,0x00,0x00,
	0xa4,0x37,0x00,0x93,0x5e,0x88,0x00,0x00,0x40,0xf1,0x2f,0x91,
	0x5e,0x6d,0x00,0x00,0x6a,0x11,0xf0,0x02,0x5e,0x02,0x00,0x00,
	0x4d,0x11,0xf0,0x02,0xde,0xbf,0x03,0x00,0xa4,0x97,0x32,0x65,
	0x44,0xe8,0x00,0x00,0xa4,0x37,0x00,0x93,0x5e,0x88,0x00,0x00,
	0x6a,0x11,0xf0,0x02,0x5e,0x02,0x00,0x00,0x4d,0x11,0xf0,0x02,
	0xde,0xbf,0x03,0x00,0x44,0x11,0x00,0xaf,0xde,0x84,0x02,0x00,
	0xae,0xd7,0xf5,0x02,0xe0,0x81,0x01,0x00,0x4d,0x11,0xf0,0x02,
	0xde,0xbf,0x03,0x00,0x49,0x11,0x00,0xc7,0x26,0x68,0x00,0x00,
	0xab,0x29,0x36,0x65,0x44,0xe0,0x00,0x00,0x48,0x11,0x00,0xcb,
	0x26,0x68,0x00,0x00,0xab,0x49,0x35,0x65,0x44,0xe0,0x00,0x00,
	0x00,0x00,0xf0,0x02,0xde,0x02,0x00,0x00,0xbf,0xf7,0xf7,0x06,
	0x60,0x80,0x01,0x00,0x4d,0x11,0x00,0x53,0x26,0x68,0x00,0x00,
	0xa4,0x97,0x32,0x65,0x44,0xe8,0x00,0x00,0x6a,0x11,0xf0,0x02,
	0x5e,0x02,0x00,0x00,0xac,0x97,0xf5,0x02,0x60,0x84,0x01,0x00,
	0x94,0x09,0x00,0x03,0x60,0xbc,0x01,0x00,0xab,0x09,0x00,0x03,
	0x60,0xbc,0x01,0x00,0x93,0x09,0x00,0x03,0x60,0xbc,0x01,0x00,
	0xa1,0x17,0x00,0xaf,0xde,0x04,0x01,0x00,0xad,0xb7,0xf5,0x86,
	0x5e,0x83,0x01,0x00,0x57,0x11,0x00,0xaf,0xde,0x84,0x02,0x00,
	0x8c,0x49,0x2f,0x65,0x44,0xe0,0x00,0x00,0x6c,0x90,0x0d,0x06,
	0x60,0x80,0x01,0x00,0x00,0x00,0xf0,0x02,0xde,0x02,0x00,0x00,
	0xa3,0x17,0x00,0xef,0x25,0xb0,0x00,0x00,0x5a,0x11,0x00,0xc3,
	0x00,0x04,0x02,0x00,0xa3,0x17,0x00,0x0f,0x26,0xb0,0x00,0x00,
	0x8b,0x69,0xf4,0x66,0x44,0xe0,0x00,0x00,0x5c,0x91,0x2b,0x02,
	0xe0,0x83,0x01,0x00,0x00,0x00,0xf0,0x02,0xde,0x02,0x00,0x00,
	0x5f,0x11,0x00,0xb3,0xde,0x02,0x02,0x00,0xb6,0x0f,0xf0,0x02,
	0x5e,0x02,0x00,0x00,0x64,0x11,0x00,0x73,0xc5,0x03,0x02,0x00,
	0x64,0x11,0x00,0xaf,0xde,0x84,0x02,0x00,0x64,0x11,0x00,0xbb,
	0xde,0x81,0x02,0x00,0x64,0x11,0x00,0xff,0x5e,0x80,0x02,0x00,
	0x69,0x11,0x00,0xb7,0x5e,0x03,0x02,0x00,0x5c,0x91,0x2b,0x0e,
	0x60,0x8b,0x01,0x00,0x4e,0xd0,0x09,0x0a,0x60,0x8b,0x01,0x00,
	0xad,0xb7,0xf5,0x06,0x60,0x83,0x01,0x00,0xab,0x77,0xf5,0x02,
	0xe0,0x84,0x01,0x00,0x93,0x09,0x00,0x03,0x60,0xbc,0x01,0x00,
	0x00,0x00,0xf0,0x02,0xde,0x02,0x00,0x00,0x6c,0x11,0x00,0xbb,
	0x26,0x68,0x00,0x00,0xa4,0x17,0x00,0xbb,0x26,0xb0,0x00,0x00,
	0x6e,0x51,0x30,0x91,0x5e,0x6d,0x00,0x00,0xa4,0x17,0x00,0x0b,
	0x26,0xb0,0x00,0x00,0xa5,0x17,0x00,0x67,0x26,0xb0,0x00,0x00,
	0x9a,0xa9,0xf4,0x6a,0x26,0xe8,0x00,0x00,0xa4,0xb7,0x00,0x93,
	0x5e,0x90,0x00,0x00,0x9a,0x89,0xf4,0x6a,0x26,0xe0,0x00,0x00,
	0x99,0xa9,0x00,0x6b,0x26,0x90,0x00,0x00,0x7f,0xa9,0x00,0x67,
	0x26,0x88,0x00,0x00,0x00,0x00,0xf0,0x02,0xde,0x02,0x00,0x00,
	0x49,0xd0,0x00,0x03,0x60,0xbc,0x01,0x00,0xa1,0x37,0x00,0x03,
	0x60,0xbc,0x01,0x00,0xd3,0x00,0xf0,0x02,0x5e,0x02,0x00,0x00,
	0xa2,0x37,0x03,0x06,0x60,0x87,0x01,0x00,0xd8,0x00,0xf0,0x02,
	0x5e,0x02,0x00,0x00,0xd3,0x00,0xf0,0x02,0x5e,0x02,0x00,0x00,
	0xa2,0x37,0x03,0x02,0x60,0x87,0x01,0x00,0xd8,0x00,0xf0,0x02,
	0x5e,0x02,0x00,0x00,0xa1,0x37,0x14,0x03,0x60,0xbc,0x01,0x00,
	0xd3,0x00,0xf0,0x02,0x5e,0x02,0x00,0x00,0xa3,0x17,0x00,0x67,
	0x40,0xb0,0x00,0x00,0xa2,0x77,0x00,0x8f,0x5e,0xb0,0x00,0x00,
	0xd8,0x00,0xf0,0x02,0x5e,0x02,0x00,0x00,0xa1,0x77,0x14,0x03,
	0x60,0xbc,0x01,0x00,0xa2,0x17,0x04,0x03,0x60,0xbc,0x01,0x00,
	0xd8,0x00,0xf0,0x02,0x5e,0x02,0x00,0x00,0xa1,0x57,0x00,0x67,
	0x44,0xe0,0x00,0x00,0x86,0x31,0xf4,0x66,0xc4,0x68,0x00,0x00,
	0xa1,0x37,0x14,0x03,0x60,0xbc,0x01,0x00,0xa2,0x17,0x00,0x8f,
	0x5e,0xb0,0x00,0x00,0xd8,0x00,0xf0,0x02,0x5e,0x02,0x00,0x00,
	0x49,0x50,0x00,0x03,0x60,0xbc,0x01,0x00,0x00,0x00,0xf0,0x02,
	0xde,0x02,0x00,0x00,0xa1,0x17,0x00,0x43,0x81,0x0c,0x01,0x00,
	0x8a,0x10,0x00,0x03,0x60,0xbc,0x01,0x00,0x98,0x51,0x00,0x87,
	0x5e,0x68,0x00,0x00,0x8a,0x50,0x00,0x03,0x60,0xbc,0x01,0x00,
	0xa0,0x11,0x00,0x07,0x5e,0x68,0x00,0x00,0x98,0x11,0x00,0x87,
	0x5e,0x68,0x00,0x00,0x8a,0xb0,0x00,0x03,0x60,0xbc,0x01,0x00,
	0x98,0x31,0x00,0x07,0x5e,0x68,0x00,0x00,0x98,0x11,0x00,0x03,
	0xde,0x82,0x02,0x00,0x8a,0x90,0x00,0x03,0x60,0xbc,0x01,0x00,
	0x98,0x11,0x00,0x03,0xde,0x83,0x02,0x00,0x8a,0xd0,0xf4,0x0a,
	0x60,0xe0,0x00,0x00,0xa0,0x11,0x00,0x07,0x5e,0x68,0x00,0x00,
	0x8a,0x30,0xa1,0x2a,0x42,0x90,0x01,0x00,0xa0,0x31,0x00,0x07,
	0x5e,0x68,0x00,0x00,0x8a,0x10,0xa0,0x2a,0x42,0x90,0x01,0x00,
	0xa2,0x17,0x00,0x03,0xde,0x09,0x01,0x00,0x8a,0x50,0x11,0x8a,
	0x5e,0x8f,0x01,0x00,0xa0,0x11,0x00,0x8b,0x5e,0x68,0x00,0x00,
	0x8a,0x50,0x11,0x0e,0xe0,0x91,0x01,0x00,0x00,0x00,0xf0,0x02,
	0xde,0x02,0x00,0x00,0xa4,0x17,0x00,0x03,0xde,0x09,0x01,0x00,
	0xa5,0x97,0xf4,0x06,0x5a,0xe0,0x00,0x00,0xa5,0x97,0xf4,0x96,
	0x5e,0x90,0x00,0x00,0xa7,0x11,0x00,0x03,0xde,0x03,0x02,0x00,
	0xa7,0x11,0x00,0x03,0xde,0x82,0x02,0x00,0xa5,0xf7,0x0a,0x94,
	0xde,0x80,0x00,0x00,0xa3,0x17,0x00,0x87,0xde,0x16,0x01,0x00,
	0xa1,0x77,0x00,0x87,0x5e,0x88,0x00,0x00,0xa1,0xd7,0x02,0x87,
	0x5e,0xe1,0x00,0x00,0xa3,0x17,0x00,0x8f,0xde,0xe0,0x00,0x00,
	0xa2,0x17,0x00,0x03,0x60,0xbc,0x01,0x00,0xae,0x11,0x00,0x03,
	0x5e,0x0e,0x02,0x00,0xa2,0x37,0x00,0x03,0x60,0xbc,0x01,0x00,
	0xa5,0x57,0xf4,0x96,0x5e,0x90,0x00,0x00,0xa1,0x37,0xf4,0x96,
	0xde,0x80,0x00,0x00,0xa6,0xf7,0xff,0xb7,0x41,0xe1,0x00,0x00,
	0xa1,0xf7,0x01,0x87,0xde,0xe1,0x00,0x00,0xa3,0x77,0xf4,0x96,
	0xde,0x80,0x00,0x00,0xa1,0xb7,0x0d,0x86,0xde,0xe1,0x00,0x00,
	0xa3,0x17,0x00,0x8f,0xde,0xe0,0x00,0x00,0xa1,0x77,0xf4,0x86,
	0x5e,0x7a,0x01,0x00,0xa1,0x57,0xf4,0x86,0x5e,0x88,0x00,0x00,
	0xa2,0x17,0x00,0x87,0x5e,0xb0,0x00,0x00,0xa1,0x57,0x00,0x87,
	0x5e,0x88,0x00,0x00,0x00,0x00,0xf0,0x02,0xde,0x02,0x00,0x00,
	0x11,0x00,0x00,0x07,0x1c,0x00,0x02,0x00,0xc0,0x11,0x00,0x53,
	0xde,0x82,0x02,0x00,0x24,0x90,0x04,0x02,0x60,0x88,0x01,0x00,
	0x28,0x07,0xf3,0xa2,0x1c,0xe0,0x00,0x00,0x27,0x07,0xf3,0x9e,
	0x1c,0xe8,0x00,0x00,0xab,0x09,0xf0,0x02,0xde,0xbf,0x03,0x00,
	0x24,0x90,0x04,0x16,0x60,0xb8,0x01,0x00,0x25,0xd0,0x01,0x03,
	0x60,0xbc,0x01,0x00,0xd1,0x11,0xf0,0x02,0x5e,0x05,0x03,0x00,
	0xd9,0x0a,0x00,0x37,0xc0,0x87,0x02,0x00,0xda,0x0a,0xf0,0x02,
	0xde,0x86,0x03,0x00,0xdb,0x0f,0xf0,0x02,0x5e,0x02,0x00,0x00,
	0xc2,0x11,0xf0,0x02,0xde,0x5c,0x03,0x00,0xa1,0x17,0x01,0x9b,
	0x40,0xd8,0x00,0x00,0x98,0x37,0x02,0x87,0x5e,0xe0,0x00,0x00,
	0x98,0x77,0x00,0x63,0x5e,0xa8,0x00,0x00,0xa1,0x17,0x00,0x53,
	0xde,0x02,0x01,0x00,0x94,0x97,0xf2,0x02,0xe0,0x82,0x01,0x00,
	0x01,0x27,0xe0,0x84,0xde,0x88,0x01,0x00,0xd1,0x11,0xf3,0x9e,
	0x9c,0x6e,0x00,0x00,0x25,0xd0,0x01,0x63,0x5e,0xe8,0x00,0x00,
	0x24,0x90,0x04,0x06,0x60,0xb8,0x01,0x00,0x02,0x00,0xf0,0x02,
	0xde,0xbf,0x03,0x00,0x01,0x27,0xe0,0x04,0x60,0x81,0x01,0x00,
	0x24,0x90,0x04,0x0a,0x60,0xb8,0x01,0x00,0x02,0x00,0xf0,0x02,
	0xde,0xbf,0x03,0x00,0xe7,0x11,0x00,0x87,0x5e,0x28,0x02,0x00,
	0xa4,0x17,0x00,0x93,0x41,0xb0,0x00,0x00,0x64,0x70,0x00,0x93,
	0x41,0xe0,0x00,0x00,0xa2,0x17,0x00,0x87,0x5e,0x0a,0x01,0x00,
	0x63,0x50,0xf4,0x92,0x41,0xe8,0x00,0x00,0xa1,0x17,0x00,0x87,
	0x5e,0x18,0x01,0x00,0xa2,0x37,0xf4,0x42,0x60,0xe8,0x00,0x00,
	0x00,0x36,0xf4,0x02,0x56,0x88,0x00,0x00,0xe3,0x91,0xf4,0x8e,
	0x41,0x68,0x00,0x00,0x63,0x30,0x00,0x8f,0x41,0xe8,0x00,0x00,
	0x64,0x30,0x00,0x93,0x41,0xe8,0x00,0x00,0xdb,0x11,0x02,0x8b,
	0x5e,0x68,0x00,0x00,0xa3,0x57,0xf4,0x02,0x56,0x90,0x00,0x00,
	0x01,0x76,0xf4,0x06,0x58,0xb0,0x00,0x00,0xdb,0x11,0xf0,0x02,
	0xde,0xbf,0x03,0x00,0xe7,0x91,0xf4,0x92,0x41,0x68,0x00,0x00,
	0x64,0x30,0x00,0x93,0x41,0xe8,0x00,0x00,0x00,0x16,0x00,0x03,
	0x60,0xbc,0x01,0x00,0xe3,0x11,0xf0,0x02,0xde,0xbf,0x03,0x00,
	0xa1,0x17,0x00,0x87,0x5e,0xb0,0x00,0x00,0x00,0x00,0xf0,0x02,
	0xde,0x02,0x00,0x00,0x20,0x12,0x00,0xc7,0x80,0x00,0x02,0x00,
	0xa3,0x17,0x00,0x87,0x5e,0xb0,0x00,0x00,0xa4,0x17,0xe2,0x8c,
	0x5e,0xb8,0x00,0x00,0x20,0x12,0x00,0x93,0x5e,0x68,0x00,0x00,
	0x10,0x07,0x00,0x8f,0x5e,0xb0,0x00,0x00,0x05,0x12,0x00,0x93,
	0x5e,0x00,0x02,0x00,0xa1,0x57,0x0e,0x03,0x60,0xbc,0x01,0x00,
	0xa2,0x17,0x01,0xd7,0x1c,0xb0,0x00,0x00,0xd8,0x00,0xf0,0x02,
	0x5e,0x02,0x00,0x00,0xa1,0x77,0x0e,0x03,0x60,0xbc,0x01,0x00,
	0xfd,0x11,0x00,0x8f,0x5e,0x00,0x02,0x00,0xa2,0x37,0x02,0x0b,
	0x60,0xbc,0x01,0x00,0xd8,0x00,0xf0,0x02,0x5e,0x02,0x00,0x00,
	0xa1,0x57,0x0e,0x03,0x60,0xbc,0x01,0x00,0xa2,0x97,0x01,0xd7,
	0x1c,0xb0,0x00,0x00,0xd8,0x00,0xf0,0x02,0x5e,0x02,0x00,0x00,
	0xa1,0x77,0x0e,0x03,0x60,0xbc,0x01,0x00,0xa2,0x57,0x04,0x0b,
	0x60,0xbc,0x01,0x00,0xd8,0x00,0xf0,0x02,0x5e,0x02,0x00,0x00,
	0x05,0x12,0xf0,0x02,0xde,0xbf,0x03,0x00,0xa2,0x97,0x08,0x07,
	0x60,0xbc,0x01,0x00,0xd8,0x00,0xf0,0x02,0x5e,0x02,0x00,0x00,
	0xa1,0x57,0x0e,0x03,0x60,0xbc,0x01,0x00,0xa2,0x97,0x01,0xd7,
	0x1c,0xb0,0x00,0x00,0xd8,0x00,0xf0,0x02,0x5e,0x02,0x00,0x00,
	0xa1,0x77,0x0e,0x03,0x60,0xbc,0x01,0x00,0xa2,0x17,0x11,0x07,
	0x60,0xbc,0x01,0x00,0xd8,0x00,0xf0,0x02,0x5e,0x02,0x00,0x00,
	0x20,0x12,0x00,0x93,0xde,0x00,0x02,0x00,0xa1,0x57,0x0e,0x03,
	0x60,0xbc,0x01,0x00,0xa2,0x57,0x00,0xd7,0x1c,0xb0,0x00,0x00,
	0xd8,0x00,0xf0,0x02,0x5e,0x02,0x00,0x00,0xa1,0x77,0x0e,0x03,
	0x60,0xbc,0x01,0x00,0x16,0x12,0x00,0x8f,0xde,0x00,0x02,0x00,
	0xa2,0x97,0x08,0x07,0x60,0xbc,0x01,0x00,0xd8,0x00,0xf0,0x02,
	0x5e,0x02,0x00,0x00,0xa2,0x17,0x11,0x07,0x60,0xbc,0x01,0x00,
	0xd8,0x00,0xf0,0x02,0x5e,0x02,0x00,0x00,0xa1,0x57,0x0e,0x03,
	0x60,0xbc,0x01,0x00,0xa2,0x17,0x00,0xd7,0x1c,0xb0,0x00,0x00,
	0xd8,0x00,0xf0,0x02,0x5e,0x02,0x00,0x00,0xa1,0x77,0x0e,0x03,
	0x60,0xbc,0x01,0x00,0xa2,0x97,0x08,0x07,0x60,0xbc,0x01,0x00,
	0xd8,0x00,0xf0,0x02,0x5e,0x02,0x00,0x00,0x20,0x12,0xf0,0x02,
	0xde,0xbf,0x03,0x00,0xa2,0x37,0x02,0x0b,0x60,0xbc,0x01,0x00,
	0xd8,0x00,0xf0,0x02,0x5e,0x02,0x00,0x00,0xa2,0x57,0x04,0x0b,
	0x60,0xbc,0x01,0x00,0xd8,0x00,0xf0,0x02,0x5e,0x02,0x00,0x00,
	0xa1,0x57,0x0e,0x03,0x60,0xbc,0x01,0x00,0xa2,0x17,0x00,0xd7,
	0x1c,0xb0,0x00,0x00,0xd8,0x00,0xf0,0x02,0x5e,0x02,0x00,0x00,
	0xa1,0x77,0x0e,0x03,0x60,0xbc,0x01,0x00,0xa2,0x37,0x02,0x0b,
	0x60,0xbc,0x01,0x00,0xd8,0x00,0xf0,0x02,0x5e,0x02,0x00,0x00,
	0x00,0x00,0xf0,0x02,0xde,0x02,0x00,0x00,0x65,0x10,0x00,0xcb,
	0x50,0xb0,0x00,0x00,0xa1,0x17,0x00,0x0b,0x5a,0xb0,0x00,0x00,
	0x7d,0x20,0x00,0xf7,0x01,0xe0,0x00,0x00,0x74,0x20,0xf4,0xd2,
	0x01,0xe0,0x00,0x00,0xa1,0x17,0x00,0x83,0x50,0x38,0x01,0x00,
	0xa3,0xf7,0x1f,0xff,0x63,0xbc,0x01,0x00,0x29,0x32,0xf4,0x32,
	0x5a,0x6d,0x00,0x00,0xa3,0x17,0x00,0x37,0x5a,0xb0,0x00,0x00,
	0x64,0x10,0x00,0xcf,0x50,0xb0,0x00,0x00,0x82,0x17,0x00,0x13,
	0x58,0xb0,0x00,0x00,0x04,0x16,0x00,0x03,0x60,0xbc,0x01,0x00,
	0xb6,0x97,0x0c,0x1b,0x60,0xbc,0x01,0x00,0xa1,0x17,0x00,0xc7,
	0xd0,0x02,0x01,0x00,0x65,0x30,0xf4,0x96,0x41,0xe0,0x00,0x00,
	0x64,0xd0,0x00,0xcb,0x50,0xe0,0x00,0x00,0xb4,0x17,0x00,0x03,
	0x60,0xbc,0x01,0x00,0x80,0x17,0x00,0x03,0x60,0xbc,0x01,0x00,
	0x81,0x37,0x00,0x03,0x60,0xbc,0x01,0x00,0xa0,0x10,0x03,0x04,
	0x60,0x87,0x01,0x00,0xa4,0x97,0x00,0x33,0x52,0x90,0x00,0x00,
	0xb5,0xb7,0x01,0x87,0x41,0xe0,0x00,0x00,0x51,0x52,0xf0,0xd2,
	0x5e,0x68,0x00,0x00,0x63,0x90,0xf6,0xda,0x5e,0xe0,0x00,0x00,
	0x45,0x32,0xf0,0x02,0xd8,0x20,0x00,0x00,0x4b,0x12,0x00,0xc7,
	0x50,0x02,0x02,0x00,0xa1,0x97,0x00,0x03,0x56,0x90,0x00,0x00,
	0xa1,0x97,0xf4,0x86,0x5e,0xe8,0x00,0x00,0xa1,0x37,0xf4,0x02,
	0x60,0x9e,0x01,0x00,0x4b,0x12,0x08,0x87,0xde,0x6d,0x00,0x00,
	0xa2,0x17,0x00,0x87,0x5e,0x0a,0x01,0x00,0xa1,0x37,0xf4,0x02,
	0x60,0xda,0x01,0x00,0x63,0x50,0xf4,0xd6,0x5e,0xe0,0x00,0x00,
	0xa1,0x37,0xf4,0x06,0x60,0x88,0x00,0x00,0x4b,0x32,0xf4,0x02,
	0x56,0x20,0x00,0x00,0x00,0x36,0xf0,0x02,0x58,0xb0,0x00,0x00,
	0x8a,0x36,0x00,0x2b,0x5a,0xe0,0x00,0x00,0x47,0x72,0xf4,0xd2,
	0xde,0x6a,0x00,0x00,0x4c,0x12,0xf0,0xd2,0xde,0x68,0x00,0x00,
	0x80,0x37,0x00,0x03,0x5e,0xe0,0x00,0x00,0x4c,0x32,0x00,0x03,
	0x5e,0x68,0x00,0x00,0xa0,0x10,0x03,0x04,0xe0,0x86,0x01,0x00,
	0x4c,0x12,0xf0,0x02,0xde,0xbf,0x03,0x00,0x47,0x72,0xf4,0xd2,
	0xde,0x6a,0x00,0x00,0xb4,0x37,0x00,0xd3,0x5e,0xe0,0x00,0x00,
	0x81,0x37,0x00,0x07,0x5e,0xd0,0x00,0x00,0x36,0x12,0x00,0xd3,
	0x5e,0x98,0x02,0x00,0x64,0x30,0x00,0x93,0x41,0xe0,0x00,0x00,
	0x36,0x12,0xf0,0x02,0xde,0xbf,0x03,0x00,0x30,0x14,0x86,0x02,
	0x60,0x80,0x01,0x00,0x11,0x00,0x00,0x03,0x5e,0x68,0x00,0x00,
	0xe8,0x05,0xf0,0x02,0xde,0xbf,0x03,0x00,0x5a,0x12,0x00,0xc7,
	0xd0,0x82,0x02,0x00,0xa1,0x17,0x00,0x83,0x50,0x3c,0x01,0x00,
	0xa4,0x17,0x00,0xa7,0x50,0xb0,0x00,0x00,0x1a,0x14,0x00,0x4b,
	0x25,0xb0,0x00,0x00,0x61,0x32,0xf4,0x32,0x5a,0x6d,0x00,0x00,
	0x31,0x34,0x86,0x06,0xe0,0x82,0x01,0x00,0x5f,0x12,0x00,0x2b,
	0x50,0x88,0x02,0x00,0xa1,0x17,0x00,0x33,0x5a,0xb0,0x00,0x00,
	0x27,0xf4,0x84,0x86,0x5e,0x9e,0x01,0x00,0x31,0x34,0x86,0x06,
	0x60,0x83,0x01,0x00,0x00,0x00,0xf0,0x02,0xde,0x02,0x00,0x00,
	0xa4,0x17,0x00,0xab,0x50,0xb0,0x00,0x00,0x1a,0x14,0x00,0x7b,
	0x50,0xb0,0x00,0x00,0x80,0x97,0xc0,0x06,0x60,0xd0,0x00,0x00,
	0xb5,0xd7,0x00,0x97,0x41,0xe0,0x00,0x00,0xa1,0x17,0x00,0x13,
	0x58,0x0a,0x01,0x00,0xb5,0x37,0xf4,0xd6,0x5e,0xe0,0x00,0x00,
	0x63,0x10,0x00,0x0f,0x58,0xb0,0x00,0x00,0x81,0x17,0x00,0x03,
	0x56,0x16,0x01,0x00,0x76,0x12,0x00,0x13,0xd8,0x68,0x00,0x00,
	0xa1,0x17,0x00,0x63,0x00,0x14,0x01,0x00,0x6c,0x12,0x00,0x87,
	0xde,0x68,0x00,0x00,0x80,0x16,0x01,0x3b,0x01,0x88,0x00,0x00,
	0x71,0x12,0xf0,0x02,0xde,0xbf,0x03,0x00,0x6f,0x72,0x00,0x87,
	0xde,0x68,0x00,0x00,0x80,0x16,0xe0,0x3b,0x01,0xa0,0x00,0x00,
	0x71,0x12,0xf0,0x02,0xde,0xbf,0x03,0x00,0x62,0x70,0x09,0x87,
	0x5e,0xe0,0x00,0x00,0x80,0x16,0x01,0x03,0x54,0x88,0x00,0x00,
	0x80,0x16,0x30,0x03,0x5a,0xe8,0x00,0x00,0x81,0x16,0x00,0x03,
	0x60,0xbc,0x01,0x00,0x82,0x16,0x00,0x03,0x60,0xbc,0x01,0x00,
	0x83,0x16,0x00,0x03,0x60,0xbc,0x01,0x00,0x7b,0x12,0xf0,0x02,
	0xde,0xbf,0x03,0x00,0x63,0x90,0xc0,0x8e,0x41,0xe0,0x00,0x00,
	0x7b,0x32,0xc0,0x8e,0xc1,0x6e,0x00,0x00,0x63,0x30,0xc0,0x8e,
	0x41,0xe8,0x00,0x00,0xa1,0x37,0x00,0x03,0x58,0xe8,0x00,0x00,
	0x63,0x30,0xf4,0x8e,0x41,0xe0,0x00,0x00,0xa5,0x17,0x00,0xa3,
	0x50,0xb0,0x00,0x00,0x96,0xf2,0x03,0x13,0x58,0x68,0x00,0x00,
	0x96,0x52,0xc0,0x8e,0x41,0x68,0x00,0x00,0x96,0xb2,0xf4,0x0a,
	0xda,0x6d,0x00,0x00,0xa1,0x17,0x00,0x03,0x56,0x16,0x01,0x00,
	0x96,0x32,0xf0,0x86,0xde,0x68,0x00,0x00,0xa1,0x17,0x00,0x03,
	0x56,0x58,0x01,0x00,0xa2,0xd7,0x0d,0x87,0x5e,0xe0,0x00,0x00,
	0x62,0x10,0x00,0xd7,0x5e,0xb0,0x00,0x00,0x8d,0x12,0xa0,0x02,
	0xde,0x20,0x00,0x00,0xa3,0x37,0xd0,0x86,0x5e,0xe0,0x00,0x00,
	0xa3,0x77,0xd0,0x8e,0x5e,0xe0,0x00,0x00,0x96,0x52,0xf4,0x02,
	0x5a,0x6d,0x00,0x00,0x96,0x92,0xf4,0x8e,0x5e,0x6e,0x00,0x00,
	0x83,0x36,0xf4,0x02,0x60,0xe8,0x00,0x00,0x81,0x16,0x00,0x8f,
	0x5e,0xb0,0x00,0x00,0x83,0x76,0x00,0x0f,0x5a,0xa0,0x00,0x00,
	0x82,0x36,0x00,0x0b,0x5a,0xe0,0x00,0x00,0x80,0x56,0xf4,0x02,
	0x5a,0xe8,0x00,0x00,0x80,0x37,0x00,0x03,0x5e,0xd0,0x00,0x00,
	0x04,0x36,0x00,0x13,0x58,0xe0,0x00,0x00,0x63,0x30,0x00,0x8f,
	0x41,0xe0,0x00,0x00,0x93,0x12,0x00,0x13,0x58,0x98,0x02,0x00,
	0xb5,0x37,0x00,0xd7,0x5e,0xe0,0x00,0x00,0x7c,0x32,0xc0,0x8e,
	0xc1,0x6e,0x00,0x00,0x63,0x10,0x00,0x03,0x58,0xb0,0x00,0x00,
	0x7c,0x12,0xf0,0x02,0xde,0xbf,0x03,0x00,0x00,0x00,0xf0,0x02,
	0xde,0x02,0x00,0x00,0xa1,0x17,0x00,0x03,0x60,0xbc,0x01,0x00,
	0xa0,0x10,0x03,0x04,0x60,0x87,0x01,0x00,0xb5,0x90,0x09,0x03,
	0x60,0xbc,0x01,0x00,0xb4,0xf0,0x00,0x63,0x00,0xb0,0x00,0x00,
	0xb6,0x90,0x13,0x4b,0x60,0xbc,0x01,0x00,0xb5,0x90,0x00,0x03,
	0x60,0xbc,0x01,0x00,0xb4,0xb0,0x00,0x63,0x00,0xb0,0x00,0x00,
	0x00,0x18,0x00,0xd3,0x42,0xb0,0x00,0x00,0x9f,0x12,0xf0,0x02,
	0xde,0x17,0x03,0x00,0xa0,0x12,0xf0,0x02,0xde,0x97,0x03,0x00,
	0x2f,0x14,0x00,0x3b,0x25,0xb0,0x00,0x00,0xa0,0x10,0x03,0x0c,
	0xe0,0x8e,0x01,0x00,0xbd,0x12,0x00,0x57,0x5a,0x68,0x00,0x00,
	0x95,0x16,0xf0,0x56,0x5a,0xe8,0x00,0x00,0xa1,0x17,0x00,0x03,
	0x60,0xbc,0x01,0x00,0x63,0xb0,0x01,0x97,0x41,0xe0,0x00,0x00,
	0xa2,0x17,0x00,0x03,0x60,0xbc,0x01,0x00,0xa4,0x97,0xd2,0x8e,
	0x41,0xe0,0x00,0x00,0xba,0x92,0xd2,0x86,0x5e,0x68,0x00,0x00,
	0xa2,0x17,0xb0,0x8a,0x5e,0xe0,0x00,0x00,0xaf,0x12,0xf0,0x8a,
	0x5e,0x6e,0x00,0x00,0xa1,0x37,0x00,0x87,0x5e,0xe0,0x00,0x00,
	0x63,0x30,0x00,0x8f,0x41,0xe0,0x00,0x00,0xa9,0x12,0xf0,0x02,
	0xde,0xbf,0x03,0x00,0x80,0x15,0xf0,0x8a,0x5e,0xe8,0x00,0x00,
	0xbb,0x12,0x00,0x87,0x5e,0x68,0x00,0x00,0x8c,0x36,0xf4,0x32,
	0x5a,0xe8,0x00,0x00,0xa3,0x17,0x00,0x93,0x41,0xb0,0x00,0x00,
	0x64,0xb0,0x01,0x97,0x41,0xe0,0x00,0x00,0xb9,0x92,0xf4,0x8e,
	0x41,0x68,0x00,0x00,0x00,0x16,0x00,0x03,0x56,0xb0,0x00,0x00,
	0x63,0x30,0x00,0x8f,0x41,0xe0,0x00,0x00,0x64,0x30,0x00,0x93,
	0x41,0xe0,0x00,0x00,0xb4,0x12,0xf0,0x02,0xde,0xbf,0x03,0x00,
	0x64,0x10,0x00,0x8f,0x5e,0xb0,0x00,0x00,0x94,0x36,0xf4,0x52,
	0x5a,0xe8,0x00,0x00,0xbd,0x12,0x00,0x57,0xda,0x68,0x00,0x00,
	0x8c,0x16,0x00,0x03,0x60,0xbc,0x01,0x00,0xa1,0x17,0x00,0x07,
	0x58,0xb0,0x00,0x00,0x03,0x16,0xf0,0x0e,0x58,0xe0,0x00,0x00,
	0xc3,0x32,0xf4,0x0e,0xd8,0x6e,0x00,0x00,0xa1,0x17,0xc0,0x86,
	0x5e,0xe8,0x00,0x00,0x03,0x36,0xf4,0x0e,0x58,0xe8,0x00,0x00,
	0x03,0x36,0x00,0x0f,0x58,0xe8,0x00,0x00,0xa1,0x17,0x00,0x03,
	0x5e,0x18,0x01,0x00,0xcb,0x12,0x02,0x03,0xde,0x6d,0x00,0x00,
	0xa2,0x37,0xf4,0x42,0x60,0xe8,0x00,0x00,0x86,0x36,0xf4,0x1a,
	0x5a,0x90,0x00,0x00,0xa2,0x57,0xf4,0x1e,0x5a,0x88,0x00,0x00,
	0x87,0x36,0xf4,0x1e,0x5a,0x90,0x00,0x00,0x86,0x56,0xf4,0x1a,
	0x5a,0xb0,0x00,0x00,0xcd,0x12,0xf0,0x02,0xde,0xbf,0x03,0x00,
	0x86,0x36,0xf4,0x1e,0x5a,0x90,0x00,0x00,0x87,0x16,0x00,0x03,
	0x60,0xbc,0x01,0x00,0x00,0x00,0xf0,0x02,0xde,0x02,0x00,0x00,
	0x2a,0x10,0x00,0x03,0x60,0x58,0x01,0x00,0x04,0x90,0x02,0x03,
	0x60,0xbc,0x01,0x00,0x24,0x90,0x04,0x0a,0x60,0xb8,0x01,0x00,
	0x6c,0x90,0x0d,0x02,0xe0,0x89,0x01,0x00,0x00,0x00,0xf0,0x02,
	0xde,0x02,0x00,0x00,0xa3,0x17,0x00,0x53,0xde,0x00,0x01,0x00,
	0xa3,0x37,0x00,0x8f,0x5e,0xb8,0x00,0x00,0xa1,0x17,0x0f,0x03,
	0x60,0xbc,0x01,0x00,0xd3,0x00,0xf0,0x02,0x5e,0x02,0x00,0x00,
	0xa2,0x37,0x03,0x8e,0x5e,0x85,0x01,0x00,0xd8,0x00,0xf0,0x02,
	0x5e,0x02,0x00,0x00,0x80,0x37,0x01,0x03,0x60,0xbc,0x01,0x00,
	0x81,0x37,0x00,0x8f,0xde,0x80,0x01,0x00,0x96,0x0e,0xf0,0x02,
	0x5e,0x02,0x00,0x00,0x80,0x77,0x01,0x03,0x60,0xbc,0x01,0x00,
	0x81,0x57,0x00,0x03,0x60,0xbc,0x01,0x00,0x96,0x0e,0xf0,0x02,
	0x5e,0x02,0x00,0x00,0xa1,0x57,0x01,0x67,0x44,0xe0,0x00,0x00,
	0xe0,0x32,0xf4,0x66,0xc4,0x68,0x00,0x00,0x80,0x77,0x01,0x03,
	0x60,0xbc,0x01,0x00,0x81,0x17,0x00,0x03,0x60,0xbc,0x01,0x00,
	0x96,0x0e,0xf0,0x02,0x5e,0x02,0x00,0x00,0xf5,0x12,0x00,0x53,
	0xde,0x00,0x02,0x00,0xa1,0x17,0x00,0x87,0x5e,0xb0,0x00,0x00,
	0x00,0x00,0xf0,0x02,0xde,0x02,0x00,0x00,0xf5,0x12,0x00,0x53,
	0xde,0x00,0x02,0x00,0xa1,0x57,0x0f,0x03,0x60,0xbc,0x01,0x00,
	0xa2,0x17,0x00,0x03,0x60,0xbc,0x01,0x00,0xd8,0x00,0xf0,0x02,
	0x5e,0x02,0x00,0x00,0xa1,0xb7,0x0f,0x03,0x60,0xbc,0x01,0x00,
	0xa2,0x17,0x00,0x03,0x60,0xbc,0x01,0x00,0xd8,0x00,0xf0,0x02,
	0x5e,0x02,0x00,0x00,0xa1,0xf7,0x1c,0x03,0x60,0xbc,0x01,0x00,
	0xa2,0x97,0x01,0x03,0x60,0xbc,0x01,0x00,0xd8,0x00,0xf0,0x02,
	0x5e,0x02,0x00,0x00,0xa1,0x97,0x1d,0x03,0x60,0xbc,0x01,0x00,
	0xa2,0x97,0x01,0x03,0x60,0xbc,0x01,0x00,0xd8,0x00,0xf0,0x02,
	0x5e,0x02,0x00,0x00,0x00,0x00,0xf0,0x02,0xde,0x02,0x00,0x00,
	0xa1,0xf7,0x1c,0x03,0x60,0xbc,0x01,0x00,0xa2,0x17,0x00,0x03,
	0x60,0xbc,0x01,0x00,0xd8,0x00,0xf0,0x02,0x5e,0x02,0x00,0x00,
	0xa1,0x97,0x1d,0x03,0x60,0xbc,0x01,0x00,0xa2,0x17,0x00,0x03,
	0x60,0xbc,0x01,0x00,0xd8,0x00,0xf0,0x02,0x5e,0x02,0x00,0x00,
	0x00,0x00,0xf0,0x02,0xde,0x02,0x00,0x00,0x47,0x10,0x10,0x03,
	0x60,0xbc,0x01,0x00,0x81,0x17,0x00,0x4f,0x00,0xb0,0x00,0x00,
	0x80,0x37,0x00,0x03,0x60,0xbc,0x01,0x00,0xa1,0x17,0x00,0x4b,
	0x00,0xb0,0x00,0x00,0xa2,0x37,0x00,0x9f,0x00,0xb0,0x00,0x00,
	0xd8,0x00,0xf0,0x02,0x5e,0x02,0x00,0x00,0xa1,0x17,0x1a,0x13,
	0x60,0xbc,0x01,0x00,0xd3,0x00,0xf0,0x02,0x5e,0x02,0x00,0x00,
	0xa2,0x37,0x00,0x67,0x40,0xb0,0x00,0x00,0xd8,0x00,0xf0,0x02,
	0x5e,0x02,0x00,0x00,0xd3,0x00,0xf0,0x02,0x5e,0x02,0x00,0x00,
	0x06,0x13,0x00,0x67,0x40,0x80,0x02,0x00,0xa1,0x17,0x00,0x4b,
	0x00,0xb0,0x00,0x00,0xa2,0x17,0x00,0x9f,0x00,0xb0,0x00,0x00,
	0xd8,0x00,0xf0,0x02,0x5e,0x02,0x00,0x00,0x10,0x93,0x02,0x00,
	0xde,0x6d,0x00,0x00,0xa2,0x77,0x00,0x67,0x44,0xe0,0x00,0x00,
	0x0d,0x53,0xf4,0x66,0xc4,0x68,0x00,0x00,0x80,0x37,0x00,0x03,
	0x5e,0xe0,0x00,0x00,0x00,0x13,0xf0,0x02,0xde,0xbf,0x03,0x00,
	0x11,0x33,0x03,0x04,0xde,0x6d,0x00,0x00,0x43,0x10,0x00,0x07,
	0x60,0xbc,0x01,0x00,0x03,0x0b,0xf0,0x02,0xde,0xbf,0x03,0x00,
	0x6d,0x13,0x00,0xcf,0xc4,0x87,0x02,0x00,0xba,0x17,0x00,0x03,
	0x60,0xbc,0x01,0x00,0x7b,0x10,0x02,0x63,0x60,0xbc,0x01,0x00,
	0x7a,0x10,0x01,0x53,0x60,0xbc,0x01,0x00,0x17,0x13,0x00,0xd7,
	0x41,0x87,0x02,0x00,0x75,0x10,0x00,0x43,0x60,0xbc,0x01,0x00,
	0x80,0x17,0x0a,0x07,0x60,0xbc,0x01,0x00,0x8e,0x0e,0xf0,0x02,
	0x5e,0x02,0x00,0x00,0xa4,0x17,0x00,0x07,0x5e,0xb0,0x00,0x00,
	0x80,0xd7,0x08,0x07,0x60,0xbc,0x01,0x00,0x8e,0x0e,0xf0,0x02,
	0x5e,0x02,0x00,0x00,0xa3,0x17,0x00,0x07,0x5e,0xb0,0x00,0x00,
	0x80,0x37,0x0a,0x07,0x60,0xbc,0x01,0x00,0x8e,0x0e,0xf0,0x02,
	0x5e,0x02,0x00,0x00,0xa5,0x17,0x00,0x07,0x5e,0xb0,0x00,0x00,
	0x80,0xf7,0x0a,0x07,0x60,0xbc,0x01,0x00,0x8e,0x0e,0xf0,0x02,
	0x5e,0x02,0x00,0x00,0xa6,0x17,0x00,0x07,0x5e,0xb0,0x00,0x00,
	0x25,0x13,0x00,0xd7,0x41,0x86,0x02,0x00,0xa1,0x17,0x00,0xdb,
	0xc1,0x03,0x01,0x00,0xab,0x77,0xf5,0x86,0x5e,0x87,0x01,0x00,
	0xab,0x77,0xf5,0x02,0x60,0x84,0x01,0x00,0x39,0x73,0x00,0x8f,
	0xde,0x68,0x00,0x00,0x4e,0x33,0x01,0x97,0xde,0x68,0x00,0x00,
	0x4e,0x33,0x00,0x9b,0xde,0x68,0x00,0x00,0x80,0xd7,0x0a,0x07,
	0x60,0xbc,0x01,0x00,0x8e,0x0e,0xf0,0x02,0x5e,0x02,0x00,0x00,
	0xa2,0x97,0x0d,0x93,0x5e,0xe8,0x00,0x00,0x4e,0x13,0x00,0x8b,
	0x5e,0x69,0x00,0x00,0xa1,0x97,0x06,0xcf,0x60,0xbc,0x01,0x00,
	0xa2,0x37,0xf4,0x8a,0xde,0x80,0x00,0x00,0xa1,0xf7,0x1f,0x03,
	0x60,0xbc,0x01,0x00,0x37,0xd3,0x01,0x8b,0x5e,0x68,0x00,0x00,
	0xa2,0x37,0x00,0x8b,0x5e,0xe0,0x00,0x00,0x4e,0xb3,0x01,0x8b,
	0x5e,0x6e,0x00,0x00,0xa1,0x17,0x00,0x03,0x60,0xbc,0x01,0x00,
	0x4e,0x33,0xf4,0x06,0xde,0x68,0x00,0x00,0x4d,0x13,0xf0,0x02,
	0xde,0xbf,0x03,0x00,0x4e,0x13,0x00,0xaf,0xde,0x80,0x02,0x00,
	0xab,0x77,0xf5,0x06,0x60,0x84,0x01,0x00,0x4e,0xb3,0x00,0x93,
	0x5e,0x69,0x00,0x00,0x41,0xb3,0x0f,0x93,0xde,0x6d,0x00,0x00,
	0x4e,0x33,0x00,0x8f,0xde,0x68,0x00,0x00,0x4e,0x53,0x00,0x97,
	0xde,0x68,0x00,0x00,0x4e,0x33,0x00,0x9b,0xde,0x68,0x00,0x00,
	0x4c,0x13,0xf0,0x02,0xde,0xbf,0x03,0x00,0x47,0x93,0x1d,0x93,
	0xde,0x6d,0x00,0x00,0xa4,0x37,0x00,0x93,0x5e,0x90,0x00,0x00,
	0x4e,0x53,0x00,0x8f,0xde,0x68,0x00,0x00,0x4e,0x93,0x00,0x97,
	0xde,0x68,0x00,0x00,0x4e,0x13,0x00,0x9b,0xde,0x68,0x00,0x00,
	0x4c,0x13,0xf0,0x02,0xde,0xbf,0x03,0x00,0xa4,0x77,0x14,0x93,
	0x5e,0xe8,0x00,0x00,0x4e,0x33,0x0b,0x93,0x5e,0x6e,0x00,0x00,
	0x4e,0x33,0x00,0x8f,0xde,0x68,0x00,0x00,0x4e,0x33,0x00,0x97,
	0xde,0x68,0x00,0x00,0x4e,0x33,0x00,0x9b,0xde,0x68,0x00,0x00,
	0xa2,0x77,0x01,0x93,0x5e,0xe0,0x00,0x00,0xba,0x17,0x00,0x8b,
	0x5e,0xb0,0x00,0x00,0x6e,0x13,0xf0,0x02,0x5e,0x02,0x00,0x00,
	0x6d,0x53,0x00,0x83,0x80,0x68,0x00,0x00,0x67,0x0a,0x02,0x47,
	0x61,0xbc,0x01,0x00,0x68,0xaa,0x0a,0x57,0x61,0xbc,0x01,0x00,
	0x69,0xaa,0x0a,0x47,0x60,0xbc,0x01,0x00,0x6a,0x4a,0x04,0x0b,
	0x60,0xbc,0x01,0x00,0x6b,0x4a,0x04,0xab,0x60,0xbc,0x01,0x00,
	0x6c,0x4a,0x04,0xab,0x60,0xbc,0x01,0x00,0x6d,0x0a,0x04,0xa3,
	0x60,0xbc,0x01,0x00,0x6e,0x0a,0x04,0xa3,0x60,0xbc,0x01,0x00,
	0x6f,0x0a,0x00,0x03,0x60,0xbc,0x01,0x00,0x70,0x0a,0x00,0x03,
	0x60,0xbc,0x01,0x00,0x71,0x0a,0x00,0x03,0x60,0xbc,0x01,0x00,
	0x72,0x0a,0x00,0x03,0x60,0xbc,0x01,0x00,0x73,0x0a,0x04,0xa3,
	0x60,0xbc,0x01,0x00,0x74,0x0a,0x04,0xa3,0x60,0xbc,0x01,0x00,
	0x75,0x0a,0x04,0xa3,0x60,0xbc,0x01,0x00,0x76,0x0a,0x04,0xa3,
	0x60,0xbc,0x01,0x00,0x77,0x0a,0x04,0xa3,0x60,0xbc,0x01,0x00,
	0x78,0x0a,0x04,0x03,0x60,0xbc,0x01,0x00,0x79,0x0a,0x04,0xa3,
	0x60,0xbc,0x01,0x00,0x7a,0x0a,0x04,0xa3,0x60,0xbc,0x01,0x00,
	0x7b,0x0a,0x04,0x03,0x60,0xbc,0x01,0x00,0x7c,0x4a,0x00,0x0b,
	0x60,0xbc,0x01,0x00,0x7d,0x4a,0x00,0x0b,0x60,0xbc,0x01,0x00,
	0x7e,0x4a,0x00,0x0b,0x60,0xbc,0x01,0x00,0x7f,0x4a,0x00,0x0b,
	0x60,0xbc,0x01,0x00,0x80,0x4a,0x00,0x03,0x60,0xbc,0x01,0x00,
	0x34,0x11,0x00,0x03,0x60,0xbc,0x01,0x00,0x35,0x11,0x10,0x0b,
	0x60,0xbc,0x01,0x00,0x33,0x11,0x00,0x03,0x63,0xbc,0x01,0x00,
	0x00,0x00,0xf0,0x02,0xde,0x02,0x00,0x00,0xa1,0xf7,0x0c,0x2b,
	0x60,0xbc,0x01,0x00,0xa3,0x17,0x00,0xeb,0x5e,0x21,0x01,0x00,
	0x65,0x70,0xf4,0x86,0x5e,0xe0,0x00,0x00,0xa3,0x17,0x00,0xeb,
	0x5e,0x89,0x01,0x00,0xb9,0x77,0xf4,0x02,0x5a,0x90,0x00,0x00,
	0x75,0x13,0x00,0xaf,0x5e,0x07,0x02,0x00,0xb9,0x57,0x00,0xe7,
	0x5e,0x90,0x00,0x00,0x00,0x00,0xf0,0x02,0xde,0x02,0x00,0x00,
	0x00,0x00,0x00,0x00,0x00,0x00,0x00,0x00,0xb8,0x9b,0x00,0x00,
	0x00,0x00,0x00,0x00,0x60,0x01,0x04,0x00,0x05,0x00,0x01,0x03,
	0x64,0x01,0x04,0x00,0x00,0x00,0x10,0x00,0x24,0x01,0x04,0x00,
	0x04,0x00,0x00,0x00,0x28,0x01,0x04,0x00,0x00,0x00,0x00,0x00,
	0x2c,0x01,0x04,0x00,0x00,0x00,0x00,0x00,0x30,0x01,0x04,0x00,
	0x00,0x00,0x00,0x00,0x34,0x01,0x04,0x00,0x0a,0x04,0x70,0x00,
	0x34,0x01,0x04,0x00,0xef,0xbe,0xd4,0x00,0x34,0x01,0x04,0x00,
	0x05,0x00,0x00,0xff,0x34,0x01,0x04,0x00,0x01,0xff,0x02,0xff,
	0x30,0x01,0x04,0x00,0x18,0x00,0x00,0x00,0x34,0x01,0x04,0x00,
	0x0a,0x04,0xe0,0x00,0x34,0x01,0x04,0x00,0xef,0xbe,0x48,0x00,
	0x34,0x01,0x04,0x00,0x05,0x00,0x00,0xff,0x34,0x01,0x04,0x00,
	0x01,0xff,0x02,0xff,0x34,0x01,0x04,0x00,0x00,0x10,0x18,0x01,
	0x34,0x01,0x04,0x00,0x02,0x03,0x00,0x10,0x34,0x01,0x04,0x00,
	0x18,0xf1,0xf2,0xf3,0x34,0x01,0x04,0x00,0xbb,0xcc,0x00,0x00,
	0x30,0x01,0x04,0x00,0x38,0x00,0x00,0x00,0x34,0x01,0x04,0x00,
	0x00,0x00,0x00,0x00,0x30,0x01,0x04,0x00,0x58,0x00,0x00,0x00,
	0x34,0x01,0x04,0x00,0x00,0x00,0x00,0x00,0x30,0x01,0x04,0x00,
	0x38,0x00,0x00,0x00,0x34,0x01,0x04,0x00,0x0f,0x20,0x00,0x07,
	0x34,0x01,0x04,0x00,0x00,0x00,0x94,0x00,0x34,0x01,0x04,0x00,
	0x00,0x00,0x00,0x90,0x34,0x01,0x04,0x00,0x74,0x75,0x76,0x77,
	0x34,0x01,0x04,0x00,0x00,0x00,0x00,0x00,0x34,0x01,0x04,0x00,
	0x00,0x00,0x05,0x00,0x34,0x01,0x04,0x00,0xff,0xff,0xff,0xff,
	0x30,0x01,0x04,0x00,0x68,0x02,0x00,0x00,0x34,0x01,0x04,0x00,
	0x6e,0x84,0x33,0x00,0x34,0x01,0x04,0x00,0xdc,0xba,0x50,0x00,
	0x34,0x01,0x04,0x00,0xd4,0x00,0x00,0xab,0x34,0x01,0x04,0x00,
	0xba,0xda,0xba,0xda,0x34,0x01,0x04,0x00,0x00,0x10,0x18,0xf1,
	0x34,0x01,0x04,0x00,0xf2,0xf3,0x00,0x10,0x34,0x01,0x04,0x00,
	0x18,0xf1,0xf2,0xf3,0x34,0x01,0x04,0x00,0x10,0x00,0x00,0x00,
	0x34,0x01,0x04,0x00,0x00,0x00,0x00,0x00,0x34,0x01,0x04,0x00,
	0x00,0x00,0x0a,0x00,0x34,0x01,0x04,0x00,0x01,0x00,0x00,0x0e,
	0x34,0x01,0x04,0x00,0x42,0x52,0x43,0x4d,0x34,0x01,0x04,0x00,
	0x5f,0x54,0x45,0x53,0x34,0x01,0x04,0x00,0x54,0x5f,0x53,0x53,
	0x34,0x01,0x04,0x00,0x49,0x44,0x01,0x04,0x34,0x01,0x04,0x00,
	0x82,0x84,0x8b,0x96,0x34,0x01,0x04,0x00,0x03,0x01,0x01,0x06,
	0x34,0x01,0x04,0x00,0x02,0x00,0x00,0x00,0x30,0x01,0x04,0x00,
	0x68,0x00,0x00,0x00,0x34,0x01,0x04,0x00,0x0a,0x04,0x28,0x02,
	0x34,0x01,0x04,0x00,0xdc,0xba,0x80,0x00,0x34,0x01,0x04,0x00,
	0x00,0x00,0xff,0xff,0x34,0x01,0x04,0x00,0xff,0xff,0xff,0xff,
	0x34,0x01,0x04,0x00,0x00,0x10,0x18,0xf1,0x34,0x01,0x04,0x00,
	0xf2,0xf3,0x00,0x10,0x34,0x01,0x04,0x00,0x18,0xf1,0xf2,0xf3,
	0x34,0x01,0x04,0x00,0xd0,0xaf,0x00,0x00,0x34,0x01,0x04,0x00,
	0x00,0x00,0x00,0x00,0x34,0x01,0x04,0x00,0x00,0x00,0x00,0x01,
	0x34,0x01,0x04,0x00,0x02,0x00,0x00,0x0e,0x34,0x01,0x04,0x00,
	0x42,0x52,0x43,0x4d,0x34,0x01,0x04,0x00,0x5f,0x54,0x45,0x53,
	0x34,0x01,0x04,0x00,0x54,0x5f,0x53,0x53,0x34,0x01,0x04,0x00,
	0x49,0x44,0x01,0x04,0x34,0x01,0x04,0x00,0x82,0x84,0x8b,0x96,
	0x34,0x01,0x04,0x00,0x03,0x01,0x01,0x06,0x34,0x01,0x04,0x00,
	0x02,0x01,0x00,0x00,0x30,0x01,0x04,0x00,0x68,0x04,0x00,0x00,
	0x34,0x01,0x04,0x00,0x0a,0x04,0x28,0x02,0x34,0x01,0x04,0x00,
	0xdc,0xba,0x80,0x00,0x34,0x01,0x04,0x00,0x00,0x00,0xff,0xff,
	0x34,0x01,0x04,0x00,0xff,0xff,0xff,0xff,0x34,0x01,0x04,0x00,
	0x00,0x10,0x18,0xf1,0x34,0x01,0x04,0x00,0xf2,0xf3,0x00,0x10,
	0x34,0x01,0x04,0x00,0x18,0xf1,0xf2,0xf3,0x34,0x01,0x04,0x00,
	0xd0,0xaf,0x00,0x00,0x34,0x01,0x04,0x00,0x00,0x00,0x00,0x00,
	0x34,0x01,0x04,0x00,0x00,0x00,0x00,0x01,0x34,0x01,0x04,0x00,
	0x02,0x00,0x00,0x0e,0x34,0x01,0x04,0x00,0x42,0x52,0x43,0x4d,
	0x34,0x01,0x04,0x00,0x5f,0x54,0x45,0x53,0x34,0x01,0x04,0x00,
	0x54,0x5f,0x53,0x53,0x34,0x01,0x04,0x00,0x49,0x44,0x01,0x04,
	0x34,0x01,0x04,0x00,0x82,0x84,0x8b,0x96,0x34,0x01,0x04,0x00,
	0x03,0x01,0x01,0x06,0x34,0x01,0x04,0x00,0x02,0x01,0x00,0x00,
	0x00,0x01,0x04,0x00,0x00,0x00,0x00,0x01,0x90,0x04,0x02,0x00,
	0x00,0x00,0x00,0x00,0xa0,0x04,0x02,0x00,0xf1,0xf3,0x00,0x00,
	0xb0,0x04,0x02,0x00,0xef,0xfd,0x00,0x00,0xa8,0x04,0x02,0x00,
	0xff,0xff,0x00,0x00,0xa8,0x04,0x02,0x00,0x00,0x00,0x00,0x00,
	0xaa,0x04,0x02,0x00,0x00,0x00,0x00,0x00,0xa4,0x04,0x02,0x00,
	0xcf,0x1a,0x00,0x00,0xac,0x04,0x02,0x00,0x00,0x00,0x00,0x00,
	0xbc,0x04,0x02,0x00,0x00,0x00,0x00,0x00,0xa6,0x04,0x02,0x00,
	0xc7,0x02,0x00,0x00,0xb6,0x04,0x02,0x00,0xff,0xfd,0x00,0x00,
	0xae,0x04,0x02,0x00,0xff,0xff,0x00,0x00,0x06,0x04,0x02,0x00,
	0x01,0x00,0x00,0x00,0x06,0x04,0x02,0x00,0x00,0x00,0x00,0x00,
	0x0c,0x04,0x02,0x00,0x18,0x00,0x00,0x00,0x06,0x04,0x02,0x00,
	0x00,0x00,0x00,0x00,0x48,0x04,0x02,0x00,0x00,0x0c,0x00,0x00,
	0x02,0x04,0x02,0x00,0xb8,0x06,0x00,0x00,0x02,0x05,0x02,0x00,
	0x00,0x00,0x00,0x00,0x00,0x05,0x02,0x00,0x00,0x40,0x00,0x00,
	0x02,0x05,0x02,0x00,0x04,0x00,0x00,0x00,0x00,0x05,0x02,0x00,
	0x00,0x40,0x00,0x00,0x02,0x05,0x02,0x00,0x08,0x00,0x00,0x00,
	0x00,0x05,0x02,0x00,0x00,0x40,0x00,0x00,0x02,0x05,0x02,0x00,
	0x0c,0x00,0x00,0x00,0x00,0x05,0x02,0x00,0x00,0x40,0x00,0x00,
	0x02,0x05,0x02,0x00,0xc0,0x00,0x00,0x00,0x80,0x05,0x02,0x00,
	0xff,0xff,0x00,0x00,0x82,0x05,0x02,0x00,0xff,0xff,0x00,0x00,
	0x84,0x05,0x02,0x00,0xff,0xff,0x00,0x00,0x86,0x05,0x02,0x00,
	0xff,0xff,0x00,0x00,0x88,0x05,0x02,0x00,0xff,0xff,0x00,0x00,
	0x9c,0x05,0x02,0x00,0xf0,0xff,0x00,0x00,0x40,0x05,0x02,0x00,
	0x00,0x80,0x00,0x00,0x20,0x05,0x02,0x00,0x06,0x0f,0x00,0x00,
	0x40,0x05,0x02,0x00,0x00,0x80,0x00,0x00,0x40,0x05,0x02,0x00,
	0x00,0x81,0x00,0x00,0x20,0x05,0x02,0x00,0x10,0x1d,0x00,0x00,
	0x40,0x05,0x02,0x00,0x00,0x81,0x00,0x00,0x40,0x05,0x02,0x00,
	0x00,0x82,0x00,0x00,0x20,0x05,0x02,0x00,0x1e,0x28,0x00,0x00,
	0x40,0x05,0x02,0x00,0x00,0x82,0x00,0x00,0x40,0x05,0x02,0x00,
	0x00,0x83,0x00,0x00,0x20,0x05,0x02,0x00,0x29,0x31,0x00,0x00,
	0x40,0x05,0x02,0x00,0x00,0x83,0x00,0x00,0x40,0x05,0x02,0x00,
	0x00,0x84,0x00,0x00,0x20,0x05,0x02,0x00,0x32,0x3f,0x00,0x00,
	0x40,0x05,0x02,0x00,0x00,0x84,0x00,0x00,0x40,0x05,0x02,0x00,
	0x00,0x85,0x00,0x00,0x20,0x05,0x02,0x00,0x40,0x41,0x00,0x00,
	0x40,0x05,0x02,0x00,0x00,0x85,0x00,0x00,0x12,0x06,0x02,0x00,
	0x01,0x00,0x00,0x00,0x2e,0x06,0x02,0x00,0x89,0x88,0x00,0x00,
	0x30,0x06,0x02,0x00,0x08,0x00,0x00,0x00,0x00,0x06,0x02,0x00,
	0x04,0x80,0x00,0x00,0x96,0x06,0x02,0x00,0x08,0x00,0x00,0x00,
	0x9a,0x06,0x02,0x00,0xe4,0x00,0x00,0x00,0x88,0x06,0x02,0x00,
	0x00,0x00,0x00,0x00,0x9c,0x06,0x02,0x00,0x02,0x00,0x00,0x00,
	0x88,0x06,0x02,0x00,0x00,0x10,0x00,0x00,0x9c,0x06,0x02,0x00,
	0x02,0x00,0x00,0x00,0x88,0x06,0x02,0x00,0x00,0x20,0x00,0x00,
	0x9c,0x06,0x02,0x00,0x02,0x00,0x00,0x00,0x88,0x06,0x02,0x00,
	0x00,0x30,0x00,0x00,0x9c,0x06,0x02,0x00,0x02,0x00,0x00,0x00,
	0x88,0x06,0x02,0x00,0x0b,0x0f,0x00,0x00,0x9e,0x06,0x02,0x00,
	0x07,0x00,0x00,0x00,0x10,0x05,0x02,0x00,0x0b,0x00,0x00,0x00,
	0x50,0x04,0x02,0x00,0x01,0x4e,0x00,0x00,0x52,0x04,0x02,0x00,
	0x5b,0x01,0x00,0x00,0xe4,0x04,0x02,0x00,0x90,0x00,0x00,0x00,
	0x60,0x01,0x04,0x00,0x04,0x00,0x01,0x03,0x64,0x01,0x04,0x00,
	0x00,0x00,0x00,0x00,0x64,0x01,0x04,0x00,0x80,0x00,0x00,0x00,
	0x64,0x01,0x04,0x00,0x47,0x00,0x47,0x00,0x64,0x01,0x04,0x00,
	0x00,0x00,0x64,0x00,0x64,0x01,0x04,0x00,0x30,0x09,0x40,0xfc,
	0x60,0x01,0x04,0x00,0x0d,0x00,0x01,0x03,0x64,0x01,0x04,0x00,
	0x02,0x00,0x02,0x00,0x64,0x01,0x04,0x00,0x01,0x00,0x04,0x00,
	0x64,0x01,0x04,0x00,0x05,0x00,0x00,0x00,0x60,0x01,0x04,0x00,
	0x11,0x00,0x01,0x03,0x64,0x01,0x04,0x00,0x64,0x00,0x64,0x00,
	0x64,0x01,0x04,0x00,0x0e,0x00,0x47,0x00,0x64,0x01,0x04,0x00,
	0x00,0x05,0x00,0x00,0x60,0x01,0x04,0x00,0x15,0x00,0x01,0x03,
	0x64,0x01,0x04,0x00,0x00,0x00,0x3e,0x07,0x64,0x01,0x04,0x00,
	0xff,0xff,0xff,0xff,0x64,0x01,0x04,0x00,0x0a,0x00,0x00,0x00,
	0x60,0x01,0x04,0x00,0x1a,0x00,0x01,0x03,0x64,0x01,0x04,0x00,
	0x00,0xc0,0x00,0x00,0x60,0x01,0x04,0x00,0x1d,0x00,0x01,0x03,
	0x64,0x01,0x04,0x00,0x10,0x27,0x00,0x00,0x64,0x01,0x04,0x00,
	0x00,0x00,0x62,0x09,0x60,0x01,0x04,0x00,0x20,0x00,0x01,0x03,
	0x64,0x01,0x04,0x00,0x06,0x00,0x10,0x27,0x60,0x01,0x04,0x00,
	0x24,0x00,0x01,0x03,0x64,0x01,0x04,0x00,0x00,0x00,0x7a,0x09,
	0x64,0x01,0x04,0x00,0x00,0x00,0x32,0x00,0x64,0x01,0x04,0x00,
	0x0a,0x0e,0x0b,0x09,0x64,0x01,0x04,0x00,0x0e,0x02,0x00,0x00,
	0x60,0x01,0x04,0x00,0x29,0x00,0x01,0x03,0x64,0x01,0x04,0x00,
	0x00,0x00,0x3f,0x01,0x64,0x01,0x04,0x00,0xff,0xff,0x00,0x0c,
	0x64,0x01,0x04,0x00,0x74,0x04,0x42,0x7b,0x64,0x01,0x04,0x00,
	0x02,0x00,0xee,0x08,0x60,0x01,0x04,0x00,0x2e,0x00,0x01,0x03,
	0x64,0x01,0x04,0x00,0x00,0x00,0x00,0x80,0x60,0x01,0x04,0x00,
	0x32,0x00,0x01,0x03,0x64,0x01,0x04,0x00,0x00,0x00,0x38,0x0a,
	0x60,0x01,0x04,0x00,0x34,0x00,0x01,0x03,0x64,0x01,0x04,0x00,
	0x00,0x00,0xb2,0x03,0x60,0x01,0x04,0x00,0x58,0x00,0x01,0x03,
	0x64,0x01,0x04,0x00,0x42,0x52,0x43,0x4d,0x64,0x01,0x04,0x00,
	0x5f,0x54,0x45,0x53,0x64,0x01,0x04,0x00,0x54,0x5f,0x53,0x53,
	0x64,0x01,0x04,0x00,0x49,0x44,0x00,0x00,0x60,0x01,0x04,0x00,
	0x60,0x00,0x01,0x03,0x64,0x01,0x04,0x00,0x39,0x00,0x00,0x00,
	0x64,0x01,0x04,0x00,0x50,0x00,0x00,0x00,0x64,0x01,0x04,0x00,
	0xc0,0x00,0x00,0x00,0x60,0x01,0x04,0x00,0x70,0x00,0x01,0x03,
	0x64,0x01,0x04,0x00,0xf8,0x03,0xf8,0x03,0x64,0x01,0x04,0x00,
	0xf8,0x03,0xf8,0x03,0x64,0x01,0x04,0x00,0xf8,0x03,0xf8,0x03,
	0x64,0x01,0x04,0x00,0xf8,0x03,0xf8,0x03,0x64,0x01,0x04,0x00,
	0x34,0x04,0x20,0x04,0x64,0x01,0x04,0x00,0x0c,0x04,0xf8,0x03,
	0x64,0x01,0x04,0x00,0x3e,0x04,0x2a,0x04,0x64,0x01,0x04,0x00,
	0x16,0x04,0x02,0x04,0x64,0x01,0x04,0x00,0xf8,0x03,0xf8,0x03,
	0x64,0x01,0x04,0x00,0xf8,0x03,0xf8,0x03,0x64,0x01,0x04,0x00,
	0xf8,0x03,0xf8,0x03,0x64,0x01,0x04,0x00,0xf8,0x03,0xf8,0x03,
	0x64,0x01,0x04,0x00,0x34,0x04,0x20,0x04,0x64,0x01,0x04,0x00,
	0x0c,0x04,0xf8,0x03,0x64,0x01,0x04,0x00,0x3e,0x04,0x2a,0x04,
	0x64,0x01,0x04,0x00,0x16,0x04,0x02,0x04,0x64,0x01,0x04,0x00,
	0x48,0x04,0x48,0x04,0x64,0x01,0x04,0x00,0x48,0x04,0x48,0x04,
	0x64,0x01,0x04,0x00,0x53,0x04,0x48,0x04,0x64,0x01,0x04,0x00,
	0x48,0x04,0x5e,0x04,0x64,0x01,0x04,0x00,0x48,0x04,0x48,0x04,
	0x64,0x01,0x04,0x00,0x48,0x04,0x48,0x04,0x64,0x01,0x04,0x00,
	0x48,0x04,0x48,0x04,0x64,0x01,0x04,0x00,0x69,0x04,0x48,0x04,
	0x64,0x01,0x04,0x00,0x48,0x04,0x48,0x04,0x64,0x01,0x04,0x00,
	0x48,0x04,0x48,0x04,0x64,0x01,0x04,0x00,0x53,0x04,0x48,0x04,
	0x64,0x01,0x04,0x00,0x48,0x04,0x5e,0x04,0x64,0x01,0x04,0x00,
	0x48,0x04,0x48,0x04,0x64,0x01,0x04,0x00,0x48,0x04,0x48,0x04,
	0x64,0x01,0x04,0x00,0x48,0x04,0x48,0x04,0x64,0x01,0x04,0x00,
	0x69,0x04,0x48,0x04,0x64,0x01,0x04,0x00,0x00,0x00,0x1f,0x00,
	0x64,0x01,0x04,0x00,0xff,0x03,0x1f,0x00,0x64,0x01,0x04,0x00,
	0x02,0x00,0x00,0x00,0x64,0x01,0x04,0x00,0x02,0x00,0x00,0x00,
	0x60,0x01,0x04,0x00,0x98,0x00,0x01,0x03,0x64,0x01,0x04,0x00,
	0x00,0x00,0x1f,0x00,0x64,0x01,0x04,0x00,0xff,0x03,0x1f,0x00,
	0x64,0x01,0x04,0x00,0x01,0x00,0x00,0x00,0x64,0x01,0x04,0x00,
	0x01,0x00,0x00,0x00,0x60,0x01,0x04,0x00,0xa0,0x00,0x01,0x03,
	0x64,0x01,0x04,0x00,0x00,0x00,0x1f,0x00,0x64,0x01,0x04,0x00,
	0xff,0x03,0x1f,0x00,0x64,0x01,0x04,0x00,0x01,0x00,0x00,0x00,
	0x64,0x01,0x04,0x00,0x01,0x00,0x00,0x00,0x60,0x01,0x04,0x00,
	0xa8,0x00,0x01,0x03,0x64,0x01,0x04,0x00,0x00,0x00,0x1f,0x00,
	0x64,0x01,0x04,0x00,0xff,0x03,0x1f,0x00,0x64,0x01,0x04,0x00,
	0x01,0x00,0x00,0x00,0x64,0x01,0x04,0x00,0x01,0x00,0x00,0x00,
	0x60,0x01,0x04,0x00,0xc0,0x00,0x01,0x03,0x64,0x01,0x04,0x00,
	0x37,0x24,0x37,0x24,0x64,0x01,0x04,0x00,0x37,0x24,0x37,0x24,
	0x60,0x01,0x04,0x00,0x93,0x01,0x01,0x03,0x64,0x01,0x04,0x00,
	0x0f,0x00,0x00,0x00,0x60,0x01,0x04,0x00,0xa0,0x01,0x01,0x03,
	0x64,0x01,0x04,0x00,0xff,0xff,0xff,0xff,0x64,0x01,0x04,0x00,
	0xff,0xff,0xff,0xff,0x64,0x01,0x04,0x00,0xff,0xff,0xff,0xff,
	0x64,0x01,0x04,0x00,0xff,0xff,0xff,0xff,0x64,0x01,0x04,0x00,
	0xff,0xff,0xff,0xff,0x64,0x01,0x04,0x00,0xff,0xff,0xff,0xff,
	0x64,0x01,0x04,0x00,0xff,0xff,0xff,0xff,0x64,0x01,0x04,0x00,
	0xff,0xff,0xff,0xff,0x60,0x01,0x04,0x00,0xc5,0x01,0x01,0x03,
	0x64,0x01,0x04,0x00,0x80,0x02,0x00,0x00,0x64,0x01,0x04,0x00,
	0x00,0x00,0xc0,0x0d,0x64,0x01,0x04,0x00,0x40,0x01,0x00,0x00,
	0x64,0x01,0x04,0x00,0x05,0x00,0x40,0x10,0x64,0x01,0x04,0x00,
	0xc0,0x03,0x40,0x06,0x64,0x01,0x04,0x00,0x40,0x01,0x00,0x00,
	0x64,0x01,0x04,0x00,0x00,0x00,0xc0,0x12,0x64,0x01,0x04,0x00,
	0x50,0x00,0x00,0x00,0x64,0x01,0x04,0x00,0x0a,0x00,0xc0,0x0d,
	0x64,0x01,0x04,0x00,0x40,0x01,0x40,0x01,0x64,0x01,0x04,0x00,
	0x60,0x04,0x00,0x00,0x64,0x01,0x04,0x00,0x00,0x00,0x00,0x0f,
	0x64,0x01,0x04,0x00,0xe0,0x01,0x00,0x00,0x64,0x01,0x04,0x00,
	0x07,0x00,0x60,0x0e,0x64,0x01,0x04,0x00,0xa0,0x00,0x80,0x02,
	0x64,0x01,0x04,0x00,0x80,0x0c,0x00,0x00,0x64,0x01,0x04,0x00,
	0x00,0x00,0xa0,0x0e,0x64,0x01,0x04,0x00,0x20,0x04,0x00,0x00,
	0x64,0x01,0x04,0x00,0x08,0x00,0x00,0x0f,0x64,0x01,0x04,0x00,
	0x80,0x02,0x40,0x01,0x60,0x01,0x04,0x00,0xfc,0x01,0x01,0x03,
	0x64,0x01,0x04,0x00,0x20,0x00,0xcb,0x01,0x64,0x01,0x04,0x00,
	0x00,0x00,0x54,0x00,0x64,0x01,0x04,0x00,0x00,0x00,0xab,0x08,
	0x64,0x01,0x04,0x00,0x00,0x00,0x10,0x04,0x64,0x01,0x04,0x00,
	0x84,0x00,0x0a,0x00,0x64,0x01,0x04,0x00,0x14,0x00,0xcf,0x01,
	0x64,0x01,0x04,0x00,0x02,0x00,0x44,0x00,0x64,0x01,0x04,0x00,
	0x00,0x00,0xaf,0x08,0x64,0x01,0x04,0x00,0x02,0x00,0x10,0x04,
	0x64,0x01,0x04,0x00,0x64,0x00,0x0a,0x02,0x64,0x01,0x04,0x00,
	0x10,0x00,0xca,0x01,0x64,0x01,0x04,0x00,0x02,0x00,0x3c,0x00,
	0x64,0x01,0x04,0x00,0x00,0x00,0xaa,0x08,0x64,0x01,0x04,0x00,
	0x02,0x00,0x10,0x04,0x64,0x01,0x04,0x00,0x54,0x00,0x0a,0x08,
	0x64,0x01,0x04,0x00,0x08,0x00,0xce,0x01,0x64,0x01,0x04,0x00,
	0x00,0x00,0x34,0x00,0x64,0x01,0x04,0x00,0x00,0x00,0xae,0x08,
	0x64,0x01,0x04,0x00,0x00,0x00,0x10,0x04,0x64,0x01,0x04,0x00,
	0x44,0x00,0x0a,0x0a,0x64,0x01,0x04,0x00,0x08,0x00,0xc9,0x01,
	0x64,0x01,0x04,0x00,0x02,0x00,0x30,0x00,0x64,0x01,0x04,0x00,
	0x00,0x00,0xa9,0x08,0x64,0x01,0x04,0x00,0x02,0x00,0x10,0x04,
	0x64,0x01,0x04,0x00,0x3c,0x00,0x0a,0x10,0x64,0x01,0x04,0x00,
	0x04,0x00,0xcd,0x01,0x64,0x01,0x04,0x00,0x00,0x00,0x2c,0x00,
	0x64,0x01,0x04,0x00,0x00,0x00,0xad,0x08,0x64,0x01,0x04,0x00,
	0x00,0x00,0x10,0x04,0x64,0x01,0x04,0x00,0x34,0x00,0x0a,0x12,
	0x64,0x01,0x04,0x00,0x04,0x00,0xc8,0x01,0x64,0x01,0x04,0x00,
	0x00,0x00,0x2c,0x00,0x64,0x01,0x04,0x00,0x00,0x00,0xa8,0x08,
	0x64,0x01,0x04,0x00,0x00,0x00,0x10,0x04,0x64,0x01,0x04,0x00,
	0x30,0x00,0x0a,0x19,0x64,0x01,0x04,0x00,0x00,0x00,0xcc,0x01,
	0x64,0x01,0x04,0x00,0x02,0x00,0x2c,0x00,0x64,0x01,0x04,0x00,
	0x00,0x00,0xac,0x08,0x64,0x01,0x04,0x00,0x02,0x00,0x10,0x04,
	0x64,0x01,0x04,0x00,0x30,0x00,0x0a,0x1a,0x64,0x01,0x04,0x00,
	0xc0,0x00,0x0a,0x04,0x64,0x01,0x04,0x00,0x70,0x00,0x00,0x00,
	0x64,0x01,0x04,0x00,0x3a,0x01,0x0a,0x04,0x64,0x01,0x04,0x00,
	0x28,0x02,0x2c,0xc0,0x64,0x01,0x04,0x00,0xf2,0x02,0x0a,0x04,
	0x64,0x01,0x04,0x00,0x00,0x01,0x60,0x00,0x64,0x01,0x04,0x00,
	0x14,0x04,0x38,0x00,0x64,0x01,0x04,0x00,0x00,0x00,0x02,0x01,
	0x64,0x01,0x04,0x00,0x14,0x04,0x14,0x01,0x64,0x01,0x04,0x00,
	0x2c,0xc0,0xde,0x01,0x64,0x01,0x04,0x00,0x14,0x04,0x80,0x00,
	0x64,0x01,0x04,0x00,0x22,0x00,0x37,0x04,0x64,0x01,0x04,0x00,
	0x15,0x00,0x00,0x00,0x64,0x01,0x04,0x00,0xdf,0x00,0x37,0x04,
	0x64,0x01,0x04,0x00,0x65,0x00,0x2c,0xc0,0x64,0x01,0x04,0x00,
	0x2e,0x01,0x37,0x04,0x64,0x01,0x04,0x00,0x2f,0x00,0x11,0x00,
	0x64,0x01,0x04,0x00,0x6e,0x84,0x0b,0x00,0x64,0x01,0x04,0x00,
	0x00,0x00,0xd4,0x00,0x64,0x01,0x04,0x00,0x6e,0x84,0x33,0x00,
	0x64,0x01,0x04,0x00,0x2c,0xc0,0xfc,0x00,0x64,0x01,0x04,0x00,
	0x6e,0x84,0x18,0x00,0x64,0x01,0x04,0x00,0x0a,0x00,0x8a,0x9d,
	0x64,0x01,0x04,0x00,0xfb,0x00,0x0a,0x08,0x64,0x01,0x04,0x00,
	0xc5,0x4e,0xfa,0x00,0x64,0x01,0x04,0x00,0x0a,0x0a,0x83,0x34,
	0x64,0x01,0x04,0x00,0xfe,0x00,0x0a,0x10,0x64,0x01,0x04,0x00,
	0x62,0x27,0xf9,0x00,0x64,0x01,0x04,0x00,0x0a,0x12,0x42,0x1a,
	0x64,0x01,0x04,0x00,0xfd,0x00,0x0a,0x19,0x64,0x01,0x04,0x00,
	0xb1,0x13,0xf8,0x00,0x64,0x01,0x04,0x00,0x0a,0x1a,0x81,0x11,
	0x64,0x01,0x04,0x00,0xfc,0x00,0x0a,0x1c,0x64,0x01,0x04,0x00,
	0xc1,0x0f,0xfc,0x00,0x60,0x01,0x04,0x00,0x48,0x03,0x01,0x03,
	0x64,0x01,0x04,0x00,0x07,0x00,0x14,0x00,0x64,0x01,0x04,0x00,
	0x1e,0x00,0x00,0x00,0x60,0x01,0x04,0x00,0x8a,0x03,0x01,0x03,
	0x64,0x01,0x04,0x00,0x07,0x02,0x00,0x00,0x60,0x01,0x04,0x00,
	0x92,0x03,0x01,0x03,0x64,0x01,0x04,0x00,0x00,0x00,0x01,0x00,
	0x60,0x01,0x04,0x00,0x94,0x03,0x01,0x03,0x64,0x01,0x04,0x00,
	0x00,0x00,0x0c,0x00,0x60,0x01,0x04,0x00,0x9a,0x03,0x01,0x03,
	0x64,0x01,0x04,0x00,0x00,0x00,0x00,0x24,0x60,0x01,0x04,0x00,
	0xb1,0x04,0x01,0x03,0x64,0x01,0x04,0x00,0x35,0x00,0x30,0xeb,
	0x64,0x01,0x04,0x00,0x24,0xeb,0x44,0x44,0x64,0x01,0x04,0x00,
	0x00,0x00,0x20,0x40,0x64,0x01,0x04,0x00,0x20,0x00,0x08,0x10,
	0x64,0x01,0x04,0x00,0x08,0x00,0x5e,0xde,0x64,0x01,0x04,0x00,
	0x32,0xe8,0x31,0xe3,0x64,0x01,0x04,0x00,0x26,0x4d,0x26,0x00,
	0x64,0x01,0x04,0x00,0x20,0x14,0x20,0x00,0x64,0x01,0x04,0x00,
	0x08,0xfe,0x08,0x00,0x60,0x01,0x04,0x00,0xbb,0x04,0x01,0x03,
	0x64,0x01,0x04,0x00,0x00,0x00,0x18,0x00,0x60,0x01,0x04,0x00,
	0xbd,0x04,0x01,0x03,0x64,0x01,0x04,0x00,0xb8,0x0b,0x98,0x3a,
	0x64,0x01,0x04,0x00,0xa6,0x0e,0x64,0x00,0x64,0x01,0x04,0x00,
	0x00,0x00,0xf4,0x01,0x64,0x01,0x04,0x00,0x41,0x00,0x00,0x00,
	0x64,0x01,0x04,0x00,0xa8,0x61,0xa8,0x61,0x64,0x01,0x04,0x00,
	0x30,0x75,0x1e,0x00,0x60,0x01,0x04,0x00,0xc5,0x04,0x01,0x03,
	0x64,0x01,0x04,0x00,0x50,0xc3,0x00,0x00,0x60,0x01,0x04,0x00,
	0xc7,0x04,0x01,0x03,0x64,0x01,0x04,0x00,0x00,0x00,0x14,0x05,
	0x64,0x01,0x04,0x00,0x08,0x20,0x00,0x00,0x60,0x01,0x04,0x00,
	0xcb,0x04,0x01,0x03,0x64,0x01,0x04,0x00,0x20,0x4e,0x00,0x00,
	0x64,0x01,0x04,0x00,0x00,0x00,0x0f,0x00,0x64,0x01,0x04,0x00,
	0xf4,0x01,0x05,0x00,0x60,0x01,0x04,0x00,0xd1,0x04,0x01,0x03,
	0x64,0x01,0x04,0x00,0x01,0x00,0x13,0x00,0x64,0x01,0x04,0x00,
	0x00,0x00,0x03,0x00,0x64,0x01,0x04,0x00,0x01,0x00,0x07,0x00,
	0x64,0x01,0x04,0x00,0xc8,0xaf,0x00,0x00,0x64,0x01,0x04,0x00,
	0x88,0x13,0x00,0x00,0x64,0x01,0x04,0x00,0x2c,0x17,0x0f,0x00,
	0x60,0x01,0x04,0x00,0xd8,0x04,0x01,0x03,0x64,0x01,0x04,0x00,
	0x00,0x00,0x2c,0x01,0x64,0x01,0x04,0x00,0x00,0x00,0xa0,0x0f,
	0x60,0x01,0x04,0x00,0xdb,0x04,0x01,0x03,0x64,0x01,0x04,0x00,
	0x00,0x00,0x03,0x00,0x64,0x01,0x04,0x00,0x00,0x00,0x2c,0x01,
	0x64,0x01,0x04,0x00,0xc0,0x00,0x00,0x00,0x64,0x01,0x04,0x00,
	0x88,0x13,0x00,0x00,0x64,0x01,0x04,0x00,0x90,0x01,0x00,0x00,
	0x64,0x01,0x04,0x00,0xdc,0x05,0x40,0x1f,0x64,0x01,0x04,0x00,
	0x00,0x00,0x46,0x00,0x64,0x01,0x04,0x00,0x50,0x00,0x00,0x00,
	0x60,0x01,0x04,0x00,0x19,0x05,0x01,0x03,0x64,0x01,0x04,0x00,
	0xbe,0x00,0x00,0x00,0x60,0x01,0x04,0x00,0x33,0x05,0x01,0x03,
	0x64,0x01,0x04,0x00,0x00,0x00,0x10,0x51,0x64,0x01,0x04,0x00,
	0x55,0x55,0x55,0x11,0x64,0x01,0x04,0x00,0x22,0x02,0x22,0x2a,
	0x64,0x01,0x04,0x00,0x22,0x2a,0x20,0x28,0x64,0x01,0x04,0x00,
	0x20,0x28,0x00,0x00,0x64,0x01,0x04,0x00,0x00,0x00,0x00,0x00,
	0x64,0x01,0x04,0x00,0x00,0x00,0x20,0x28,0x64,0x01,0x04,0x00,
	0x20,0x28,0x20,0x28,0x64,0x01,0x04,0x00,0x20,0x28,0x20,0x28,
	0x64,0x01,0x04,0x00,0x20,0x00,0x20,0x28,0x64,0x01,0x04,0x00,
	0x20,0x28,0x20,0x00,0x64,0x01,0x04,0x00,0x02,0x02,0x02,0x02,
	0x64,0x01,0x04,0x00,0x02,0x02,0x02,0x02,0x64,0x01,0x04,0x00,
	0x02,0x00,0x00,0x00,0x60,0x01,0x04,0x00,0x03,0x00,0x02,0x00,
	0x64,0x01,0x04,0x00,0x1f,0x00,0x00,0x00,0x60,0x01,0x04,0x00,
	0x04,0x00,0x02,0x00,0x64,0x01,0x04,0x00,0xff,0x03,0x00,0x00,
	0x60,0x01,0x04,0x00,0x05,0x00,0x02,0x00,0x64,0x01,0x04,0x00,
	0x1f,0x00,0x00,0x00,0x60,0x01,0x04,0x00,0x06,0x00,0x02,0x00,
	0x64,0x01,0x04,0x00,0x07,0x00,0x00,0x00,0x60,0x01,0x04,0x00,
	0x07,0x00,0x02,0x00,0x64,0x01,0x04,0x00,0x04,0x00,0x00,0x00,
	0x60,0x01,0x04,0x00,0x08,0x00,0x02,0x00,0x64,0x01,0x04,0x00,
	0xff,0xff,0x00,0x00,0x60,0x01,0x04,0x00,0x09,0x00,0x02,0x00,
	0x64,0x01,0x04,0x00,0x00,0x00,0x00,0x00,0x60,0x01,0x04,0x00,
	0x0a,0x00,0x02,0x00,0x64,0x01,0x04,0x00,0x00,0x00,0x00,0x00,
	0x60,0x01,0x04,0x00,0x0b,0x00,0x02,0x00,0x64,0x01,0x04,0x00,
	0x00,0x00,0x00,0x00,0x60,0x01,0x04,0x00,0x0c,0x00,0x02,0x00,
	0x64,0x01,0x04,0x00,0x00,0x00,0x00,0x00,0x60,0x01,0x04,0x00,
	0x0d,0x00,0x02,0x00,0x64,0x01,0x04,0x00,0x00,0x00,0x00,0x00,
	0x60,0x01,0x04,0x00,0x0e,0x00,0x02,0x00,0x64,0x01,0x04,0x00,
	0x00,0x00,0x00,0x00,0x60,0x01,0x04,0x00,0x0f,0x00,0x02,0x00,
	0x64,0x01,0x04,0x00,0x00,0x00,0x00,0x00,0x60,0x01,0x04,0x00,
	0x10,0x00,0x02,0x00,0x64,0x01,0x04,0x00,0x1f,0x00,0x00,0x00,
	0x60,0x01,0x04,0x00,0x11,0x00,0x02,0x00,0x64,0x01,0x04,0x00,
	0x00,0x00,0x00,0x00,0x60,0x01,0x04,0x00,0x12,0x00,0x02,0x00,
	0x64,0x01,0x04,0x00,0x00,0x00,0x00,0x00,0x60,0x01,0x04,0x00,
	0x13,0x00,0x02,0x00,0x64,0x01,0x04,0x00,0x00,0x00,0x00,0x00,
	0x60,0x01,0x04,0x00,0x15,0x00,0x02,0x00,0x64,0x01,0x04,0x00,
	0x00,0x00,0x00,0x00,0x60,0x01,0x04,0x00,0x16,0x00,0x02,0x00,
	0x64,0x01,0x04,0x00,0x00,0x00,0x00,0x00,0xff,0xff,0x00,0x00,
	0x00,0x00,0x00,0x00,0x00,0x00,0x00,0x00,0x00,0x00,0x00,0x00,
	0x00,0x00,0x00,0x00,0x00,0x00,0x00,0x00,0x86,0x06,0x02,0x00,
	0xd0,0x09,0x00,0x00,0x80,0x06,0x02,0x00,0x3e,0x3e,0x00,0x00,
	0x82,0x06,0x02,0x00,0x3e,0x02,0x00,0x00,0x00,0x07,0x02,0x00,
	0x3c,0x00,0x00,0x00,0x84,0x06,0x02,0x00,0x12,0x02,0x00,0x00,
	0x60,0x01,0x04,0x00,0x03,0x00,0x01,0x00,0x64,0x01,0x02,0x00,
	0xc0,0x00,0x00,0x00,0x60,0x01,0x04,0x00,0x03,0x00,0x01,0x00,
	0x66,0x01,0x02,0x00,0x0a,0x00,0x00,0x00,0x60,0x01,0x04,0x00,
	0x04,0x00,0x01,0x00,0x64,0x01,0x02,0x00,0x14,0x00,0x00,0x00,
	0x60,0x01,0x04,0x00,0x07,0x00,0x01,0x00,0x64,0x01,0x02,0x00,
	0x83,0x01,0x00,0x00,0x60,0x01,0x04,0x00,0x25,0x00,0x01,0x00,
	0x64,0x01,0x02,0x00,0xf4,0x01,0x00,0x00,0x60,0x01,0x04,0x00,
	0x1a,0x05,0x01,0x00,0x66,0x01,0x02,0x00,0xa0,0x00,0x00,0x00,
	0x60,0x01,0x04,0x00,0x1b,0x05,0x01,0x00,0x64,0x01,0x02,0x00,
	0x20,0x00,0x00,0x00,0x60,0x01,0x04,0x00,0xfe,0x01,0x01,0x00,
	0x64,0x01,0x02,0x00,0x3c,0x00,0x00,0x00,0x60,0x01,0x04,0x00,
	0x03,0x02,0x01,0x00,0x64,0x01,0x02,0x00,0x34,0x00,0x00,0x00,
	0x60,0x01,0x04,0x00,0x08,0x02,0x01,0x00,0x64,0x01,0x02,0x00,
	0x30,0x00,0x00,0x00,0x60,0x01,0x04,0x00,0x0d,0x02,0x01,0x00,
	0x64,0x01,0x02,0x00,0x2c,0x00,0x00,0x00,0x60,0x01,0x04,0x00,
	0x12,0x02,0x01,0x00,0x64,0x01,0x02,0x00,0x2c,0x00,0x00,0x00,
	0x60,0x01,0x04,0x00,0x17,0x02,0x01,0x00,0x64,0x01,0x02,0x00,
	0x28,0x00,0x00,0x00,0x60,0x01,0x04,0x00,0x1c,0x02,0x01,0x00,
	0x64,0x01,0x02,0x00,0x28,0x00,0x00,0x00,0x60,0x01,0x04,0x00,
	0x21,0x02,0x01,0x00,0x64,0x01,0x02,0x00,0x28,0x00,0x00,0x00,
	0xff,0xff,0x00,0x00,0x00,0x00,0x00,0x00,0x86,0x06,0x02,0x00,
	0xe0,0x01,0x00,0x00,0x80,0x06,0x02,0x00,0x70,0x50,0x00,0x00,
	0x82,0x06,0x02,0x00,0x50,0x02,0x00,0x00,0x00,0x07,0x02,0x00,
	0x4e,0x00,0x00,0x00,0x84,0x06,0x02,0x00,0x07,0x02,0x00,0x00,
	0x60,0x01,0x04,0x00,0x03,0x00,0x01,0x00,0x64,0x01,0x02,0x00,
	0x14,0x00,0x00,0x00,0x60,0x01,0x04,0x00,0x03,0x00,0x01,0x00,
	0x66,0x01,0x02,0x00,0x10,0x00,0x00,0x00,0x60,0x01,0x04,0x00,
	0x04,0x00,0x01,0x00,0x64,0x01,0x02,0x00,0x09,0x00,0x00,0x00,
	0x60,0x01,0x04,0x00,0x07,0x00,0x01,0x00,0x64,0x01,0x02,0x00,
	0x38,0x00,0x00,0x00,0x60,0x01,0x04,0x00,0x25,0x00,0x01,0x00,
	0x64,0x01,0x02,0x00,0x40,0x06,0x00,0x00,0x60,0x01,0x04,0x00,
	0x1a,0x05,0x01,0x00,0x66,0x01,0x02,0x00,0x2b,0x00,0x00,0x00,
	0x60,0x01,0x04,0x00,0x1b,0x05,0x01,0x00,0x64,0x01,0x02,0x00,
	0x00,0x01,0x00,0x00,0x60,0x01,0x04,0x00,0xfe,0x01,0x01,0x00,
	0x64,0x01,0x02,0x00,0x3c,0x00,0x00,0x00,0x60,0x01,0x04,0x00,
	0x03,0x02,0x01,0x00,0x64,0x01,0x02,0x00,0x34,0x00,0x00,0x00,
	0x60,0x01,0x04,0x00,0x08,0x02,0x01,0x00,0x64,0x01,0x02,0x00,
	0x30,0x00,0x00,0x00,0x60,0x01,0x04,0x00,0x0d,0x02,0x01,0x00,
	0x64,0x01,0x02,0x00,0x2c,0x00,0x00,0x00,0x60,0x01,0x04,0x00,
	0x12,0x02,0x01,0x00,0x64,0x01,0x02,0x00,0x2c,0x00,0x00,0x00,
	0x60,0x01,0x04,0x00,0x17,0x02,0x01,0x00,0x64,0x01,0x02,0x00,
	0x28,0x00,0x00,0x00,0x60,0x01,0x04,0x00,0x1c,0x02,0x01,0x00,
	0x64,0x01,0x02,0x00,0x28,0x00,0x00,0x00,0x60,0x01,0x04,0x00,
	0x21,0x02,0x01,0x00,0x64,0x01,0x02,0x00,0x28,0x00,0x00,0x00,
	0xff,0xff,0x00,0x00,0x00,0x00,0x00,0x00,0x4e,0x10,0x00,0x03,
	0x60,0xbc,0x01,0x00,0xc9,0x0c,0xf0,0x02,0xde,0xbf,0x03,0x00,
	0x15,0x00,0xf0,0x02,0x5e,0xa8,0x03,0x00,0x15,0x00,0xf0,0x02,
	0x5e,0xa6,0x03,0x00,0x15,0x00,0x00,0xc7,0x1a,0x90,0x02,0x00,
	0x15,0x00,0x00,0x53,0x5e,0x82,0x02,0x00,0x15,0x00,0x00,0xaf,
	0x5e,0x85,0x02,0x00,0x15,0x00,0xf0,0x02,0x5e,0xa3,0x03,0x00,
	0x15,0x00,0x00,0x1f,0xc2,0x83,0x02,0x00,0x15,0x00,0x00,0x37,
	0xc0,0x86,0x02,0x00,0x11,0x00,0x00,0xbf,0x00,0x02,0x02,0x00,
	0x15,0x00,0xf0,0x02,0x5e,0xa8,0x03,0x00,0x15,0x00,0x00,0xbb,
	0xde,0x82,0x02,0x00,0x15,0x00,0x00,0xb3,0xde,0x82,0x02,0x00,
	0x15,0x00,0x00,0xb7,0x5e,0x83,0x02,0x00,0x15,0x00,0x00,0xb3,
	0x5e,0x84,0x02,0x00,0x15,0x00,0x00,0xc7,0x00,0x86,0x02,0x00,
	0x15,0x00,0x00,0xb3,0xde,0x88,0x02,0x00,0x15,0x00,0x00,0xc3,
	0x80,0x84,0x02,0x00,0x40,0xf0,0x1f,0xff,0x63,0xbc,0x01,0x00,
	0x00,0x00,0xf0,0x02,0xde,0x00,0x00,0x00,0x00,0x00,0xf0,0x02,
	0x5e,0x01,0x00,0x00,0xc5,0x11,0xf0,0x02,0x5e,0x02,0x00,0x00,
	0xf1,0x11,0xf0,0x02,0x5e,0x02,0x00,0x00,0x80,0x00,0x00,0xbf,
	0x00,0x02,0x02,0x00,0x1d,0x00,0x00,0xff,0x5e,0x04,0x02,0x00,
	0x1d,0xc0,0x39,0x65,0x44,0x6b,0x00,0x00,0xbf,0xf7,0xf7,0x02,
	0x60,0x84,0x01,0x00,0xc0,0x09,0x00,0x03,0x60,0xbc,0x01,0x00,
	0x14,0x10,0xf0,0x02,0x5e,0x02,0x00,0x00,0x22,0x00,0x00,0xff,
	0xde,0x02,0x02,0x00,0x22,0x60,0x38,0x65,0x44,0x6b,0x00,0x00,
	0xbf,0xf7,0xf7,0x02,0xe0,0x82,0x01,0x00,0x0f,0x06,0xf0,0x02,
	0xde,0xbf,0x03,0x00,0x27,0x00,0x00,0xb7,0x27,0x68,0x00,0x00,
	0x80,0x00,0x00,0xff,0xde,0x80,0x02,0x00,0x80,0xa0,0x3d,0x65,
	0x44,0x6b,0x00,0x00,0xab,0x77,0xf5,0x06,0xe0,0x84,0x01,0x00,
	0x90,0x11,0xf0,0x02,0x5e,0x02,0x00,0x00,0x29,0x00,0x00,0xc7,
	0x80,0x04,0x02,0x00,0x2c,0x00,0x00,0xc7,0x80,0x81,0x02,0x00,
	0xbf,0xf7,0xf7,0x02,0xe0,0x81,0x01,0x00,0xbf,0xf7,0xf7,0x02,
	0x60,0x80,0x01,0x00,0xf4,0x09,0x00,0x03,0x60,0xbc,0x01,0x00,
	0x37,0x00,0x00,0x4f,0x27,0x68,0x00,0x00,0xa1,0x77,0x3a,0x65,
	0x44,0xe8,0x00,0x00,0x33,0x80,0x39,0x85,0xde,0x6d,0x00,0x00,
	0x37,0x00,0x00,0x8b,0x27,0x68,0x00,0x00,0xa1,0x57,0x3c,0x65,
	0x44,0xe8,0x00,0x00,0x35,0x80,0x39,0x85,0xde,0x6d,0x00,0x00,
	0x37,0x00,0xf0,0x02,0xde,0xbf,0x03,0x00,0xd4,0x09,0x00,0x03,
	0x60,0xbc,0x01,0x00,0xd3,0x09,0x00,0x03,0x60,0xbc,0x01,0x00,
	0xe2,0x09,0x00,0x03,0x60,0xbc,0x01,0x00,0xda,0x09,0x00,0x03,
	0x60,0xbc,0x01,0x00,0x3a,0x00,0x00,0xb3,0xde,0x02,0x02,0x00,
	0x3a,0x00,0x00,0x03,0x42,0x00,0x02,0x00,0xb9,0x0b,0xf0,0x02,
	0x5e,0x02,0x00,0x00,0x80,0x00,0x00,0xb3,0x5e,0x84,0x02,0x00,
	0x80,0x00,0x00,0x57,0xa7,0x68,0x00,0x00,0x3e,0x00,0x00,0xb7,
	0xde,0x83,0x02,0x00,0x59,0x00,0x00,0xc7,0x80,0x04,0x02,0x00,
	0xa2,0x17,0x00,0x13,0x27,0xb0,0x00,0x00,0x45,0x00,0x00,0x3b,
	0x28,0x80,0x02,0x00,0xa1,0x17,0x00,0x6b,0x27,0xb0,0x00,0x00,
	0x73,0x20,0x3f,0x85,0xde,0x6d,0x00,0x00,0x45,0x00,0x00,0x87,
	0x5e,0x68,0x00,0x00,0x45,0x00,0x00,0x4f,0x28,0x68,0x00,0x00,
	0xa2,0x17,0x00,0x4f,0x28,0xb0,0x00,0x00,0x4a,0x00,0x00,0x53,
	0x27,0x68,0x00,0x00,0xa1,0x97,0x3a,0x65,0x44,0xe8,0x00,0x00,
	0x73,0x40,0xf4,0x86,0xde,0x6d,0x00,0x00,0xa1,0x37,0x38,0x85,
	0x5e,0xe0,0x00,0x00,0x73,0x40,0xf4,0x86,0xde,0x6d,0x00,0x00,
	0x59,0x00,0x00,0xbb,0xde,0x02,0x02,0x00,0x59,0x00,0x00,0x03,
	0x27,0x68,0x00,0x00,0xa1,0x17,0x39,0x65,0x44,0xe8,0x00,0x00,
	0xa2,0x57,0x01,0x03,0x27,0xe0,0x00,0x00,0x53,0x40,0xf4,0x86,
	0xde,0x6e,0x00,0x00,0xae,0xd7,0xf5,0x02,0xe0,0x82,0x01,0x00,
	0x04,0x0a,0x00,0x03,0x60,0xbc,0x01,0x00,0xc0,0x09,0x00,0x03,
	0x60,0xbc,0x01,0x00,0x59,0x00,0xf0,0x02,0xde,0xbf,0x03,0x00,
	0xa1,0x37,0xf4,0x02,0x27,0xe8,0x00,0x00,0xa2,0x37,0x00,0x03,
	0x27,0x90,0x00,0x00,0x57,0x40,0xf4,0x06,0x27,0x6e,0x00,0x00,
	0xa2,0x17,0x00,0x07,0x27,0xb0,0x00,0x00,0x59,0x40,0xf4,0x86,
	0xde,0x69,0x00,0x00,0x73,0x00,0xf0,0x02,0xde,0xbf,0x03,0x00,
	0x6d,0x00,0x00,0xb7,0xde,0x83,0x02,0x00,0x80,0x00,0x00,0xb7,
	0x5e,0x03,0x02,0x00,0x5d,0x00,0x00,0xc7,0x80,0x04,0x02,0x00,
	0x6b,0x00,0x00,0xff,0x5e,0x00,0x02,0x00,0x6b,0x00,0x00,0xbf,
	0x80,0x80,0x02,0x00,0x63,0x00,0x00,0xb7,0xde,0x04,0x02,0x00,
	0x6b,0x60,0x00,0x5f,0xa7,0x68,0x00,0x00,0xa1,0x17,0x39,0x65,
	0x44,0xe8,0x00,0x00,0x80,0x20,0x3a,0x85,0x5e,0x6d,0x00,0x00,
	0x6b,0x00,0xf0,0x02,0xde,0xbf,0x03,0x00,0x65,0x00,0x00,0xc7,
	0x00,0x86,0x02,0x00,0x6b,0x00,0x00,0x53,0x27,0x68,0x00,0x00,
	0xa1,0x77,0x39,0x65,0x44,0xe8,0x00,0x00,0xa2,0x37,0x3e,0x89,
	0x45,0xe8,0x00,0x00,0xa1,0x57,0xf4,0x86,0x5e,0xe8,0x00,0x00,
	0x6b,0x40,0x3a,0x85,0xde,0x69,0x00,0x00,0x80,0xa0,0x39,0x65,
	0xc4,0x6c,0x00,0x00,0x80,0x00,0x00,0xb7,0x5e,0x84,0x02,0x00,
	0xa4,0x11,0xf0,0x02,0x5e,0x02,0x00,0x00,0x80,0x00,0xf0,0x02,
	0xde,0xbf,0x03,0x00,0x73,0x00,0x00,0x73,0xc5,0x03,0x02,0x00,
	0x73,0x00,0x00,0xb7,0x5e,0x84,0x02,0x00,0x80,0x00,0x00,0xc7,
	0x00,0x01,0x02,0x00,0x80,0xc0,0x39,0x65,0x44,0x6b,0x00,0x00,
	0x80,0x60,0x14,0xfe,0xe3,0x20,0x00,0x00,0x80,0x00,0x00,0xbb,
	0xde,0x82,0x02,0x00,0x80,0x00,0x00,0xab,0x01,0x81,0x02,0x00,
	0x80,0x00,0x00,0xab,0x81,0x80,0x02,0x00,0x80,0x00,0x00,0xb3,
	0xde,0x82,0x02,0x00,0x80,0x00,0x00,0xbf,0x80,0x80,0x02,0x00,
	0x80,0x00,0x00,0xaf,0xde,0x84,0x02,0x00,0x80,0x00,0x00,0xbb,
	0x5e,0x82,0x02,0x00,0x7c,0x00,0xf0,0x02,0xde,0xa0,0x03,0x00,
	0x7c,0x00,0x00,0x03,0x42,0x00,0x02,0x00,0xb9,0x0b,0xf0,0x02,
	0x5e,0x02,0x00,0x00,0xad,0xb7,0xf5,0x02,0x60,0x83,0x01,0x00,
	0xab,0x77,0xf5,0x06,0xe0,0x84,0x01,0x00,0xd5,0x09,0x00,0x03,
	0x60,0xbc,0x01,0x00,0xd6,0x09,0x00,0x67,0x44,0xb0,0x00,0x00,
	0x6c,0x90,0x0d,0x02,0x60,0x80,0x01,0x00,0x82,0x00,0xf0,0x02,
	0x5e,0x59,0x03,0x00,0x83,0x00,0xf0,0x02,0x5e,0xd8,0x03,0x00,
	0x84,0x00,0xf0,0x02,0xde,0xd8,0x03,0x00,0x87,0x00,0x00,0xbf,
	0x00,0x04,0x02,0x00,0x87,0x00,0x00,0x23,0x45,0x01,0x02,0x00,
	0x15,0x11,0x00,0x03,0x60,0xbc,0x01,0x00,0x8a,0x00,0x00,0x23,
	0x45,0x01,0x02,0x00,0x8e,0x00,0x00,0x1f,0x42,0x00,0x02,0x00,
	0x4a,0x0e,0xf0,0x02,0x5e,0x02,0x00,0x00,0x8e,0x00,0x00,0xb3,
	0xde,0x01,0x02,0x00,0x8f,0x60,0xe4,0x64,0x44,0x6b,0x00,0x00,
	0x8e,0x00,0x00,0x23,0xc5,0x85,0x02,0x00,0x10,0x0e,0xf0,0x02,
	0x5e,0x02,0x00,0x00,0xac,0x97,0xf5,0x02,0xe0,0x89,0x01,0x00,
	0x91,0x00,0x00,0x23,0xc5,0x01,0x02,0x00,0xac,0x97,0xf5,0x02,
	0xe0,0x88,0x01,0x00,0x29,0x11,0x00,0x83,0x61,0xbc,0x01,0x00,
	0x2b,0x11,0x00,0x7b,0x00,0xb0,0x00,0x00,0x23,0x11,0x00,0x03,
	0x63,0xbc,0x01,0x00,0x3f,0x0b,0xf0,0x02,0x5e,0x12,0x03,0x00,
	0xca,0x0b,0xf0,0x02,0x5e,0x97,0x03,0x00,0x39,0x03,0xf0,0x02,
	0x5e,0xd0,0x03,0x00,0x73,0x05,0xf0,0x02,0xde,0xd0,0x03,0x00,
	0x07,0x0b,0xf0,0x02,0xde,0xd5,0x03,0x00,0xdc,0x05,0xf0,0x02,
	0x5e,0x91,0x03,0x00,0x02,0x0b,0xf0,0x02,0xde,0x96,0x03,0x00,
	0x38,0x0e,0xf0,0x02,0x5e,0x02,0x00,0x00,0xcf,0x00,0x00,0x73,
	0xc1,0x88,0x02,0x00,0x71,0x07,0xf0,0x02,0x5e,0xc4,0x03,0x00,
	0xa5,0x07,0xf0,0x02,0x5e,0xc7,0x03,0x00,0x34,0x12,0xf0,0x02,
	0xde,0xdc,0x03,0x00,0xed,0x07,0xf0,0x02,0x5e,0xaa,0x03,0x00,
	0x38,0x0b,0xf0,0x02,0xde,0x86,0x03,0x00,0x38,0x0b,0x00,0x37,
	0xc0,0x87,0x02,0x00,0x26,0x09,0xf0,0x02,0x5e,0x83,0x03,0x00,
	0x70,0x06,0xf0,0x02,0xde,0x91,0x03,0x00,0x8e,0x0b,0xf0,0x02,
	0xde,0xc2,0x03,0x00,0x13,0x10,0xf0,0x02,0x5e,0x02,0x00,0x00,
	0xc5,0x11,0xf0,0x02,0x5e,0x02,0x00,0x00,0x57,0x13,0xf0,0x02,
	0x5e,0x02,0x00,0x00,0xfc,0x06,0xf0,0x02,0xde,0xd4,0x03,0x00,
	0xad,0x00,0xf0,0x02,0xde,0x23,0x03,0x00,0xac,0x00,0xf0,0x02,
	0x5e,0xdb,0x03,0x00,0x02,0x00,0xf0,0x02,0xde,0xbf,0x03,0x00,
	0xf2,0x0e,0xf0,0x02,0x5e,0x02,0x00,0x00,0x2f,0x0f,0xf0,0x02,
	0x5e,0x02,0x00,0x00,0xb1,0x00,0x00,0xd7,0x29,0x18,0x02,0x00,
	0x42,0x0f,0xf0,0x02,0x5e,0x02,0x00,0x00,0xcc,0x00,0xf0,0x02,
	0x5e,0xa2,0x03,0x00,0xc9,0x00,0xf0,0x02,0x5e,0x56,0x03,0x00,
	0x48,0x10,0x09,0x06,0x60,0x86,0x01,0x00,0xb8,0x00,0xf0,0x02,
	0x5e,0x1f,0x03,0x00,0xb7,0x00,0x00,0x23,0x5e,0x6a,0x00,0x00,
	0x88,0x17,0x00,0x27,0x00,0xb0,0x00,0x00,0x88,0x37,0x00,0x23,
	0x5e,0xe8,0x00,0x00,0xc9,0x00,0x00,0xbf,0x00,0x01,0x02,0x00,
	0x48,0x10,0x09,0x02,0x60,0x86,0x01,0x00,0xbb,0x00,0xf0,0x02,
	0x5e,0xc6,0x03,0x00,0x23,0xe3,0x1f,0xff,0x63,0xbc,0x01,0x00,
	0x8f,0x17,0x00,0x9b,0x0c,0xb0,0x00,0x00,0xc0,0x00,0x00,0xf3,
	0x00,0x01,0x02,0x00,0x26,0x23,0x00,0x9b,0x0c,0xe0,0x00,0x00,
	0x26,0xe3,0x01,0x9b,0x0c,0xa0,0x00,0x00,0xac,0x97,0xf5,0x06,
	0xe0,0x86,0x01,0x00,0x26,0x71,0x00,0xa7,0x0c,0x88,0x00,0x00,
	0x28,0xb1,0x01,0xa7,0x0c,0x90,0x00,0x00,0x24,0x11,0x00,0x03,
	0x63,0xbc,0x01,0x00,0xc7,0x00,0x00,0x23,0x5e,0x68,0x00,0x00,
	0x42,0x90,0x00,0x03,0x60,0xbc,0x01,0x00,0xc9,0x00,0xf0,0x02,
	0xde,0xbf,0x03,0x00,0x48,0x10,0x09,0x02,0x60,0x85,0x01,0x00,
	0x43,0x10,0x01,0x03,0x60,0xbc,0x01,0x00,0x30,0x01,0xf0,0x02,
	0x5e,0xa6,0x03,0x00,0xd5,0x0f,0xf0,0x02,0x5e,0x02,0x00,0x00,
	0x5f,0xe1,0x08,0x0e,0x60,0x28,0x00,0x00,0xf1,0x0b,0xf0,0x02,
	0xde,0xc4,0x03,0x00,0x70,0x21,0x00,0x03,0xc2,0x20,0x00,0x00,
	0xbd,0x01,0xf0,0x02,0xde,0xbf,0x03,0x00,0xd1,0x00,0xf0,0x02,
	0x5e,0x81,0x03,0x00,0x9d,0x00,0xf0,0x02,0xde,0x00,0x03,0x00,
	0x5c,0x90,0x0b,0x02,0xe0,0x88,0x01,0x00,0x31,0x03,0xf0,0x02,
	0xde,0xbf,0x03,0x00,0xd3,0x00,0x00,0x63,0x40,0x87,0x02,0x00,
	0x18,0x30,0xf4,0x06,0x60,0x86,0x01,0x00,0xd5,0x00,0x00,0x63,
	0x40,0x86,0x02,0x00,0xa1,0x17,0x00,0x87,0x5e,0xb0,0x00,0x00,
	0x00,0x00,0xf0,0x02,0xde,0x02,0x00,0x00,0xd8,0x00,0x00,0x63,
	0x40,0x87,0x02,0x00,0x19,0x10,0x00,0x8b,0x5e,0xb0,0x00,0x00,
	0x18,0x30,0xf4,0x06,0xe0,0x86,0x01,0x00,0xdb,0x00,0x00,0x63,
	0xc0,0x86,0x02,0x00,0xa1,0x17,0x00,0x87,0x5e,0xb0,0x00,0x00,
	0x00,0x00,0xf0,0x02,0xde,0x02,0x00,0x00,0x06,0x80,0x02,0x03,
	0x60,0xbc,0x01,0x00,0xe8,0x00,0x00,0x07,0xde,0x80,0x02,0x00,
	0x80,0x17,0xf0,0x02,0x60,0xda,0x01,0x00,0xf8,0x00,0x00,0x07,
	0x5e,0x08,0x02,0x00,0xa1,0x17,0x1e,0x03,0x60,0xbc,0x01,0x00,
	0x65,0x30,0xf4,0x02,0x5e,0xe0,0x00,0x00,0xa1,0x17,0x1c,0x03,
	0x60,0xbc,0x01,0x00,0x64,0x30,0xf4,0x02,0x5e,0xe0,0x00,0x00,
	0x17,0x27,0x00,0x03,0x60,0xbc,0x01,0x00,0xfe,0x00,0xf0,0x02,
	0xde,0xbf,0x03,0x00,0xa1,0x17,0x00,0x03,0x5e,0x10,0x01,0x00,
	0xa2,0x37,0x00,0x87,0x5e,0x88,0x00,0x00,0xa1,0x57,0xf4,0x86,
	0x5e,0xe0,0x00,0x00,0x63,0x30,0xf4,0x5a,0x01,0xe0,0x00,0x00,
	0xf1,0x00,0x00,0xc3,0x00,0x86,0x02,0x00,0x62,0x10,0x00,0x0b,
	0x56,0xb0,0x00,0x00,0x62,0x10,0x00,0x03,0x54,0xb0,0x00,0x00,
	0x17,0x27,0x00,0x03,0x60,0xbc,0x01,0x00,0x00,0x01,0xf0,0x02,
	0xde,0xbf,0x03,0x00,0x62,0x10,0x00,0x8f,0x41,0xb0,0x00,0x00,
	0xa1,0x17,0x00,0x03,0xde,0x09,0x01,0x00,0xa1,0x57,0x00,0x87,
	0x5e,0x88,0x00,0x00,0xa1,0x77,0xe5,0x84,0x5e,0xe0,0x00,0x00,
	0x06,0xc0,0x03,0x87,0x5e,0xe0,0x00,0x00,0x17,0x47,0x00,0x03,
	0x60,0xbc,0x01,0x00,0x00,0x01,0xf0,0x02,0xde,0xbf,0x03,0x00,
	0xa1,0x17,0x02,0x07,0x60,0xbc,0x01,0x00,0x65,0x30,0xf4,0x02,
	0x5e,0xe0,0x00,0x00,0xa1,0x17,0x00,0x07,0x60,0xbc,0x01,0x00,
	0x64,0x30,0xf4,0x02,0x5e,0xe0,0x00,0x00,0x06,0x00,0x18,0x03,
	0x60,0xbc,0x01,0x00,0x17,0x07,0x00,0x03,0x60,0xbc,0x01,0x00,
	0x62,0x10,0x00,0x03,0x5a,0xb0,0x00,0x00,0x63,0x10,0x00,0x03,
	0x58,0xb0,0x00,0x00,0xa1,0x17,0x00,0x43,0x01,0x05,0x01,0x00,
	0x06,0x20,0xf4,0x1a,0x00,0x88,0x00,0x00,0x00,0x00,0xf0,0x02,
	0xde,0x02,0x00,0x00,0x92,0x37,0x06,0x03,0x60,0xbc,0x01,0x00,
	0xc3,0xf0,0x1f,0xff,0x63,0xbc,0x01,0x00,0xe3,0x90,0x18,0x03,
	0x60,0xbc,0x01,0x00,0x10,0x10,0x00,0x03,0x60,0xbc,0x01,0x00,
	0x00,0x18,0x00,0x43,0x40,0xb0,0x00,0x00,0xc5,0xf0,0x1f,0xff,
	0x63,0xbc,0x01,0x00,0xe5,0x10,0x00,0x47,0x40,0xb0,0x00,0x00,
	0x10,0x30,0x00,0x03,0x60,0xbc,0x01,0x00,0x00,0x18,0x00,0x43,
	0x40,0xb0,0x00,0x00,0xc6,0xf0,0x1f,0xff,0x63,0xbc,0x01,0x00,
	0xe6,0x10,0x00,0x47,0x40,0xb0,0x00,0x00,0x10,0x50,0x00,0x03,
	0x60,0xbc,0x01,0x00,0x00,0x18,0x00,0x43,0x40,0xb0,0x00,0x00,
	0xc7,0xf0,0x1f,0xff,0x63,0xbc,0x01,0x00,0xe7,0x10,0x00,0x47,
	0x40,0xb0,0x00,0x00,0xc4,0xf0,0x1f,0xff,0x63,0xbc,0x01,0x00,
	0x00,0x00,0xf0,0x02,0xde,0x02,0x00,0x00,0xa1,0x97,0x00,0x33,
	0x40,0xe8,0x00,0x00,0xa3,0x17,0x00,0x0b,0x40,0xb0,0x00,0x00,
	0x19,0x61,0xf4,0x86,0x5e,0x6d,0x00,0x00,0xa3,0x37,0x00,0x8f,
	0x5e,0x90,0x00,0x00,0x1a,0x01,0xf0,0x02,0xde,0xbf,0x03,0x00,
	0xa3,0x37,0x00,0x87,0x5e,0x90,0x00,0x00,0xa1,0x97,0x17,0x1b,
	0x60,0xbc,0x01,0x00,0xa3,0x37,0xf4,0x8e,0x5e,0xe0,0x00,0x00,
	0xa1,0x17,0x00,0x97,0x41,0xf0,0x01,0x00,0x2e,0x61,0xf4,0x86,
	0xde,0x6d,0x00,0x00,0x22,0x01,0x00,0x97,0xc1,0x87,0x02,0x00,
	0xa1,0x17,0x00,0x03,0x5a,0x38,0x01,0x00,0xa2,0x17,0x00,0x03,
	0x5a,0x3c,0x01,0x00,0x24,0x01,0xf0,0x02,0xde,0xbf,0x03,0x00,
	0xa1,0x17,0x00,0x03,0x5a,0x3c,0x01,0x00,0xa2,0x17,0x00,0x07,
	0x5a,0x38,0x01,0x00,0x29,0x81,0xf4,0x86,0x5e,0x68,0x00,0x00,
	0xa2,0x37,0x00,0x8b,0x5e,0xd8,0x00,0x00,0x65,0x50,0xf4,0x96,
	0x41,0xe1,0x00,0x00,0x65,0x30,0x00,0x97,0xc1,0xe1,0x00,0x00,
	0x1c,0x01,0xf0,0x02,0xde,0xbf,0x03,0x00,0xa2,0x37,0x00,0x8b,
	0x5e,0xd8,0x00,0x00,0xa1,0x57,0xf4,0x96,0x41,0xe1,0x00,0x00,
	0xa1,0x37,0x00,0x87,0xde,0xe1,0x00,0x00,0xa1,0x17,0x00,0x87,
	0x5e,0xf0,0x01,0x00,0x2f,0x61,0xf4,0x86,0xde,0x6e,0x00,0x00,
	0xa4,0xf7,0x1f,0xff,0x63,0xbc,0x01,0x00,0x00,0x00,0xf0,0x02,
	0xde,0x02,0x00,0x00,0x02,0x00,0x09,0x8e,0xe3,0x20,0x00,0x00,
	0x02,0x00,0x00,0xb3,0x5e,0x81,0x02,0x00,0x15,0x00,0xf0,0x02,
	0xde,0xa8,0x03,0x00,0x37,0x01,0xf0,0x02,0xde,0x1e,0x03,0x00,
	0x37,0x01,0xf0,0x02,0x5e,0x9f,0x03,0x00,0x66,0x01,0xf0,0x02,
	0x5e,0x02,0x00,0x00,0x02,0x00,0xf0,0x02,0xde,0xbf,0x03,0x00,
	0x02,0x00,0x00,0xe7,0xde,0x80,0x02,0x00,0x3a,0x01,0x00,0xbf,
	0x00,0x81,0x02,0x00,0x35,0x01,0x00,0x1f,0x41,0x08,0x02,0x00,
	0xb9,0x0b,0xf0,0x02,0x5e,0x02,0x00,0x00,0x86,0x10,0x00,0xab,
	0x00,0xb0,0x00,0x00,0x8a,0x10,0x00,0x63,0x01,0xb0,0x00,0x00,
	0xd8,0x0d,0xf0,0x02,0x5e,0x02,0x00,0x00,0x92,0x17,0x04,0x03,
	0x60,0xbc,0x01,0x00,0x1d,0x11,0x00,0x3b,0x00,0xb0,0x00,0x00,
	0x48,0x10,0x09,0x06,0x60,0x90,0x01,0x00,0x4c,0x01,0x00,0xbf,
	0x00,0x01,0x02,0x00,0xa1,0x37,0x00,0x3f,0x5e,0x90,0x00,0x00,
	0x65,0x30,0xf4,0x42,0x6d,0xe0,0x00,0x00,0xa1,0x17,0x00,0x3f,
	0xde,0x81,0x01,0x00,0xa1,0x37,0xf4,0x02,0x5a,0x90,0x00,0x00,
	0x4a,0x01,0x00,0x87,0x5e,0xb0,0x02,0x00,0x8f,0x37,0x00,0x3f,
	0x5e,0xe0,0x00,0x00,0x8f,0xf7,0x01,0x3f,0x5e,0xa0,0x00,0x00,
	0x42,0x01,0xf0,0x02,0xde,0xbf,0x03,0x00,0x24,0xe0,0x0f,0x87,
	0x5e,0xa0,0x00,0x00,0x5c,0x01,0xf0,0x02,0xde,0xbf,0x03,0x00,
	0x59,0x01,0xf0,0x02,0xde,0xa1,0x03,0x00,0x48,0x10,0x09,0x06,
	0xe0,0x81,0x01,0x00,0x42,0x90,0x00,0x03,0x60,0xbc,0x01,0x00,
	0x2d,0x11,0x00,0x03,0x60,0xbc,0x01,0x00,0x5c,0x01,0xf0,0x02,
	0xde,0x9e,0x03,0x00,0x94,0x97,0xf2,0x02,0x60,0x84,0x01,0x00,
	0x8f,0x17,0x00,0x17,0x45,0xb0,0x00,0x00,0x90,0x17,0x00,0x17,
	0x5e,0xb0,0x00,0x00,0x57,0x01,0x00,0x1f,0x44,0x00,0x02,0x00,
	0x48,0x10,0x09,0x02,0x60,0x85,0x01,0x00,0x47,0x10,0x00,0x07,
	0x60,0x81,0x01,0x00,0xa1,0x37,0x00,0x0f,0xde,0xf0,0x01,0x00,
	0x45,0x31,0xf4,0xb6,0x44,0xa0,0x00,0x00,0x5c,0x01,0xf0,0x02,
	0xde,0x9e,0x03,0x00,0x80,0xb0,0x12,0x37,0x61,0xbc,0x01,0x00,
	0x02,0x00,0xf0,0x02,0xde,0xbf,0x03,0x00,0x45,0x31,0x2a,0xb4,
	0x44,0xa0,0x00,0x00,0x80,0x70,0x12,0x27,0x61,0xbc,0x01,0x00,
	0x02,0x00,0xf0,0x02,0xde,0xbf,0x03,0x00,0x02,0x00,0x09,0x82,
	0xe0,0x20,0x00,0x00,0xa1,0x17,0x00,0x53,0xde,0x0c,0x01,0x00,
	0x47,0x10,0x00,0x87,0x5e,0x88,0x01,0x00,0x42,0x50,0x00,0x03,
	0x60,0xbc,0x01,0x00,0xa1,0x17,0x00,0x1f,0x41,0x08,0x01,0x00,
	0x94,0x97,0xf2,0x86,0xde,0x8c,0x01,0x00,0x02,0x00,0xf0,0x02,
	0xde,0xbf,0x03,0x00,0x42,0x90,0x00,0x03,0x60,0xbc,0x01,0x00,
	0x88,0x37,0x00,0x23,0x5e,0xe8,0x00,0x00,0x6a,0x01,0x00,0x23,
	0xde,0x69,0x00,0x00,0x88,0x37,0x00,0x27,0x00,0xe8,0x00,0x00,
	0x48,0x10,0x09,0x02,0x60,0x86,0x01,0x00,0xad,0xb7,0xf5,0x06,
	0x60,0x85,0x01,0x00,0x26,0xd1,0x00,0x9b,0x00,0x88,0x00,0x00,
	0x28,0x51,0x01,0x9b,0x00,0x90,0x00,0x00,0x24,0x11,0x00,0x03,
	0x63,0xbc,0x01,0x00,0x00,0x00,0xf0,0x02,0xde,0x02,0x00,0x00,
	0x70,0x01,0xf0,0x02,0x5e,0xdb,0x03,0x00,0x02,0x00,0x09,0x7e,
	0xe0,0x20,0x00,0x00,0xde,0x0f,0xf0,0x02,0x5e,0x02,0x00,0x00,
	0x02,0x00,0x00,0x1f,0xc2,0x83,0x02,0x00,0x7b,0x01,0x00,0xf3,
	0x80,0x02,0x02,0x00,0xa1,0x17,0x00,0x67,0x44,0xb0,0x00,0x00,
	0xa3,0x57,0x23,0x86,0x5e,0x7c,0x01,0x00,0x7a,0x01,0x00,0xff,
	0x5e,0x83,0x02,0x00,0x2f,0x67,0xf4,0xfa,0x00,0xe0,0x00,0x00,
	0xbf,0xf7,0xf7,0x06,0x60,0x83,0x01,0x00,0x7f,0xe1,0xe5,0x8c,
	0xde,0x6b,0x00,0x00,0x83,0x01,0x00,0x03,0xd0,0x06,0x02,0x00,
	0xa1,0x37,0x23,0x86,0x50,0xe9,0x00,0x00,0xa2,0x57,0x23,0x8a,
	0xd0,0xe8,0x00,0x00,0x83,0x01,0x00,0x8b,0xde,0x69,0x00,0x00,
	0xb9,0x0b,0xf0,0x02,0x5e,0x02,0x00,0x00,0x27,0xf4,0x84,0x16,
	0x60,0x91,0x01,0x00,0x2f,0x87,0x00,0xbf,0x1c,0xe0,0x00,0x00,
	0x21,0x03,0xf0,0x02,0xde,0xbf,0x03,0x00,0x89,0x01,0x00,0xbf,
	0x00,0x04,0x02,0x00,0x02,0x00,0xf0,0x02,0x5e,0x94,0x03,0x00,
	0x80,0xf7,0x01,0x8f,0x42,0xa0,0x00,0x00,0x02,0xc0,0x2d,0x00,
	0x5e,0x68,0x00,0x00,0xb9,0x0b,0xf0,0x02,0x5e,0x02,0x00,0x00,
	0x15,0x00,0xf0,0x02,0xde,0xbf,0x03,0x00,0x02,0x00,0x00,0x8f,
	0xc2,0x01,0x02,0x00,0xa1,0x17,0x00,0x63,0x00,0x14,0x01,0x00,
	0x02,0x60,0x00,0x87,0x5e,0x68,0x00,0x00,0xb9,0x0b,0xf0,0x02,
	0x5e,0x02,0x00,0x00,0x18,0x00,0x00,0x0f,0x60,0x94,0x01,0x00,
	0x90,0x01,0xf0,0x02,0x5e,0x02,0x00,0x00,0x15,0x00,0xf0,0x02,
	0xde,0xbf,0x03,0x00,0xa1,0x17,0x00,0x63,0x00,0x14,0x01,0x00,
	0xa5,0x10,0x00,0x87,0x5e,0xb0,0x00,0x00,0x60,0x90,0x19,0x13,
	0x60,0xbc,0x01,0x00,0x97,0x01,0x00,0x87,0x5e,0x68,0x00,0x00,
	0x60,0xd0,0x06,0x83,0x41,0xe0,0x00,0x00,0xa1,0x37,0x00,0x87,
	0x5e,0xe8,0x00,0x00,0x93,0x01,0xf0,0x02,0xde,0xbf,0x03,0x00,
	0xa2,0x01,0x00,0xc3,0x50,0x80,0x02,0x00,0xb1,0x26,0xd6,0x04,
	0xe0,0x81,0x01,0x00,0xa0,0x10,0x03,0x04,0x60,0x87,0x01,0x00,
	0xb4,0x10,0x00,0x63,0x00,0xb0,0x00,0x00,0x00,0x18,0x00,0xd3,
	0x42,0xb0,0x00,0x00,0xb6,0x30,0x00,0x83,0x41,0x88,0x00,0x00,
	0xb5,0x10,0x0b,0x03,0x60,0xbc,0x01,0x00,0xb4,0xb0,0x00,0x63,
	0x00,0xb0,0x00,0x00,0x9f,0x01,0xf0,0x02,0xde,0x17,0x03,0x00,
	0xa0,0x01,0xf0,0x02,0xde,0x97,0x03,0x00,0x30,0x14,0x86,0x06,
	0x60,0x80,0x01,0x00,0x00,0x00,0xf0,0x02,0xde,0x02,0x00,0x00,
	0xbc,0x41,0x80,0x12,0xe0,0x20,0x00,0x00,0xa0,0x10,0x03,0x04,
	0x60,0x87,0x01,0x00,0xb4,0x10,0x00,0x63,0x00,0xb0,0x00,0x00,
	0xb5,0x10,0x0e,0x03,0x60,0xbc,0x01,0x00,0xb4,0xf0,0x00,0x63,
	0x00,0xb0,0x00,0x00,0xb6,0x10,0x04,0x4f,0x60,0xbc,0x01,0x00,
	0xb4,0x10,0x00,0x63,0x00,0xb0,0x00,0x00,0xb5,0xd0,0x02,0x03,
	0x60,0xbc,0x01,0x00,0xb9,0x01,0x00,0x0b,0x50,0x07,0x02,0x00,
	0xb5,0xd0,0x03,0x03,0x60,0xbc,0x01,0x00,0x94,0x97,0xf2,0x02,
	0x60,0x8e,0x01,0x00,0xb2,0x01,0x00,0x0b,0x50,0x04,0x02,0x00,
	0xb2,0x01,0x00,0x0b,0xd0,0x04,0x02,0x00,0x94,0x97,0xf2,0x06,
	0x60,0x86,0x01,0x00,0xb5,0xd0,0x00,0xd7,0x42,0xe0,0x00,0x00,
	0xa1,0x17,0x11,0x0b,0x50,0xa0,0x00,0x00,0xb8,0x01,0x11,0x87,
	0xde,0x68,0x00,0x00,0x94,0x97,0xf2,0x06,0xe0,0x86,0x01,0x00,
	0xb5,0x50,0x00,0xd7,0x42,0xe0,0x00,0x00,0xb8,0x01,0x00,0x0b,
	0xd0,0x07,0x02,0x00,0xb5,0x90,0x00,0xd7,0x42,0xe0,0x00,0x00,
	0xe1,0x11,0x00,0xd7,0x42,0xb0,0x00,0x00,0xb4,0xb0,0x00,0x63,
	0x00,0xb0,0x00,0x00,0xba,0x01,0xf0,0x02,0xde,0x17,0x03,0x00,
	0xbb,0x01,0xf0,0x02,0xde,0x97,0x03,0x00,0x00,0x00,0xf0,0x02,
	0xde,0x02,0x00,0x00,0xc0,0x01,0x00,0xdb,0x1c,0x68,0x00,0x00,
	0x15,0xc0,0xe6,0x64,0xc4,0x6c,0x00,0x00,0x36,0x07,0x00,0x03,
	0x60,0xbc,0x01,0x00,0xc3,0x01,0x00,0xd3,0x1c,0x68,0x00,0x00,
	0x15,0xa0,0xe6,0x64,0xc4,0x6c,0x00,0x00,0x34,0x07,0x00,0x03,
	0x60,0xbc,0x01,0x00,0x15,0x00,0xf0,0x02,0xde,0xa8,0x03,0x00,
	0xc5,0x01,0xf0,0x02,0x5e,0xdb,0x03,0x00,0x02,0x00,0x09,0xbe,
	0xe0,0x20,0x00,0x00,0x15,0x00,0xf0,0x02,0x5e,0x90,0x03,0x00,
	0x81,0x13,0xf0,0x02,0x5e,0x02,0x00,0x00,0xdb,0x01,0xf0,0x02,
	0x5e,0xa2,0x03,0x00,0xda,0x01,0x00,0xbf,0x00,0x02,0x02,0x00,
	0xd5,0x01,0x00,0xaf,0xde,0x84,0x02,0x00,0xce,0x01,0x00,0xb7,
	0x5e,0x03,0x02,0x00,0x5b,0x11,0xf0,0x02,0x5e,0x02,0x00,0x00,
	0x02,0x00,0x00,0xb7,0x5e,0x83,0x02,0x00,0xda,0x01,0x00,0xff,
	0xde,0x01,0x02,0x00,0xda,0x01,0x00,0xb3,0x5e,0x84,0x02,0x00,
	0xda,0x21,0x3b,0x65,0x44,0x6b,0x00,0x00,0xd3,0x01,0x00,0x5b,
	0xa7,0x68,0x00,0x00,0xd6,0x09,0x00,0x67,0x44,0xb0,0x00,0x00,
	0x10,0x11,0xf0,0x02,0x5e,0x02,0x00,0x00,0x02,0x00,0xf0,0x02,
	0xde,0xbf,0x03,0x00,0xd8,0x01,0x00,0xb7,0x5e,0x03,0x02,0x00,
	0xda,0x01,0x00,0xc7,0x80,0x04,0x02,0x00,0xda,0x01,0x00,0xff,
	0x5e,0x80,0x02,0x00,0x12,0x11,0xf0,0x02,0x5e,0x02,0x00,0x00,
	0x02,0x00,0xf0,0x02,0xde,0xbf,0x03,0x00,0xde,0x0f,0xf0,0x02,
	0x5e,0x02,0x00,0x00,0xe9,0x01,0x00,0x1f,0x42,0x00,0x02,0x00,
	0xa1,0x17,0x00,0x63,0x00,0x14,0x01,0x00,0xa2,0x17,0x00,0x87,
	0x5e,0xb0,0x00,0x00,0xe4,0x01,0xf0,0x02,0x5e,0xa2,0x03,0x00,
	0x6c,0x90,0x0d,0x02,0x60,0x83,0x01,0x00,0xeb,0x01,0xf0,0x02,
	0x5e,0x14,0x03,0x00,0xeb,0x61,0x80,0x56,0xc4,0x6e,0x00,0x00,
	0xe9,0x61,0x00,0x87,0x5e,0x6e,0x00,0x00,0xa2,0x77,0x00,0x03,
	0x60,0xbc,0x01,0x00,0xa3,0x57,0xf4,0x06,0x60,0x88,0x00,0x00,
	0x18,0x00,0x01,0x8b,0x5e,0x88,0x00,0x00,0xa2,0x37,0x00,0x8b,
	0x5e,0xe8,0x00,0x00,0x28,0x62,0xf4,0x8e,0xc2,0x20,0x00,0x00,
	0xe4,0x41,0xf4,0x86,0xde,0x6a,0x00,0x00,0x48,0x10,0x09,0x02,
	0x60,0x82,0x01,0x00,0x02,0x00,0xf0,0x02,0xde,0xbf,0x03,0x00,
	0x15,0x11,0x00,0x03,0x60,0xbc,0x01,0x00,0xa6,0x17,0x00,0x7f,
	0x01,0xb0,0x00,0x00,0x0c,0x02,0xf0,0x02,0x5e,0x1f,0x03,0x00,
	0x00,0x02,0x00,0xbf,0x00,0x01,0x02,0x00,0x18,0x00,0x01,0x17,
	0x60,0x88,0x00,0x00,0xf4,0x01,0xf0,0x02,0x5e,0x06,0x03,0x00,
	0xf4,0xe1,0xff,0x8f,0x0c,0x68,0x00,0x00,0x30,0x01,0x00,0x8f,
	0x8c,0x68,0x00,0x00,0xf4,0x01,0xf0,0x02,0x5e,0xc6,0x03,0x00,
	0x0c,0x02,0xf0,0x02,0x5e,0x25,0x03,0x00,0x65,0x10,0x08,0x0f,
	0x60,0xbc,0x01,0x00,0xa1,0x17,0x02,0x03,0x60,0xbc,0x01,0x00,
	0xfd,0xe1,0xff,0x03,0xda,0x68,0x00,0x00,0x65,0x30,0x00,0x97,
	0x41,0xe0,0x00,0x00,0xa1,0x37,0x00,0x87,0x5e,0xe8,0x00,0x00,
	0xf7,0x01,0x00,0x87,0x5e,0x6a,0x00,0x00,0x48,0x10,0x09,0x02,
	0x60,0x85,0x01,0x00,0x0c,0x02,0xf0,0x02,0xde,0xbf,0x03,0x00,
	0x15,0x00,0x02,0x8f,0x42,0x20,0x00,0x00,0x18,0x00,0x00,0x13,
	0x60,0x94,0x01,0x00,0x28,0x02,0xf0,0x02,0xde,0xbf,0x03,0x00,
	0x02,0x02,0x00,0xc3,0x00,0x03,0x02,0x00,0x06,0x02,0x02,0x8f,
	0xc2,0x20,0x00,0x00,0x0c,0x02,0xf0,0x02,0x5e,0x25,0x03,0x00,
	0x06,0x02,0x02,0x8f,0xc2,0x20,0x00,0x00,0x15,0xe0,0xff,0x53,
	0x81,0x68,0x00,0x00,0x08,0x02,0xf0,0x02,0xde,0xbf,0x03,0x00,
	0x18,0x00,0x00,0x13,0x60,0x94,0x01,0x00,0x28,0x02,0xf0,0x02,
	0xde,0xbf,0x03,0x00,0x0b,0x02,0xf0,0x02,0xde,0x9e,0x03,0x00,
	0x0b,0xc2,0x0b,0x98,0xde,0x68,0x00,0x00,0x28,0x0d,0x00,0x1f,
	0x41,0x01,0x02,0x00,0x48,0x10,0x09,0x02,0x60,0x85,0x01,0x00,
	0x10,0xc2,0x0b,0x98,0x5e,0x68,0x00,0x00,0x2d,0x62,0x00,0x9f,
	0x5e,0x69,0x00,0x00,0x10,0x02,0x00,0x8f,0x42,0x98,0x02,0x00,
	0x2d,0x02,0xf0,0x02,0xde,0xbf,0x03,0x00,0x28,0x0d,0x00,0x1f,
	0x41,0x01,0x02,0x00,0x18,0x02,0x00,0xbf,0x00,0x04,0x02,0x00,
	0x73,0x0f,0xf0,0x02,0x5e,0x02,0x00,0x00,0x95,0x0f,0xf0,0x02,
	0x5e,0x02,0x00,0x00,0x16,0x02,0x00,0xbb,0x85,0x68,0x00,0x00,
	0x28,0x0d,0xf0,0x02,0xde,0xbf,0x03,0x00,0x18,0x00,0x00,0x87,
	0x05,0x94,0x01,0x00,0x28,0x02,0xf0,0x02,0xde,0xbf,0x03,0x00,
	0x21,0x02,0x00,0xcb,0x14,0x00,0x02,0x00,0x24,0x02,0x00,0x7b,
	0x16,0x00,0x02,0x00,0xa1,0x17,0x00,0x57,0x14,0xb0,0x00,0x00,
	0x21,0x22,0xb0,0x84,0xde,0x68,0x00,0x00,0xa1,0x17,0x00,0x5b,
	0x14,0xb0,0x00,0x00,0x21,0x42,0xb0,0x84,0xde,0x68,0x00,0x00,
	0xa1,0x17,0x00,0x5f,0x14,0xb0,0x00,0x00,0x21,0x62,0xb0,0x84,
	0xde,0x68,0x00,0x00,0x24,0x02,0x00,0xa7,0x14,0x9e,0x02,0x00,
	0x26,0x02,0x00,0x8f,0xc2,0x01,0x02,0x00,0x18,0x00,0x00,0x0f,
	0x60,0x94,0x01,0x00,0x28,0x02,0xf0,0x02,0xde,0xbf,0x03,0x00,
	0x26,0x02,0x00,0x8f,0xc2,0x01,0x02,0x00,0x6c,0x90,0x0d,0x06,
	0x60,0x80,0x01,0x00,0x28,0x0d,0x00,0x8f,0xc2,0x00,0x02,0x00,
	0x18,0x00,0x00,0x07,0x60,0x94,0x01,0x00,0x90,0x01,0xf0,0x02,
	0x5e,0x02,0x00,0x00,0x81,0x02,0x00,0xbf,0x00,0x04,0x02,0x00,
	0x81,0x02,0x00,0x63,0x00,0x85,0x02,0x00,0x6c,0x90,0x0d,0x06,
	0x60,0x83,0x01,0x00,0x81,0x02,0xf0,0x02,0xde,0xbf,0x03,0x00,
	0x60,0x10,0x18,0x03,0x60,0xbc,0x01,0x00,0x65,0x10,0x00,0x7b,
	0x01,0xb0,0x00,0x00,0x36,0x02,0x00,0xeb,0x00,0x68,0x00,0x00,
	0xa1,0x17,0x01,0x13,0x5a,0x88,0x00,0x00,0xa1,0x37,0xf4,0x66,
	0x44,0xe8,0x00,0x00,0x36,0x42,0x07,0x84,0xde,0x6e,0x00,0x00,
	0xa6,0x20,0x00,0x9b,0x02,0xe0,0x00,0x00,0x25,0x03,0x00,0x03,
	0x60,0xbc,0x01,0x00,0xf1,0x06,0xf0,0x02,0xde,0xbf,0x03,0x00,
	0x53,0x02,0x00,0xbf,0x00,0x01,0x02,0x00,0x3a,0x82,0x00,0x63,
	0x9c,0x6e,0x00,0x00,0x25,0x03,0x00,0x03,0x60,0xbc,0x01,0x00,
	0xf1,0x06,0xf0,0x02,0xde,0xbf,0x03,0x00,0x3d,0x62,0xd0,0x02,
	0x63,0x28,0x00,0x00,0x25,0x23,0x00,0x03,0x60,0xbc,0x01,0x00,
	0x90,0x17,0x00,0x0f,0x5a,0x19,0x01,0x00,0x40,0x02,0x00,0x97,
	0x0c,0x6a,0x00,0x00,0x90,0x17,0x00,0x03,0x60,0xbc,0x01,0x00,
	0x25,0x03,0x00,0xb3,0x0c,0xb0,0x00,0x00,0xa1,0x37,0x00,0x43,
	0x5e,0x90,0x00,0x00,0x64,0x30,0xf4,0x42,0x6d,0xe0,0x00,0x00,
	0xa1,0x17,0x00,0x43,0xde,0x81,0x01,0x00,0xa1,0x37,0xf4,0x02,
	0x58,0x90,0x00,0x00,0x48,0x02,0x00,0x87,0x5e,0xb0,0x02,0x00,
	0xf1,0x66,0xd0,0x02,0xe3,0x28,0x00,0x00,0x90,0x37,0x00,0x43,
	0x5e,0xe0,0x00,0x00,0x40,0x02,0xf0,0x02,0xde,0xbf,0x03,0x00,
	0x4a,0x02,0x00,0x87,0xde,0x03,0x02,0x00,0xf1,0x06,0x00,0x0f,
	0xda,0x83,0x02,0x00,0x64,0x10,0xf2,0xc2,0x6c,0xe0,0x00,0x00,
	0x25,0x00,0x00,0x03,0x58,0xb0,0x00,0x00,0x53,0x02,0xf0,0x02,
	0xde,0xbf,0x03,0x00,0xa1,0x37,0x00,0x43,0x5e,0x90,0x00,0x00,
	0x64,0x30,0xf4,0x62,0x6d,0xe0,0x00,0x00,0x52,0x02,0x00,0x43,
	0x5e,0x00,0x02,0x00,0x25,0x00,0x01,0x03,0x58,0x90,0x00,0x00,
	0x53,0x02,0xf0,0x02,0xde,0xbf,0x03,0x00,0x25,0xe0,0x1f,0x03,
	0x58,0xa0,0x00,0x00,0x48,0x10,0x09,0x12,0x60,0x90,0x01,0x00,
	0x18,0x00,0x00,0x1f,0x60,0x94,0x01,0x00,0x81,0x17,0x00,0x0f,
	0x5a,0x08,0x01,0x00,0x0a,0x54,0x81,0x06,0x5e,0x88,0x01,0x00,
	0x80,0x17,0x00,0x0f,0x5a,0x34,0x01,0x00,0xde,0x00,0xf0,0x02,
	0x5e,0x02,0x00,0x00,0x65,0x10,0x00,0x7b,0x01,0xb0,0x00,0x00,
	0xa1,0x17,0x00,0x23,0x56,0xb0,0x00,0x00,0xa1,0x97,0xa0,0x86,
	0x5e,0xe0,0x00,0x00,0x03,0xf4,0x00,0x84,0x5e,0xe8,0x00,0x00,
	0x16,0xf4,0x00,0x84,0x5e,0xe8,0x00,0x00,0x13,0x14,0x00,0x03,
	0x5a,0xb0,0x00,0x00,0x14,0x14,0x00,0x07,0x5a,0xb0,0x00,0x00,
	0x15,0x14,0x00,0x0b,0x5a,0xb0,0x00,0x00,0x6b,0x42,0x00,0x07,
	0xde,0x68,0x00,0x00,0xa1,0x57,0x00,0x97,0x00,0xe8,0x00,0x00,
	0x1b,0x14,0xf0,0x86,0x5e,0xbc,0x01,0x00,0x1c,0xf4,0x00,0x87,
	0x5e,0x7c,0x01,0x00,0x81,0x17,0x00,0x5f,0x1c,0xb0,0x00,0x00,
	0xea,0x0d,0xf0,0x02,0x5e,0x02,0x00,0x00,0x65,0x10,0x00,0x7b,
	0x01,0xb0,0x00,0x00,0x81,0x17,0x00,0x0f,0x5a,0x08,0x01,0x00,
	0x1e,0x14,0x00,0x87,0x5e,0xb0,0x00,0x00,0x75,0x02,0xf0,0x02,
	0xde,0xbf,0x03,0x00,0x1b,0x14,0x00,0x17,0x56,0xb0,0x00,0x00,
	0x1c,0x14,0x00,0x1b,0x56,0xb0,0x00,0x00,0x74,0x02,0x00,0xbf,
	0x00,0x01,0x02,0x00,0xa1,0x57,0x00,0x97,0x00,0xe8,0x00,0x00,
	0x72,0x22,0x00,0x07,0xde,0x68,0x00,0x00,0x1b,0x74,0x83,0x86,
	0xde,0xd2,0x01,0x00,0x74,0x02,0xf0,0x02,0xde,0xbf,0x03,0x00,
	0x1b,0x14,0x00,0x3f,0x11,0xb0,0x00,0x00,0x1c,0x74,0x00,0x87,
	0x5e,0x88,0x00,0x00,0x1e,0x14,0x00,0x13,0x54,0xb0,0x00,0x00,
	0x86,0x10,0x00,0x13,0x50,0xb0,0x00,0x00,0x7b,0x82,0x00,0xa7,
	0x00,0x6d,0x00,0x00,0x8a,0x10,0x00,0x63,0x01,0x90,0x01,0x00,
	0x62,0x10,0x00,0x8f,0x41,0xb0,0x00,0x00,0x02,0x12,0xf0,0x02,
	0x5e,0x02,0x00,0x00,0x06,0x14,0x00,0x2b,0x42,0xb0,0x00,0x00,
	0xa1,0x17,0x18,0x03,0x60,0xbc,0x01,0x00,0x7e,0x02,0x20,0x8c,
	0xc1,0x6d,0x00,0x00,0xa1,0x97,0x02,0x03,0x60,0xbc,0x01,0x00,
	0xa1,0x77,0x03,0x84,0x5e,0xe0,0x00,0x00,0x1d,0x11,0xb0,0x86,
	0x5e,0xe0,0x00,0x00,0xda,0x02,0xf0,0x02,0xde,0xbf,0x03,0x00,
	0x91,0x02,0x00,0xc7,0x00,0x03,0x02,0x00,0x91,0x02,0x00,0x03,
	0xd0,0x0c,0x02,0x00,0xa1,0x17,0x00,0x63,0x00,0x14,0x01,0x00,
	0x91,0x02,0x00,0x63,0x00,0x85,0x02,0x00,0xa2,0xd7,0x02,0x87,
	0xde,0x80,0x00,0x00,0xa2,0x17,0x02,0x1b,0x60,0xbc,0x01,0x00,
	0x65,0xb0,0x0d,0x8a,0x5e,0xe0,0x00,0x00,0x32,0x14,0x00,0x97,
	0x41,0xb0,0x00,0x00,0xa2,0xb7,0x00,0x87,0xde,0x80,0x00,0x00,
	0xa2,0xd7,0x1c,0x0f,0x60,0xbc,0x01,0x00,0x64,0xb0,0x0d,0x8a,
	0x5e,0xe0,0x00,0x00,0x33,0x14,0x00,0x93,0x41,0xb0,0x00,0x00,
	0x9c,0x02,0x00,0x13,0xd8,0x68,0x00,0x00,0x93,0x02,0x00,0x1b,
	0x5a,0x00,0x02,0x00,0x27,0xf4,0x84,0x06,0x60,0x80,0x01,0x00,
	0x0f,0x06,0xf0,0x02,0xde,0xbf,0x03,0x00,0x93,0x02,0x00,0x03,
	0xd0,0x01,0x02,0x00,0x2f,0x14,0x00,0x9b,0x50,0xb0,0x00,0x00,
	0x1e,0x03,0x00,0xc7,0xd0,0x81,0x02,0x00,0x9a,0x02,0x00,0xe7,
	0x5e,0x00,0x02,0x00,0xa1,0x17,0x00,0x03,0xd0,0x0b,0x01,0x00,
	0xa2,0x17,0x00,0x2b,0x50,0x3c,0x01,0x00,0xa1,0x57,0xf4,0x86,
	0x5e,0x8c,0x01,0x00,0xa2,0x17,0x00,0x43,0x01,0x48,0x01,0x00,
	0x9c,0x42,0xf4,0x86,0x5e,0x68,0x00,0x00,0x27,0xf4,0x84,0x12,
	0x60,0x91,0x01,0x00,0x21,0x03,0xf0,0x02,0xde,0xbf,0x03,0x00,
	0xa3,0x01,0xf0,0x02,0x5e,0x02,0x00,0x00,0x86,0x10,0x00,0x13,
	0x50,0xb0,0x00,0x00,0x8a,0x10,0x00,0x17,0x50,0xb0,0x00,0x00,
	0xa3,0x02,0x00,0x03,0xd0,0x0c,0x02,0x00,0xa2,0x02,0x00,0xc7,
	0x00,0x03,0x02,0x00,0xa3,0x02,0xf0,0x02,0xde,0xbf,0x03,0x00,
	0x15,0x80,0x84,0x4a,0x42,0x6d,0x00,0x00,0xa1,0x17,0x00,0x07,
	0x50,0x06,0x01,0x00,0xa6,0x02,0x00,0x03,0xd0,0x8c,0x02,0x00,
	0xa7,0x02,0x00,0x87,0x5e,0x68,0x00,0x00,0x31,0x34,0x86,0x86,
	0xde,0x82,0x01,0x00,0xac,0x02,0x00,0xc7,0x00,0x03,0x02,0x00,
	0xac,0x02,0x00,0x03,0xd0,0x0c,0x02,0x00,0x65,0x10,0x00,0xcb,
	0x50,0xb0,0x00,0x00,0x98,0x12,0xf0,0x02,0x5e,0x02,0x00,0x00,
	0xac,0x02,0x00,0xc7,0x50,0x83,0x02,0x00,0x31,0x34,0x86,0x02,
	0x60,0x82,0x01,0x00,0xc2,0x02,0xf0,0x02,0x5e,0xa2,0x03,0x00,
	0xb9,0x02,0x04,0x03,0xd0,0x20,0x00,0x00,0xb5,0x02,0x00,0xbf,
	0x00,0x01,0x02,0x00,0xb5,0x02,0x00,0x4f,0x50,0x00,0x02,0x00,
	0xf2,0x11,0x00,0x63,0x26,0xb0,0x00,0x00,0xf3,0x11,0x00,0x67,
	0x26,0xb0,0x00,0x00,0xf4,0x11,0x00,0x6b,0x26,0xb0,0x00,0x00,
	0xb8,0x02,0xf0,0x02,0xde,0xbf,0x03,0x00,0xf2,0x11,0x00,0x4f,
	0x50,0xb0,0x00,0x00,0xf3,0x11,0x00,0x53,0x50,0xb0,0x00,0x00,
	0xf4,0x11,0x00,0x57,0x50,0xb0,0x00,0x00,0xf0,0x91,0x00,0x03,
	0x60,0xbc,0x01,0x00,0xbe,0x02,0x00,0x03,0x50,0x06,0x02,0x00,
	0xbe,0x02,0x00,0xaf,0xde,0x07,0x02,0x00,0xc2,0x02,0x00,0xb3,
	0xde,0x00,0x02,0x00,0x42,0x51,0x00,0x5b,0x1c,0xe8,0x00,0x00,
	0xc2,0x02,0xf0,0x02,0xde,0xbf,0x03,0x00,0x5d,0x05,0x00,0x03,
	0x50,0x81,0x02,0x00,0xc1,0x02,0x00,0xc7,0xd0,0x02,0x02,0x00,
	0xc2,0x02,0x00,0x2b,0x50,0x08,0x02,0x00,0x6f,0x05,0x00,0x03,
	0xd0,0x85,0x02,0x00,0x31,0x34,0x86,0x12,0x60,0x90,0x01,0x00,
	0xd2,0x02,0xf0,0x02,0x5e,0xa2,0x03,0x00,0x16,0x11,0x00,0x0f,
	0x50,0xb0,0x00,0x00,0xc7,0x02,0x00,0xc7,0xd0,0x02,0x02,0x00,
	0x16,0x11,0x00,0x5b,0x50,0xb0,0x00,0x00,0xd2,0x02,0x00,0x03,
	0xd0,0x82,0x02,0x00,0xc8,0x02,0x00,0xc3,0x47,0x81,0x02,0x00,
	0xcd,0x02,0x00,0x4f,0x50,0x80,0x02,0x00,0xd2,0x82,0x3f,0xc7,
	0x47,0x20,0x00,0x00,0x20,0xc3,0x00,0xdb,0xc7,0x20,0x00,0x00,
	0xd2,0x02,0xf0,0x02,0xde,0xbf,0x03,0x00,0xd2,0x02,0xf0,0x02,
	0x5e,0xa5,0x03,0x00,0xd1,0x02,0x00,0xbf,0x00,0x01,0x02,0x00,
	0x20,0x83,0x3f,0xc7,0xc7,0x20,0x00,0x00,0xd2,0x02,0xf0,0x02,
	0xde,0xbf,0x03,0x00,0x20,0x03,0x00,0xdf,0xc7,0x80,0x02,0x00,
	0xe1,0x02,0x00,0xc7,0x50,0x88,0x02,0x00,0xda,0x02,0x00,0xc7,
	0xd0,0x82,0x02,0x00,0x80,0x17,0x00,0x27,0x50,0x38,0x01,0x00,
	0x81,0x17,0x00,0x13,0x50,0x08,0x01,0x00,0xa1,0x17,0x00,0x13,
	0x50,0x02,0x01,0x00,0x81,0x37,0xf0,0x86,0x5e,0x82,0x01,0x00,
	0x89,0x10,0x00,0x7f,0x50,0xb0,0x00,0x00,0xe0,0x02,0xf0,0x02,
	0xde,0xbf,0x03,0x00,0x80,0x17,0x00,0x6f,0x50,0x38,0x01,0x00,
	0x81,0x17,0x00,0x2b,0x50,0x08,0x01,0x00,0xa1,0x17,0x00,0x07,
	0xd0,0x06,0x01,0x00,0x81,0x37,0xf0,0x86,0x5e,0x82,0x01,0x00,
	0x8a,0x10,0x00,0x1b,0x50,0xb0,0x00,0x00,0x89,0x10,0x00,0x83,
	0x50,0xb0,0x00,0x00,0x92,0x17,0x00,0x0b,0x50,0x29,0x01,0x00,
	0xde,0x00,0xf0,0x02,0x5e,0x02,0x00,0x00,0x07,0x03,0x00,0xc7,
	0x00,0x03,0x02,0x00,0x07,0x03,0x00,0x03,0xd0,0x0c,0x02,0x00,
	0xe8,0x02,0x00,0xc7,0xd0,0x83,0x02,0x00,0x65,0x10,0x00,0xcb,
	0x50,0xb0,0x00,0x00,0x84,0x16,0x00,0x0f,0x50,0xb0,0x00,0x00,
	0x85,0x16,0x00,0x5b,0x50,0xb0,0x00,0x00,0xa1,0x17,0x00,0x07,
	0x5a,0xb0,0x00,0x00,0xea,0x02,0x00,0xc7,0xd0,0x82,0x02,0x00,
	0xa2,0x37,0x32,0x01,0x60,0xd8,0x01,0x00,0x80,0x57,0xf4,0x26,
	0x50,0xb8,0x01,0x00,0xa2,0x17,0x00,0x13,0x50,0x02,0x01,0x00,
	0xf1,0x02,0xf0,0x02,0xde,0xbf,0x03,0x00,0xa2,0x97,0x83,0x02,
	0x60,0xd8,0x01,0x00,0x80,0x57,0xf4,0x6e,0x50,0xb8,0x01,0x00,
	0xa2,0x17,0x00,0x07,0xd0,0x06,0x01,0x00,0x80,0x17,0xf0,0x8a,
	0x5e,0x87,0x01,0x00,0xa2,0x17,0x00,0x03,0x5e,0x10,0x01,0x00,
	0xa3,0x37,0x00,0x8b,0x5e,0x88,0x00,0x00,0xa2,0x77,0xf4,0x8a,
	0x5e,0xe0,0x00,0x00,0x65,0x50,0xf4,0x5a,0x01,0xe0,0x00,0x00,
	0x0b,0x12,0xf0,0x02,0x5e,0x02,0x00,0x00,0x65,0x10,0x00,0xcb,
	0x50,0xb0,0x00,0x00,0xa1,0x97,0x00,0x23,0x60,0xbc,0x01,0x00,
	0xfe,0x02,0x80,0x86,0x5e,0x20,0x00,0x00,0xa3,0x37,0xf4,0x6a,
	0x50,0xe0,0x00,0x00,0xfe,0x02,0x00,0x03,0xd0,0x05,0x02,0x00,
	0xa3,0x97,0xa0,0x8e,0x5e,0xe0,0x00,0x00,0x1a,0xf4,0x00,0x8c,
	0x5e,0xe0,0x00,0x00,0x03,0x34,0xf4,0x12,0x5a,0xe0,0x00,0x00,
	0x16,0x34,0xf4,0x16,0x5a,0xe0,0x00,0x00,0x06,0x03,0x00,0x03,
	0x5e,0x87,0x02,0x00,0xa3,0x17,0x00,0x03,0xde,0x09,0x01,0x00,
	0xa2,0x77,0x00,0x8b,0x5e,0xe0,0x00,0x00,0xa2,0x77,0xf4,0x8a,
	0x5e,0xe0,0x00,0x00,0xa1,0x37,0x00,0x8b,0x5e,0x88,0x00,0x00,
	0x1f,0x54,0xf4,0x86,0x5e,0xe0,0x00,0x00,0x89,0x10,0x00,0x7f,
	0x50,0xb0,0x00,0x00,0xd5,0x0d,0xf0,0x02,0x5e,0x02,0x00,0x00,
	0x81,0x17,0x00,0x1b,0x42,0x02,0x01,0x00,0x81,0xf7,0xe2,0x04,
	0x5e,0x82,0x01,0x00,0xea,0x0d,0xf0,0x02,0x5e,0x02,0x00,0x00,
	0xa1,0x17,0x01,0x84,0x5e,0xe0,0x00,0x00,0x83,0x10,0x00,0x87,
	0xde,0xd9,0x01,0x00,0x91,0xb7,0x03,0x37,0x61,0xbc,0x01,0x00,
	0x24,0x83,0x02,0x4b,0x5e,0x68,0x00,0x00,0x12,0x03,0x00,0xbf,
	0x00,0x04,0x02,0x00,0x12,0x03,0x00,0x03,0x50,0x87,0x02,0x00,
	0x13,0x03,0xf0,0x02,0x5e,0x94,0x03,0x00,0x15,0x03,0xf0,0x02,
	0x5e,0x22,0x03,0x00,0x80,0x30,0x00,0x03,0x61,0xbc,0x01,0x00,
	0x02,0x00,0xf0,0x02,0xde,0xbf,0x03,0x00,0x91,0xb7,0x03,0x33,
	0x61,0xbc,0x01,0x00,0x1b,0x03,0xf0,0x02,0x5e,0x2b,0x03,0x00,
	0xa1,0x97,0x00,0x63,0x00,0x90,0x00,0x00,0x65,0x30,0xf4,0x82,
	0x64,0xe0,0x00,0x00,0x1b,0x23,0x00,0x13,0x5a,0x6e,0x00,0x00,
	0x91,0x37,0xf2,0x06,0xe0,0x88,0x01,0x00,0x1d,0x83,0x04,0x4b,
	0xde,0x68,0x00,0x00,0x91,0xb7,0x03,0xbb,0x61,0xbc,0x01,0x00,
	0x24,0x03,0xf0,0x02,0xde,0xbf,0x03,0x00,0x27,0xf4,0x84,0x0e,
	0x60,0x91,0x01,0x00,0x21,0x03,0xf0,0x02,0xde,0xbf,0x03,0x00,
	0x27,0xf4,0x84,0x06,0x60,0x91,0x01,0x00,0xb4,0x10,0x00,0x03,
	0x60,0xbc,0x01,0x00,0x31,0x34,0x86,0x06,0xe0,0x81,0x01,0x00,
	0x0f,0x06,0xf0,0x02,0xde,0xbf,0x03,0x00,0xf1,0x0b,0xf0,0x02,
	0xde,0xc4,0x03,0x00,0x2e,0x03,0x00,0x03,0x50,0x06,0x02,0x00,
	0x2e,0x03,0x00,0xaf,0xde,0x07,0x02,0x00,0x91,0x37,0x00,0x03,
	0x61,0xbc,0x01,0x00,0x2a,0x03,0x00,0x03,0x50,0x07,0x02,0x00,
	0x91,0xf7,0x00,0x03,0x62,0xbc,0x01,0x00,0x2c,0x03,0x00,0xb3,
	0xde,0x00,0x02,0x00,0x91,0x77,0x00,0x03,0x61,0xbc,0x01,0x00,
	0x42,0x20,0x00,0x0b,0x01,0xe0,0x00,0x00,0x2f,0x03,0xf0,0x02,
	0xde,0xbf,0x03,0x00,0x42,0x20,0x00,0x03,0x60,0xbc,0x01,0x00,
	0x80,0x10,0x00,0x47,0x5e,0xb0,0x00,0x00,0x02,0x00,0x00,0x17,
	0xc5,0x68,0x00,0x00,0x36,0x03,0xf0,0x02,0xde,0x80,0x03,0x00,
	0x35,0x03,0xf0,0x02,0x5e,0x81,0x03,0x00,0x5c,0x90,0x0b,0x0e,
	0xe0,0x88,0x01,0x00,0x02,0x00,0xf0,0x02,0xde,0xbf,0x03,0x00,
	0x39,0x03,0xf0,0x02,0x5e,0xd0,0x03,0x00,0x2d,0x11,0x00,0x03,
	0x60,0xbc,0x01,0x00,0xf7,0x0d,0xf0,0x02,0x5e,0x02,0x00,0x00,
	0x02,0x00,0xf0,0x02,0xde,0xbf,0x03,0x00,0x80,0x57,0x02,0x07,
	0x60,0xbc,0x01,0x00,0x81,0x57,0x4f,0x0d,0xe0,0x88,0x01,0x00,
	0xc2,0x0e,0xf0,0x02,0x5e,0x02,0x00,0x00,0x80,0x77,0x02,0x07,
	0x60,0xbc,0x01,0x00,0x81,0x77,0x4f,0x0d,0xe0,0x88,0x01,0x00,
	0xc2,0x0e,0xf0,0x02,0x5e,0x02,0x00,0x00,0xa1,0xf7,0x1f,0xff,
	0x63,0xbc,0x01,0x00,0x47,0x23,0x2c,0x86,0xde,0x68,0x00,0x00,
	0x47,0x03,0x00,0x1b,0xc2,0x03,0x02,0x00,0xa1,0x97,0x09,0x13,
	0x60,0xbc,0x01,0x00,0xa2,0xb7,0x55,0x05,0x60,0x81,0x01,0x00,
	0xd8,0x00,0xf0,0x02,0x5e,0x02,0x00,0x00,0x80,0x17,0x00,0xcf,
	0x0e,0xb0,0x00,0x00,0x49,0x03,0xf0,0x02,0xde,0xbf,0x03,0x00,
	0x80,0x17,0x00,0xcf,0x0e,0xb0,0x00,0x00,0x80,0xf7,0x00,0x03,
	0x5e,0xe0,0x00,0x00,0x4e,0x03,0x00,0xf3,0x00,0x07,0x02,0x00,
	0x80,0x37,0x00,0x03,0x5e,0xe8,0x00,0x00,0x49,0x03,0x00,0x03,
	0xde,0x68,0x00,0x00,0x4f,0xf0,0x09,0x06,0x60,0x83,0x01,0x00,
	0x4e,0xd0,0x09,0x06,0x60,0x83,0x01,0x00,0xab,0x8a,0x55,0x65,
	0x44,0xe0,0x00,0x00,0x52,0x03,0x00,0xbf,0x80,0x07,0x02,0x00,
	0x42,0x11,0x00,0x5b,0x1c,0xb0,0x00,0x00,0x52,0x03,0xf0,0x02,
	0x5e,0xc4,0x03,0x00,0xbf,0xf7,0xf7,0x02,0x60,0x83,0x01,0x00,
	0x04,0x90,0x00,0x03,0x60,0xbc,0x01,0x00,0x48,0x10,0x30,0x23,
	0x41,0xa8,0x00,0x00,0xe0,0x11,0x00,0x0f,0x62,0xbc,0x01,0x00,
	0xae,0xd7,0xf5,0x02,0x60,0x81,0x01,0x00,0x63,0x03,0x00,0xbf,
	0x00,0x02,0x02,0x00,0x5c,0x03,0x00,0x33,0x28,0x68,0x00,0x00,
	0x5c,0x03,0x02,0x4b,0xde,0x68,0x00,0x00,0xbf,0xf7,0xf7,0x06,
	0xe0,0x86,0x01,0x00,0x63,0x03,0xf0,0x02,0xde,0xbf,0x03,0x00,
	0x63,0x03,0x00,0xb3,0x5e,0x04,0x02,0x00,0x63,0x23,0x06,0x4b,
	0xde,0x68,0x00,0x00,0x63,0x03,0x00,0x6f,0x45,0x00,0x02,0x00,
	0xa1,0x77,0x39,0x65,0x44,0xe8,0x00,0x00,0xa1,0x37,0xf4,0xfe,
	0x26,0xe8,0x00,0x00,0x63,0x23,0x08,0x87,0x5e,0x69,0x00,0x00,
	0x5c,0x91,0x2b,0x02,0xe0,0x83,0x01,0x00,0xab,0x77,0xf5,0x02,
	0xe0,0x87,0x01,0x00,0x66,0x23,0x00,0x0b,0x81,0x68,0x00,0x00,
	0x43,0x00,0x00,0x67,0x44,0xb0,0x00,0x00,0x48,0x10,0x09,0x06,
	0xe0,0x82,0x01,0x00,0x6c,0x90,0x0d,0x02,0x60,0x81,0x01,0x00,
	0x44,0x91,0x28,0x06,0x60,0x82,0x01,0x00,0x5c,0x90,0x0b,0x02,
	0xe0,0x88,0x01,0x00,0x13,0x10,0xf0,0x02,0x5e,0x02,0x00,0x00,
	0xbf,0xf7,0xf7,0x02,0xe0,0x85,0x01,0x00,0x6e,0x03,0x00,0x1b,
	0x42,0x88,0x02,0x00,0xbf,0xf7,0xf7,0x06,0xe0,0x85,0x01,0x00,
	0x85,0x10,0x00,0x03,0x60,0xbc,0x01,0x00,0xb8,0x10,0x00,0x03,
	0x60,0xbc,0x01,0x00,0x84,0x90,0x10,0x02,0xe0,0xd2,0x01,0x00,
	0x5b,0x04,0xf0,0x02,0x5e,0xa9,0x03,0x00,0x84,0x10,0x00,0x03,
	0x60,0xbc,0x01,0x00,0x70,0x20,0x00,0xc3,0x01,0xe0,0x00,0x00,
	0xc2,0x03,0xf0,0x02,0xde,0x20,0x03,0x00,0xad,0xb7,0xf5,0x06,
	0x60,0x81,0x01,0x00,0x8b,0xa3,0x04,0x4b,0xde,0x68,0x00,0x00,
	0x7a,0x03,0x00,0xbb,0xde,0x03,0x02,0x00,0x65,0x10,0x00,0xab,
	0x29,0xe0,0x00,0x00,0x7b,0x03,0xf0,0x02,0xde,0xbf,0x03,0x00,
	0x65,0x10,0x02,0x1f,0x60,0xbc,0x01,0x00,0xec,0x10,0xfe,0x7f,
	0x5e,0xa0,0x00,0x00,0xed,0x10,0x00,0x03,0x5a,0xb0,0x00,0x00,
	0xee,0x10,0x00,0x07,0x5a,0xb0,0x00,0x00,0xef,0x10,0x00,0x0b,
	0x5a,0xb0,0x00,0x00,0xf0,0x10,0x00,0x0f,0x5a,0xb0,0x00,0x00,
	0x84,0xf0,0x1e,0xe3,0x63,0xbc,0x01,0x00,0x85,0x30,0x00,0x03,
	0x60,0xbc,0x01,0x00,0x84,0x03,0x00,0xbf,0x00,0x81,0x02,0x00,
	0x85,0x03,0x00,0xf3,0x00,0x02,0x02,0x00,0x84,0xf0,0x1e,0xff,
	0x63,0xbc,0x01,0x00,0xb4,0x10,0x00,0x03,0x60,0xbc,0x01,0x00,
	0xa6,0xd0,0x01,0x03,0x60,0xbc,0x01,0x00,0xb5,0x50,0x04,0x03,
	0x60,0xbc,0x01,0x00,0xb4,0xd0,0x04,0x23,0x60,0xbc,0x01,0x00,
	0xab,0x20,0x00,0xaf,0x02,0xe0,0x00,0x00,0x1f,0x04,0xf0,0x02,
	0xde,0xbf,0x03,0x00,0x91,0x23,0x05,0x4b,0xde,0x68,0x00,0x00,
	0xb4,0x10,0x00,0x03,0x60,0xbc,0x01,0x00,0xa6,0x50,0x13,0x07,
	0x60,0xbc,0x01,0x00,0xb5,0xd0,0x02,0x03,0x60,0xbc,0x01,0x00,
	0xb4,0xd0,0x04,0x23,0x60,0xbc,0x01,0x00,0x9a,0x03,0xf0,0x02,
	0xde,0xbf,0x03,0x00,0xa7,0x43,0x02,0x4b,0xde,0x68,0x00,0x00,
	0x94,0x03,0x00,0x8f,0xc3,0x85,0x02,0x00,0x89,0x37,0x00,0x27,
	0x5e,0xe0,0x00,0x00,0xee,0x10,0x00,0x27,0x5e,0xda,0x01,0x00,
	0xb4,0x10,0x00,0x03,0x60,0xbc,0x01,0x00,0xa6,0xd0,0x00,0x03,
	0x60,0xbc,0x01,0x00,0xb5,0xd0,0x03,0x03,0x60,0xbc,0x01,0x00,
	0xb4,0xd0,0x04,0x23,0x60,0xbc,0x01,0x00,0x74,0x20,0x00,0xd3,
	0x01,0xe0,0x00,0x00,0x84,0xf0,0x1f,0xff,0x61,0xbc,0x01,0x00,
	0x85,0x10,0x00,0x03,0x60,0xbc,0x01,0x00,0xe0,0x11,0x00,0x07,
	0x60,0x84,0x01,0x00,0x39,0x05,0x00,0xb3,0xde,0x82,0x02,0x00,
	0x39,0x05,0x00,0xb3,0x5e,0x04,0x02,0x00,0x48,0x10,0x09,0x06,
	0xe0,0x83,0x01,0x00,0x00,0x18,0x00,0x23,0x41,0xb0,0x00,0x00,
	0x8e,0xb7,0x06,0x03,0x60,0xbc,0x01,0x00,0xae,0xd7,0xf5,0x06,
	0xe0,0x81,0x01,0x00,0xa1,0x17,0x00,0x13,0x54,0xb0,0x00,0x00,
	0xa1,0x17,0x01,0x84,0x5e,0xe0,0x00,0x00,0x83,0x70,0x00,0x87,
	0x5e,0x88,0x00,0x00,0x39,0x05,0xf0,0x02,0xde,0xbf,0x03,0x00,
	0x84,0xf0,0x1f,0x03,0x60,0xbc,0x01,0x00,0xa2,0x17,0x00,0x53,
	0xde,0x03,0x01,0x00,0xab,0x03,0x00,0xff,0x5e,0x00,0x02,0x00,
	0xa2,0x37,0x00,0x03,0x60,0xbc,0x01,0x00,0xad,0x03,0x00,0xb7,
	0x27,0x68,0x00,0x00,0xa2,0x37,0x00,0x03,0x60,0xbc,0x01,0x00,
	0xe3,0x70,0x1c,0x8a,0x5e,0x86,0x01,0x00,0xb7,0x03,0x00,0x93,
	0xc3,0x6a,0x00,0x00,0xe4,0xd0,0x00,0x90,0x43,0xe8,0x00,0x00,
	0xb5,0x03,0x00,0x1b,0x42,0x02,0x02,0x00,0xa1,0x37,0x00,0x1b,
	0x00,0x90,0x00,0x00,0xb4,0x43,0x00,0x1b,0x42,0x20,0x00,0x00,
	0xa1,0x17,0x00,0xaf,0x1c,0xb0,0x00,0x00,0xe4,0x30,0xf4,0x92,
	0x43,0xe0,0x00,0x00,0xb7,0x03,0x00,0x93,0xc3,0x69,0x00,0x00,
	0xe4,0x10,0x00,0x03,0x60,0xbc,0x01,0x00,0xb9,0x03,0x00,0xb7,
	0x27,0x68,0x00,0x00,0xe4,0x70,0x3e,0x91,0x43,0xe0,0x00,0x00,
	0xb4,0x10,0x00,0x03,0x60,0xbc,0x01,0x00,0xa6,0x10,0x00,0x03,
	0x60,0xbc,0x01,0x00,0xb5,0x10,0x02,0x03,0x60,0xbc,0x01,0x00,
	0xb4,0xd0,0x04,0x23,0x60,0xbc,0x01,0x00,0xc0,0xa3,0x06,0x4b,
	0x5e,0x68,0x00,0x00,0x72,0x20,0x00,0xcb,0x01,0xe0,0x00,0x00,
	0x1f,0x04,0xf0,0x02,0xde,0xbf,0x03,0x00,0x73,0x20,0x00,0xcf,
	0x01,0xe0,0x00,0x00,0x1f,0x04,0xf0,0x02,0xde,0xbf,0x03,0x00,
	0x26,0x04,0xf0,0x02,0x5e,0x20,0x03,0x00,0x48,0x10,0x09,0x02,
	0xe0,0x81,0x01,0x00,0x75,0x20,0x00,0xd7,0x01,0xe0,0x00,0x00,
	0x00,0x04,0xf0,0x02,0xde,0x1e,0x03,0x00,0xa2,0x17,0x00,0x03,
	0x60,0xbc,0x01,0x00,0xd9,0x03,0x00,0xbf,0x00,0x01,0x02,0x00,
	0xa1,0x57,0x0d,0x93,0x00,0xe0,0x00,0x00,0xa1,0x37,0xf4,0x3e,
	0xde,0x9c,0x01,0x00,0x23,0x23,0x00,0x8f,0x0c,0xe8,0x00,0x00,
	0xcf,0x03,0x00,0x8f,0x0c,0x6a,0x00,0x00,0x81,0x30,0x10,0x06,
	0xe0,0x80,0x01,0x00,0x23,0xe3,0x1f,0xff,0x63,0xbc,0x01,0x00,
	0xcf,0x03,0xf0,0x02,0x5e,0xc6,0x03,0x00,0xd7,0x03,0x00,0x23,
	0x5e,0x6a,0x00,0x00,0xd2,0x03,0x00,0xb3,0xde,0x06,0x02,0x00,
	0x48,0x10,0x09,0x02,0x60,0x85,0x01,0x00,0xa3,0x17,0x08,0x0f,
	0x60,0xbc,0x01,0x00,0x65,0xf0,0xf1,0x8e,0x5e,0xe0,0x00,0x00,
	0xd7,0xe3,0xff,0x03,0x5a,0x68,0x00,0x00,0xa2,0x37,0x00,0x03,
	0x60,0xbc,0x01,0x00,0x48,0x10,0x09,0x06,0x60,0x85,0x01,0x00,
	0xac,0x97,0xf5,0x02,0xe0,0x86,0x01,0x00,0xe1,0x03,0xf0,0x02,
	0xde,0xbf,0x03,0x00,0x81,0x30,0x10,0x06,0xe0,0x80,0x01,0x00,
	0xdd,0x03,0x00,0x23,0x5e,0x6a,0x00,0x00,0xa2,0x17,0x00,0x8f,
	0x42,0x02,0x01,0x00,0x48,0x10,0x09,0x8a,0x5e,0x85,0x01,0x00,
	0xe0,0x03,0x00,0x53,0xde,0x84,0x02,0x00,0xa1,0x57,0x0d,0x13,
	0x60,0xbc,0x01,0x00,0xe1,0x03,0xf0,0x02,0xde,0xbf,0x03,0x00,
	0xa1,0x57,0x0d,0x03,0x60,0xbc,0x01,0x00,0x00,0x04,0x00,0x27,
	0x00,0x68,0x00,0x00,0xa1,0xf7,0x01,0x84,0x5e,0xe0,0x00,0x00,
	0x65,0x90,0x01,0x1f,0x60,0xbc,0x01,0x00,0xb6,0x30,0x00,0x97,
	0x41,0x88,0x00,0x00,0xb4,0x10,0x00,0x03,0x60,0xbc,0x01,0x00,
	0xa6,0x50,0x00,0x87,0x5e,0x90,0x00,0x00,0xb5,0x10,0x01,0x03,
	0x60,0xbc,0x01,0x00,0xb4,0xb0,0x00,0x23,0x60,0xbc,0x01,0x00,
	0xe9,0x03,0xf0,0x02,0xde,0x17,0x03,0x00,0xea,0x03,0xf0,0x02,
	0xde,0x97,0x03,0x00,0xf3,0x43,0x00,0x87,0xde,0x20,0x00,0x00,
	0xf0,0x23,0x00,0x87,0xde,0x20,0x00,0x00,0x80,0x16,0xd0,0x22,
	0x5e,0xb8,0x01,0x00,0x81,0x36,0xd0,0x8a,0x5e,0x80,0x01,0x00,
	0xf9,0x03,0xf0,0x02,0xde,0xbf,0x03,0x00,0x80,0x16,0xd0,0x22,
	0x5e,0xbc,0x01,0x00,0x81,0x36,0xd0,0x8a,0x5e,0x84,0x01,0x00,
	0xf9,0x03,0xf0,0x02,0xde,0xbf,0x03,0x00,0xf7,0x23,0x00,0x87,
	0xde,0x20,0x00,0x00,0x81,0x36,0xd0,0x22,0x5e,0xb8,0x01,0x00,
	0x82,0x56,0xd0,0x8a,0x5e,0x80,0x01,0x00,0xf9,0x03,0xf0,0x02,
	0xde,0xbf,0x03,0x00,0x81,0x36,0xd0,0x22,0x5e,0xbc,0x01,0x00,
	0x82,0x56,0xd0,0x8a,0x5e,0x84,0x01,0x00,0xa8,0x30,0xf4,0x02,
	0x60,0x88,0x01,0x00,0xb0,0x10,0x00,0x03,0x5a,0xb0,0x00,0x00,
	0xb1,0x10,0x00,0x07,0x5a,0xb0,0x00,0x00,0xfc,0x03,0x00,0xa3,
	0x42,0x80,0x02,0x00,0xa8,0x90,0x00,0xa3,0x42,0xe0,0x00,0x00,
	0xb0,0x10,0x00,0x0b,0x5a,0xb0,0x00,0x00,0xb1,0x10,0x00,0x0f,
	0x5a,0xb0,0x00,0x00,0x84,0x90,0x10,0x06,0x60,0x87,0x01,0x00,
	0x89,0x37,0x00,0x27,0x5e,0xe0,0x00,0x00,0xee,0x10,0x00,0x27,
	0x5e,0xda,0x01,0x00,0xb4,0x10,0x00,0x03,0x60,0xbc,0x01,0x00,
	0x0b,0x04,0x00,0xbf,0x00,0x01,0x02,0x00,0xa6,0x50,0x03,0x3f,
	0xde,0x9b,0x01,0x00,0x65,0xf0,0xf1,0xc2,0x62,0xe0,0x00,0x00,
	0xb5,0x10,0x00,0x03,0x5a,0xb0,0x00,0x00,0x8f,0x37,0x00,0x3f,
	0x5e,0xe0,0x00,0x00,0x8f,0xf7,0x01,0x3f,0x5e,0xa0,0x00,0x00,
	0x10,0x04,0xf0,0x02,0xde,0xbf,0x03,0x00,0xa6,0x50,0x03,0x03,
	0x60,0xbc,0x01,0x00,0xb5,0x10,0x00,0x33,0x00,0xb0,0x00,0x00,
	0x10,0x04,0x00,0x53,0xde,0x84,0x02,0x00,0xa6,0x50,0x03,0x07,
	0x60,0xbc,0x01,0x00,0xb5,0x10,0x00,0x37,0x00,0xb0,0x00,0x00,
	0xb4,0xd0,0x04,0x23,0x60,0xbc,0x01,0x00,0x94,0x97,0xf2,0x06,
	0x60,0x84,0x01,0x00,0x48,0x10,0x09,0x02,0x60,0x86,0x01,0x00,
	0x1a,0x04,0xf0,0x02,0xde,0x9e,0x03,0x00,0x1d,0x04,0x00,0x1f,
	0x44,0x80,0x02,0x00,0x45,0x11,0x00,0x3f,0x5e,0xb0,0x00,0x00,
	0x8f,0x17,0x00,0x03,0x60,0xbc,0x01,0x00,0x85,0x17,0x00,0x43,
	0x5e,0xb0,0x00,0x00,0x90,0x17,0x00,0x0f,0x5e,0xb0,0x00,0x00,
	0x1d,0x04,0xf0,0x02,0xde,0xbf,0x03,0x00,0x85,0x17,0x00,0x0f,
	0x5e,0xb0,0x00,0x00,0x1d,0x04,0x00,0x1f,0x44,0x80,0x02,0x00,
	0x45,0xb1,0xf0,0xb6,0x44,0xa0,0x00,0x00,0x42,0x10,0x01,0x03,
	0x60,0xbc,0x01,0x00,0x94,0x97,0xf2,0x06,0x60,0x83,0x01,0x00,
	0xe0,0x11,0x00,0x07,0x60,0x84,0x01,0x00,0x37,0x05,0xf0,0x02,
	0x5e,0xa0,0x03,0x00,0x39,0x05,0x00,0xaf,0x5e,0x06,0x02,0x00,
	0xab,0x77,0xf5,0x06,0xe0,0x86,0x01,0x00,0x80,0x10,0x00,0x03,
	0x60,0xbc,0x01,0x00,0xbf,0x0b,0xf0,0x02,0x5e,0x02,0x00,0x00,
	0x70,0x06,0xf0,0x02,0xde,0xbf,0x03,0x00,0x94,0x04,0xf0,0x02,
	0x5e,0xa1,0x03,0x00,0xae,0xd7,0xf5,0x06,0x60,0x81,0x01,0x00,
	0x42,0x24,0x86,0x0e,0x60,0x20,0x00,0x00,0xa0,0x10,0x03,0x04,
	0x60,0x87,0x01,0x00,0xb4,0x10,0x00,0x63,0x00,0xb0,0x00,0x00,
	0xb5,0x10,0x0b,0x03,0x60,0xbc,0x01,0x00,0xb4,0xf0,0x00,0x63,
	0x00,0xb0,0x00,0x00,0x30,0x04,0x00,0xc7,0x00,0x03,0x02,0x00,
	0xe4,0x10,0x00,0x6b,0x50,0xb0,0x00,0x00,0x84,0x10,0x02,0x13,
	0x42,0xb0,0x00,0x00,0x36,0x04,0x00,0xc7,0xd0,0x02,0x02,0x00,
	0xe0,0x10,0x00,0x5f,0x50,0xb0,0x00,0x00,0xe1,0x10,0x00,0x63,
	0x50,0xb0,0x00,0x00,0xe2,0x10,0x00,0x67,0x50,0xb0,0x00,0x00,
	0xe4,0x10,0x00,0x6b,0x50,0xb0,0x00,0x00,0x84,0xf0,0x02,0x13,
	0x42,0xb0,0x00,0x00,0x3d,0x04,0x00,0xc7,0x50,0x00,0x02,0x00,
	0xb4,0x10,0x00,0x63,0x00,0xb0,0x00,0x00,0xb5,0x10,0x02,0x03,
	0x60,0xbc,0x01,0x00,0xb4,0xd0,0x04,0x63,0x00,0xb0,0x00,0x00,
	0xe0,0x11,0x00,0x07,0x60,0x84,0x01,0x00,0x8e,0x17,0x00,0x03,
	0x60,0xbc,0x01,0x00,0x3d,0x05,0xf0,0x02,0xde,0xbf,0x03,0x00,
	0x71,0x20,0x00,0xc7,0x01,0xe0,0x00,0x00,0xb4,0x10,0x00,0x63,
	0x00,0xb0,0x00,0x00,0xb5,0xd0,0x02,0x03,0x60,0xbc,0x01,0x00,
	0xb4,0xd0,0x04,0x63,0x00,0xb0,0x00,0x00,0xcf,0x04,0xf0,0x02,
	0xde,0xbf,0x03,0x00,0xbf,0xf7,0xf7,0x06,0x60,0x85,0x01,0x00,
	0xa1,0x17,0x00,0x03,0x50,0x03,0x01,0x00,0xa1,0x37,0x00,0x87,
	0x5e,0xb8,0x00,0x00,0x80,0x10,0x10,0x86,0x5e,0x87,0x01,0x00,
	0x93,0x04,0x00,0x03,0xd0,0x0c,0x02,0x00,0x50,0x04,0x00,0xc7,
	0x00,0x03,0x02,0x00,0x65,0x10,0x00,0xcb,0x50,0xb0,0x00,0x00,
	0x4c,0x04,0x00,0xc7,0x50,0x03,0x02,0x00,0x89,0x36,0x00,0x27,
	0x5a,0xe0,0x00,0x00,0x94,0x04,0xf0,0x02,0xde,0xbf,0x03,0x00,
	0xb2,0x17,0x00,0x03,0x60,0xbc,0x01,0x00,0x91,0x29,0x32,0x05,
	0xe0,0x85,0x01,0x00,0xa3,0x17,0x00,0x27,0x50,0x38,0x01,0x00,
	0x8c,0x36,0x00,0x33,0x5a,0xe0,0x00,0x00,0x5b,0x04,0x00,0xc7,
	0xd0,0x02,0x02,0x00,0xa1,0x17,0x00,0x43,0x26,0xb0,0x00,0x00,
	0xe0,0x30,0xf4,0x6e,0x50,0xb8,0x01,0x00,0xa1,0x17,0x00,0x73,
	0x50,0xb0,0x00,0x00,0xe1,0x30,0xf4,0x46,0x26,0xb8,0x01,0x00,
	0xe1,0x30,0x1c,0x06,0xe0,0x85,0x01,0x00,0x84,0x70,0x00,0x13,
	0x42,0xb0,0x00,0x00,0xa3,0x17,0x00,0x6f,0x50,0x38,0x01,0x00,
	0x5b,0x04,0x00,0x13,0x42,0x82,0x02,0x00,0xe4,0x10,0x00,0x7b,
	0x50,0xb0,0x00,0x00,0x84,0x10,0x02,0x13,0x42,0xb0,0x00,0x00,
	0xa0,0x10,0x03,0x04,0x60,0x87,0x01,0x00,0x5f,0x04,0x00,0x2b,
	0x50,0x88,0x02,0x00,0xb9,0x90,0x00,0x77,0x50,0x88,0x00,0x00,
	0x62,0x04,0xf0,0x02,0xde,0xbf,0x03,0x00,0xa1,0x17,0x00,0x73,
	0x50,0x38,0x01,0x00,0xa1,0x37,0xf4,0x6e,0x50,0x7c,0x01,0x00,
	0xb9,0x90,0x00,0x87,0x5e,0x88,0x00,0x00,0x7c,0x04,0x00,0xc7,
	0x00,0x03,0x02,0x00,0x65,0x10,0x0d,0x1b,0x60,0xbc,0x01,0x00,
	0x65,0x50,0xf6,0x96,0x41,0xe0,0x00,0x00,0x80,0x16,0x00,0x97,
	0x50,0xb0,0x00,0x00,0x78,0x04,0x00,0xcb,0xde,0x68,0x00,0x00,
	0x65,0x10,0x00,0xcb,0x50,0xb0,0x00,0x00,0x64,0x10,0x00,0xcf,
	0x50,0xb0,0x00,0x00,0xe0,0x70,0xf4,0x06,0x5a,0xbc,0x01,0x00,
	0xa2,0x17,0x00,0x47,0x26,0x3c,0x01,0x00,0xe1,0x50,0xf4,0x06,
	0x5a,0x7c,0x01,0x00,0x84,0x70,0x00,0x13,0x42,0xb0,0x00,0x00,
	0x6f,0x0a,0x00,0x0b,0x5a,0xb0,0x00,0x00,0xa1,0x17,0x00,0x13,
	0x58,0xb0,0x00,0x00,0x75,0xa4,0xd2,0x86,0x5e,0x6d,0x00,0x00,
	0xa2,0xb7,0xd2,0x86,0x5e,0xe8,0x00,0x00,0x64,0x90,0xd2,0x96,
	0x41,0xe0,0x00,0x00,0x95,0x16,0x00,0x87,0x5e,0xb0,0x00,0x00,
	0x94,0x36,0x00,0x53,0x5a,0xe0,0x00,0x00,0x0d,0x16,0x00,0x8b,
	0x5e,0xb0,0x00,0x00,0xb8,0x50,0x01,0x23,0x60,0xbc,0x01,0x00,
	0x84,0x24,0x00,0xbf,0x29,0x68,0x00,0x00,0x88,0x04,0xf0,0x02,
	0xde,0xbf,0x03,0x00,0xb8,0x70,0x01,0x03,0x60,0xbc,0x01,0x00,
	0x84,0x24,0x00,0xbf,0x29,0x68,0x00,0x00,0xb8,0x70,0x01,0x03,
	0x60,0xbc,0x01,0x00,0x88,0x04,0xf0,0x02,0xde,0xbf,0x03,0x00,
	0xa1,0x17,0x00,0x03,0xd0,0x0c,0x01,0x00,0x81,0x04,0xf0,0x02,
	0x5e,0xa9,0x03,0x00,0xb8,0x50,0x01,0x23,0x60,0xbc,0x01,0x00,
	0x84,0x64,0x00,0x87,0x5e,0x68,0x00,0x00,0x88,0x04,0xf0,0x02,
	0xde,0xbf,0x03,0x00,0xb8,0x70,0x01,0x03,0x60,0xbc,0x01,0x00,
	0x88,0x44,0x00,0x87,0x5e,0x68,0x00,0x00,0xb8,0x70,0x01,0x03,
	0x60,0xbc,0x01,0x00,0x86,0x04,0x00,0xc7,0x00,0x03,0x02,0x00,
	0x87,0x04,0x00,0x67,0x50,0xbc,0x02,0x00,0xb8,0x10,0x17,0x02,
	0xe0,0x81,0x01,0x00,0xa5,0xf0,0x00,0x03,0x60,0xbc,0x01,0x00,
	0x8c,0x04,0x00,0xc7,0x00,0x03,0x02,0x00,0xb5,0x10,0x00,0xcb,
	0x5e,0xb0,0x00,0x00,0xb4,0x70,0x08,0x63,0x00,0xb0,0x00,0x00,
	0x8b,0x04,0x00,0xd3,0x42,0x83,0x02,0x00,0xb5,0x10,0x0e,0x03,
	0x60,0xbc,0x01,0x00,0xb4,0x10,0x00,0x63,0x00,0xb0,0x00,0x00,
	0xb4,0xf0,0x00,0x63,0x00,0xb0,0x00,0x00,0x00,0x18,0x00,0xd3,
	0x42,0xb0,0x00,0x00,0xb4,0x10,0x03,0x08,0x60,0x88,0x01,0x00,
	0x6c,0x90,0x0d,0x06,0x60,0x81,0x01,0x00,0xcf,0x04,0xf0,0x02,
	0xde,0xbf,0x03,0x00,0x9a,0x04,0x00,0xc7,0xd0,0x02,0x02,0x00,
	0xe0,0x10,0x00,0x6f,0x50,0xb0,0x00,0x00,0xe1,0x10,0x00,0x73,
	0x50,0xb0,0x00,0x00,0xe2,0x10,0x00,0x77,0x50,0xb0,0x00,0x00,
	0x99,0x04,0x00,0x13,0x42,0x82,0x02,0x00,0xe4,0x10,0x00,0x7b,
	0x50,0xb0,0x00,0x00,0x84,0xf0,0x02,0x13,0x42,0xb0,0x00,0x00,
	0xa7,0x37,0x00,0x9f,0x5e,0xe0,0x00,0x00,0xa3,0x04,0xf0,0x02,
	0x5e,0xa1,0x03,0x00,0xa7,0x17,0x00,0x03,0x60,0xbc,0x01,0x00,
	0xa0,0x10,0x03,0x04,0x60,0x87,0x01,0x00,0xb4,0x10,0x00,0x63,
	0x00,0xb0,0x00,0x00,0xb5,0x10,0x0e,0x03,0x60,0xbc,0x01,0x00,
	0xb4,0xf0,0x00,0x63,0x00,0xb0,0x00,0x00,0xb4,0x10,0x03,0x08,
	0x60,0x88,0x01,0x00,0xc4,0x04,0xf0,0x02,0xde,0xbf,0x03,0x00,
	0x65,0x10,0x00,0x7b,0x01,0xb0,0x00,0x00,0xe5,0x10,0x00,0x03,
	0x5a,0xb0,0x00,0x00,0xc5,0xf0,0x1f,0xff,0x63,0xbc,0x01,0x00,
	0xe6,0x10,0x00,0x07,0x5a,0xb0,0x00,0x00,0xc6,0xf0,0x1f,0xff,
	0x63,0xbc,0x01,0x00,0xe7,0x10,0x00,0x0b,0x5a,0xb0,0x00,0x00,
	0xc7,0xf0,0x1f,0xff,0x63,0xbc,0x01,0x00,0xac,0x04,0x00,0x63,
	0x9c,0x68,0x00,0x00,0x89,0x37,0x00,0x27,0x5e,0xe0,0x00,0x00,
	0xb0,0x04,0x00,0x63,0x1c,0x68,0x00,0x00,0xe3,0x10,0x00,0x07,
	0xe0,0x85,0x01,0x00,0xc3,0x10,0x00,0x07,0xe0,0x85,0x01,0x00,
	0x84,0x10,0x01,0x13,0x42,0xb0,0x00,0x00,0xee,0x10,0x00,0x27,
	0x5e,0xda,0x01,0x00,0x84,0x90,0x10,0x06,0x60,0x87,0x01,0x00,
	0x84,0x10,0x1c,0x13,0x42,0xb0,0x00,0x00,0xb4,0x10,0x00,0x03,
	0x60,0xbc,0x01,0x00,0xbf,0x04,0x00,0xbf,0x00,0x01,0x02,0x00,
	0xa1,0xf7,0x00,0x43,0x5e,0x88,0x00,0x00,0xa6,0x50,0x00,0xbb,
	0x0c,0x90,0x00,0x00,0xa6,0x30,0xf4,0x9a,0x42,0xe0,0x00,0x00,
	0xc0,0x04,0xf0,0x02,0xde,0xbf,0x03,0x00,0xa2,0xb7,0x01,0x07,
	0x60,0x88,0x00,0x00,0xa6,0x50,0xf4,0xba,0x0c,0xe0,0x00,0x00,
	0xa1,0xd7,0x00,0x43,0x5e,0x88,0x00,0x00,0xa6,0x50,0x00,0x9b,
	0x42,0x90,0x00,0x00,0xa6,0x30,0xf4,0x9a,0x42,0xe0,0x00,0x00,
	0xc0,0x04,0xf0,0x02,0xde,0xbf,0x03,0x00,0xa6,0x50,0x13,0x03,
	0x60,0xbc,0x01,0x00,0xb5,0x10,0x00,0x97,0x00,0xb0,0x00,0x00,
	0xb4,0xd0,0x04,0x23,0x60,0xbc,0x01,0x00,0xe0,0x11,0x00,0x07,
	0x60,0x84,0x01,0x00,0x27,0x05,0xf0,0x02,0xde,0xbf,0x03,0x00,
	0xa1,0x17,0x00,0x4b,0x5e,0x08,0x01,0x00,0xcf,0x24,0x00,0x87,
	0x5e,0x68,0x00,0x00,0xce,0x04,0x00,0x03,0x50,0x02,0x02,0x00,
	0xcb,0x04,0x00,0x9f,0x50,0x9e,0x02,0x00,0xcb,0x04,0x00,0x03,
	0xd0,0x01,0x02,0x00,0x89,0x37,0x00,0x27,0x5e,0xe0,0x00,0x00,
	0x2d,0x14,0x00,0x27,0x5e,0x58,0x01,0x00,0xee,0x10,0x00,0xb7,
	0x50,0xda,0x01,0x00,0x84,0x90,0x10,0x06,0x60,0x87,0x01,0x00,
	0xcf,0x04,0xf0,0x02,0xde,0xbf,0x03,0x00,0x2d,0x14,0x00,0x03,
	0x60,0xbc,0x01,0x00,0xa1,0x17,0x00,0x07,0xc1,0x04,0x01,0x00,
	0xd2,0x04,0xf0,0x02,0x5e,0x22,0x03,0x00,0xa1,0x17,0x00,0x53,
	0xde,0x03,0x01,0x00,0xa2,0x17,0x00,0x87,0x5e,0xb0,0x00,0x00,
	0xd5,0x04,0x00,0xff,0x5e,0x00,0x02,0x00,0xa2,0x37,0x00,0x03,
	0x60,0xbc,0x01,0x00,0xd7,0x04,0x00,0xb7,0x27,0x68,0x00,0x00,
	0xa2,0x37,0x00,0x03,0x60,0xbc,0x01,0x00,0xda,0x04,0x00,0x4b,
	0x5e,0x88,0x02,0x00,0xda,0x84,0x06,0x4b,0x5e,0x68,0x00,0x00,
	0xa2,0x17,0x00,0x03,0x60,0xbc,0x01,0x00,0x94,0x97,0xf2,0x86,
	0xde,0x83,0x01,0x00,0x27,0xf4,0x84,0x86,0xde,0x83,0x01,0x00,
	0xe1,0x04,0x00,0x13,0xc2,0x81,0x02,0x00,0xe3,0x10,0x00,0x8b,
	0x5e,0x86,0x01,0x00,0xc3,0x10,0x00,0x07,0x60,0x86,0x01,0x00,
	0x84,0x90,0x10,0x06,0xe0,0x81,0x01,0x00,0xe3,0x04,0xf0,0x02,
	0xde,0xbf,0x03,0x00,0xe3,0x70,0x1c,0x8a,0x5e,0x86,0x01,0x00,
	0xc3,0x70,0x18,0x06,0x60,0x86,0x01,0x00,0x23,0x05,0x00,0xa7,
	0x47,0xb8,0x02,0x00,0xe7,0x04,0x00,0xb3,0xde,0x00,0x02,0x00,
	0xe3,0x70,0x1c,0x06,0xe0,0x87,0x01,0x00,0xc3,0x70,0x18,0x06,
	0xe0,0x87,0x01,0x00,0xa1,0x17,0x00,0x4b,0x5e,0x08,0x01,0x00,
	0x24,0x25,0x00,0x87,0x5e,0x68,0x00,0x00,0xec,0x04,0x00,0x9f,
	0x50,0x1e,0x02,0x00,0xe3,0x70,0x1c,0x06,0xe0,0x85,0x01,0x00,
	0xc3,0x70,0x18,0x06,0xe0,0x85,0x01,0x00,0xa1,0x17,0x00,0x63,
	0x00,0x14,0x01,0x00,0xfe,0x84,0x00,0x87,0xde,0x68,0x00,0x00,
	0xf7,0x04,0x00,0xbf,0x00,0x01,0x02,0x00,0xa1,0x17,0x01,0x6b,
	0x26,0x90,0x00,0x00,0xa1,0xd7,0x64,0x84,0x5e,0xa0,0x00,0x00,
	0xa2,0x17,0x08,0x0f,0x60,0xbc,0x01,0x00,0x65,0x50,0xf4,0x86,
	0x5e,0xe0,0x00,0x00,0xa1,0x17,0x00,0x9b,0x50,0xb0,0x00,0x00,
	0xfe,0x04,0xd0,0x86,0xde,0x68,0x00,0x00,0x80,0xf6,0x1f,0xff,
	0x63,0xbc,0x01,0x00,0xfc,0x04,0xf0,0x02,0xde,0xbf,0x03,0x00,
	0xa2,0x17,0x00,0x53,0x01,0xb0,0x00,0x00,0xfa,0xe4,0xff,0x8b,
	0xde,0x68,0x00,0x00,0xfb,0x24,0x00,0x47,0x42,0x68,0x00,0x00,
	0xfe,0xc4,0x84,0x8a,0xde,0x68,0x00,0x00,0x48,0x10,0x09,0x02,
	0x60,0x85,0x01,0x00,0xe3,0x70,0x1c,0x02,0xe0,0x86,0x01,0x00,
	0xc3,0x70,0x18,0x06,0xe0,0x86,0x01,0x00,0xa6,0x17,0x00,0x07,
	0x50,0x10,0x01,0x00,0x24,0x05,0x00,0x9b,0x5e,0x68,0x00,0x00,
	0xe4,0x11,0x00,0x03,0x60,0xbc,0x01,0x00,0x80,0x17,0x00,0x07,
	0x50,0x3a,0x01,0x00,0x80,0x77,0x00,0x03,0x5e,0x88,0x00,0x00,
	0x64,0x10,0xf0,0xae,0x00,0xe0,0x00,0x00,0x0f,0x45,0x00,0x9b,
	0xde,0x68,0x00,0x00,0x09,0x05,0x00,0x03,0xd0,0x07,0x02,0x00,
	0xa2,0x77,0x12,0x27,0x60,0xbc,0x01,0x00,0xa3,0x37,0x0b,0x00,
	0x5e,0xe0,0x00,0x00,0x7c,0x0e,0xf0,0x02,0x5e,0x02,0x00,0x00,
	0x81,0x57,0x07,0x1f,0x60,0xbc,0x01,0x00,0x63,0x70,0x01,0x83,
	0x41,0xe0,0x00,0x00,0x65,0xb0,0x00,0x8f,0x41,0xe0,0x00,0x00,
	0x51,0x0e,0xf0,0x02,0x5e,0x02,0x00,0x00,0x64,0x10,0x07,0x1f,
	0x60,0xbc,0x01,0x00,0xa2,0x17,0x00,0x47,0x60,0xbc,0x01,0x00,
	0xa4,0x0e,0xf0,0x02,0x5e,0x02,0x00,0x00,0x25,0x45,0x00,0x9b,
	0x5e,0x68,0x00,0x00,0xe0,0x71,0xf4,0x46,0x60,0xa4,0x01,0x00,
	0x17,0x65,0x00,0x9b,0x5e,0x68,0x00,0x00,0x17,0xa5,0x00,0x9b,
	0x5e,0x68,0x00,0x00,0xe2,0x11,0x00,0x2f,0x50,0xb0,0x00,0x00,
	0xe2,0x11,0x00,0x33,0x50,0xb0,0x00,0x00,0x25,0x05,0xf0,0x02,
	0xde,0xbf,0x03,0x00,0xe8,0x11,0x3d,0x02,0x60,0x87,0x01,0x00,
	0x1a,0xa5,0x00,0x9b,0xde,0x68,0x00,0x00,0xe8,0x11,0x3d,0x06,
	0x60,0x87,0x01,0x00,0x21,0x45,0x00,0x1b,0x42,0x20,0x00,0x00,
	0xea,0x11,0x00,0x03,0x60,0xbc,0x01,0x00,0x1f,0x05,0x00,0x2b,
	0x50,0x88,0x02,0x00,0xeb,0x11,0x00,0x77,0x50,0xb0,0x00,0x00,
	0x21,0x05,0xf0,0x02,0xde,0xbf,0x03,0x00,0xa2,0x17,0x00,0x6f,
	0x50,0x3c,0x01,0x00,0xeb,0x51,0xf4,0x72,0x50,0xbc,0x01,0x00,
	0xa2,0xb7,0x00,0x1b,0xc2,0x92,0x01,0x00,0xe8,0x11,0x3d,0x8a,
	0x5e,0xb8,0x01,0x00,0x25,0x05,0xf0,0x02,0xde,0xbf,0x03,0x00,
	0xe0,0x11,0x00,0x07,0x60,0x84,0x01,0x00,0x2d,0x11,0x00,0x03,
	0x60,0xbc,0x01,0x00,0x2c,0x14,0x00,0x83,0x44,0xb0,0x00,0x00,
	0x3a,0x05,0xf0,0x02,0xde,0xa3,0x03,0x00,0x8e,0x17,0x00,0x03,
	0x60,0xbc,0x01,0x00,0x2b,0xa5,0x05,0x4b,0x5e,0x68,0x00,0x00,
	0x34,0x05,0x00,0x03,0x50,0x00,0x02,0x00,0x48,0x10,0x09,0x06,
	0xe0,0x83,0x01,0x00,0x00,0x18,0x00,0x23,0x41,0xb0,0x00,0x00,
	0x8e,0xb7,0x04,0x03,0x60,0xbc,0x01,0x00,0x39,0x05,0xf0,0x02,
	0x5e,0xa9,0x03,0x00,0x39,0x25,0x04,0x4b,0x5e,0x68,0x00,0x00,
	0x8e,0x37,0x06,0x03,0x60,0xbc,0x01,0x00,0x39,0xa5,0x05,0x4b,
	0x5e,0x68,0x00,0x00,0x8e,0xb7,0x06,0x03,0x60,0xbc,0x01,0x00,
	0x39,0x05,0xf0,0x02,0xde,0xbf,0x03,0x00,0xab,0x77,0xf5,0x06,
	0x60,0x81,0x01,0x00,0x85,0x17,0x00,0x0f,0x5e,0xb0,0x00,0x00,
	0xf7,0x0d,0xf0,0x02,0x5e,0x02,0x00,0x00,0x8c,0x17,0x00,0x03,
	0x60,0xbc,0x01,0x00,0x8d,0x17,0x00,0x03,0x60,0xbc,0x01,0x00,
	0x3d,0x05,0xf0,0x02,0xde,0x23,0x03,0x00,0x83,0x70,0x10,0x06,
	0xe0,0x87,0x01,0x00,0x3d,0x05,0x00,0xb3,0xde,0x00,0x02,0x00,
	0x83,0x30,0x00,0x03,0x62,0xbc,0x01,0x00,0xa1,0x37,0x16,0x13,
	0x60,0xbc,0x01,0x00,0xd3,0x00,0xf0,0x02,0x5e,0x02,0x00,0x00,
	0xa2,0x37,0x03,0x02,0xe0,0x8c,0x01,0x00,0xd8,0x00,0xf0,0x02,
	0x5e,0x02,0x00,0x00,0xa1,0x17,0x16,0x13,0x60,0xbc,0x01,0x00,
	0xd3,0x00,0xf0,0x02,0x5e,0x02,0x00,0x00,0xa2,0x37,0x03,0x0e,
	0xe0,0x8a,0x01,0x00,0x79,0x0a,0x00,0x8b,0x5e,0xb0,0x00,0x00,
	0xd8,0x00,0xf0,0x02,0x5e,0x02,0x00,0x00,0xad,0xb7,0xf5,0x02,
	0xe0,0x85,0x01,0x00,0x5a,0x05,0xf0,0x02,0x5e,0x29,0x03,0x00,
	0x55,0x05,0x00,0xc7,0x00,0x03,0x02,0x00,0x65,0x10,0x00,0xcb,
	0x50,0xb0,0x00,0x00,0x4d,0x05,0x00,0xc7,0xd0,0x82,0x02,0x00,
	0x88,0x36,0x00,0x23,0x5a,0xe0,0x00,0x00,0x4e,0x05,0xf0,0x02,
	0xde,0xbf,0x03,0x00,0x89,0x36,0x00,0x27,0x5a,0xe0,0x00,0x00,
	0x55,0x25,0x00,0xbf,0x29,0x68,0x00,0x00,0xb2,0x37,0x00,0xcb,
	0x5e,0xe0,0x00,0x00,0xa1,0x17,0x00,0xcb,0x5e,0x0a,0x01,0x00,
	0x65,0x30,0xf4,0xca,0x50,0xe0,0x00,0x00,0xa2,0x57,0xf6,0x06,
	0x60,0xd0,0x00,0x00,0x55,0x45,0xf4,0x1a,0x5a,0x20,0x00,0x00,
	0x4f,0x05,0xf0,0x02,0xde,0xbf,0x03,0x00,0x13,0x10,0xf0,0x02,
	0x5e,0x02,0x00,0x00,0x07,0x0b,0xf0,0x02,0xde,0xd5,0x03,0x00,
	0x1a,0x0b,0xf0,0x02,0xde,0xd6,0x03,0x00,0x55,0x05,0xf0,0x02,
	0xde,0x50,0x03,0x00,0x73,0x05,0xf0,0x02,0xde,0xbf,0x03,0x00,
	0x5c,0x05,0x00,0xaf,0x5e,0x05,0x02,0x00,0x33,0x71,0x26,0x06,
	0xe0,0x87,0x01,0x00,0x02,0x00,0xf0,0x02,0xde,0xbf,0x03,0x00,
	0x31,0x34,0x86,0x0a,0x60,0x90,0x01,0x00,0x66,0x05,0x00,0xc7,
	0xd0,0x82,0x02,0x00,0x80,0x17,0x00,0x27,0x50,0x3c,0x01,0x00,
	0x81,0x17,0x00,0x2b,0x50,0x09,0x01,0x00,0xa1,0x17,0x00,0x07,
	0x50,0x07,0x01,0x00,0x81,0x37,0xf0,0x86,0x5e,0x82,0x01,0x00,
	0x8a,0x10,0x00,0x1f,0x50,0xb0,0x00,0x00,0x16,0x11,0x00,0x0f,
	0x50,0xb0,0x00,0x00,0x6c,0x05,0xf0,0x02,0xde,0xbf,0x03,0x00,
	0x80,0x17,0x00,0x5f,0x50,0x38,0x01,0x00,0x81,0x17,0x00,0x2b,
	0x50,0x0a,0x01,0x00,0xa1,0x17,0x00,0x07,0xd0,0x07,0x01,0x00,
	0x81,0x37,0xf0,0x86,0x5e,0x82,0x01,0x00,0x8a,0x10,0x00,0x23,
	0x50,0xb0,0x00,0x00,0x16,0x11,0x00,0x5b,0x50,0xb0,0x00,0x00,
	0x71,0x05,0x00,0xc7,0x50,0x80,0x02,0x00,0x92,0xb7,0x05,0x03,
	0x60,0xbc,0x01,0x00,0xc7,0x02,0xf0,0x02,0xde,0xbf,0x03,0x00,
	0x31,0x34,0x86,0x06,0x60,0x90,0x01,0x00,0x5e,0x05,0xf0,0x02,
	0xde,0xbf,0x03,0x00,0x92,0x37,0x06,0x03,0x60,0xbc,0x01,0x00,
	0xc7,0x02,0xf0,0x02,0xde,0xbf,0x03,0x00,0x82,0x05,0x00,0xff,
	0x5e,0x05,0x02,0x00,0xbf,0xf7,0xf7,0x02,0x60,0x85,0x01,0x00,
	0x82,0x05,0xf0,0x02,0x5e,0x2b,0x03,0x00,0x79,0x05,0x00,0xf3,
	0x00,0x00,0x02,0x00,0x42,0x51,0x00,0x23,0x00,0xe8,0x00,0x00,
	0x42,0x51,0x28,0x0a,0x60,0xbc,0x01,0x00,0x7e,0x05,0xf0,0x02,
	0x5e,0x94,0x03,0x00,0x64,0x10,0x00,0x8b,0x05,0xb0,0x00,0x00,
	0x7e,0x05,0x00,0x03,0x58,0x68,0x00,0x00,0x12,0x11,0x00,0x67,
	0x44,0xb0,0x00,0x00,0x15,0x11,0x00,0x03,0x58,0xb0,0x00,0x00,
	0x82,0x05,0x00,0x1f,0x45,0x68,0x00,0x00,0x82,0x05,0xf0,0x02,
	0x5e,0xa2,0x03,0x00,0xab,0x77,0xf5,0x06,0xe0,0x85,0x01,0x00,
	0x4c,0x0f,0xf0,0x02,0x5e,0x02,0x00,0x00,0xb4,0x05,0x00,0xe3,
	0xc2,0x01,0x02,0x00,0x87,0x05,0x00,0xc7,0x00,0x03,0x02,0x00,
	0x97,0x25,0x00,0xbf,0x29,0x68,0x00,0x00,0x97,0x45,0xf6,0x46,
	0x42,0x6e,0x00,0x00,0x89,0x05,0xf0,0x02,0xde,0xbf,0x03,0x00,
	0x97,0x25,0x00,0x47,0x42,0x6e,0x00,0x00,0x94,0x05,0x00,0xc7,
	0x00,0x03,0x02,0x00,0x89,0x05,0xf0,0x02,0xde,0x55,0x03,0x00,
	0x30,0x14,0x86,0x02,0x60,0x80,0x01,0x00,0xa1,0x17,0x00,0x83,
	0x50,0x38,0x01,0x00,0x65,0x10,0x00,0xcb,0x50,0xb0,0x00,0x00,
	0x07,0x2b,0xf4,0x32,0xda,0x6d,0x00,0x00,0x48,0x10,0x14,0x23,
	0x41,0xa8,0x00,0x00,0x65,0x10,0x00,0x63,0x00,0x14,0x01,0x00,
	0x65,0xd0,0x0e,0x97,0x41,0xe0,0x00,0x00,0x80,0x36,0x00,0x03,
	0x5a,0xe0,0x00,0x00,0xe0,0x11,0x00,0x1f,0x62,0xbc,0x01,0x00,
	0x15,0x00,0xf0,0x02,0xde,0xbf,0x03,0x00,0x31,0x34,0x86,0x06,
	0xe0,0x81,0x01,0x00,0x27,0xf4,0x84,0x0e,0x60,0x91,0x01,0x00,
	0xb4,0x05,0xf0,0x02,0xde,0xbf,0x03,0x00,0xa1,0x17,0x00,0x67,
	0x50,0x3c,0x01,0x00,0xba,0x50,0x17,0x86,0x5e,0xbc,0x01,0x00,
	0xb8,0x90,0x01,0x03,0x60,0xbc,0x01,0x00,0xa6,0x05,0x00,0xc7,
	0x00,0x03,0x02,0x00,0xa1,0x25,0x00,0xbf,0xa9,0x68,0x00,0x00,
	0xb8,0x10,0x17,0x02,0xe0,0x81,0x01,0x00,0x07,0x0b,0xf0,0x02,
	0xde,0xd5,0x03,0x00,0x1a,0x0b,0xf0,0x02,0xde,0xd6,0x03,0x00,
	0x9d,0x05,0xf0,0x02,0xde,0x50,0x03,0x00,0xb4,0x05,0xf0,0x02,
	0xde,0xbf,0x03,0x00,0x6f,0x2a,0x00,0xbf,0x29,0xe8,0x00,0x00,
	0xb5,0x10,0x00,0xcb,0x5e,0xb0,0x00,0x00,0xb4,0x70,0x08,0x63,
	0x00,0xb0,0x00,0x00,0xa4,0x05,0x00,0xd3,0x42,0x83,0x02,0x00,
	0xa7,0x05,0xf0,0x02,0xde,0xbf,0x03,0x00,0xa0,0x10,0x03,0x04,
	0xe0,0x86,0x01,0x00,0x9a,0x01,0xf0,0x02,0x5e,0x02,0x00,0x00,
	0x07,0x0b,0xf0,0x02,0xde,0xd5,0x03,0x00,0x1a,0x0b,0xf0,0x02,
	0xde,0xd6,0x03,0x00,0xa8,0x05,0xf0,0x02,0xde,0x50,0x03,0x00,
	0x6e,0x03,0x00,0xa3,0x47,0x00,0x02,0x00,0xea,0x11,0x00,0x03,
	0x60,0xbc,0x01,0x00,0xb0,0x05,0x00,0x2b,0x50,0x88,0x02,0x00,
	0xeb,0x11,0x00,0x77,0x50,0xb0,0x00,0x00,0xb2,0x05,0xf0,0x02,
	0xde,0xbf,0x03,0x00,0xa2,0x17,0x00,0x6f,0x50,0x3c,0x01,0x00,
	0xeb,0x51,0xf4,0x72,0x50,0xbc,0x01,0x00,0xe8,0xd1,0x00,0xa3,
	0x47,0xb0,0x00,0x00,0x6e,0x03,0xf0,0x02,0xde,0xbf,0x03,0x00,
	0xa5,0xf0,0x00,0x03,0x60,0xbc,0x01,0x00,0x48,0x10,0x09,0x02,
	0xe0,0x82,0x01,0x00,0xe0,0x11,0x00,0x1f,0x62,0xbc,0x01,0x00,
	0xe8,0x11,0x00,0x0f,0x60,0xbc,0x01,0x00,0xba,0x05,0x00,0x0b,
	0x50,0x85,0x02,0x00,0x48,0x10,0x09,0x02,0x60,0x82,0x01,0x00,
	0xbe,0x05,0xf0,0x02,0xde,0xa0,0x03,0x00,0x07,0x0b,0xf0,0x02,
	0xde,0xd5,0x03,0x00,0x1a,0x0b,0xf0,0x02,0xde,0xd6,0x03,0x00,
	0xc0,0x05,0xf0,0x02,0x5e,0x20,0x03,0x00,0x48,0x10,0x09,0x02,
	0x60,0x88,0x01,0x00,0x15,0x00,0xf0,0x02,0xde,0xbf,0x03,0x00,
	0xa1,0x37,0x00,0x03,0x60,0xbc,0x01,0x00,0x12,0x0d,0xf0,0x02,
	0x5e,0x02,0x00,0x00,0x15,0x00,0xf0,0x02,0xde,0xa3,0x03,0x00,
	0xcb,0x05,0x00,0xc7,0x50,0x00,0x02,0x00,0x80,0x10,0x00,0x03,
	0x60,0xbc,0x01,0x00,0x48,0x10,0x09,0x06,0x60,0x82,0x01,0x00,
	0x31,0x34,0x86,0x02,0x60,0x80,0x01,0x00,0xa1,0x17,0x00,0x07,
	0xc1,0x04,0x01,0x00,0x94,0x97,0xf2,0x86,0xde,0x83,0x01,0x00,
	0x72,0x20,0x00,0xcb,0x01,0xe0,0x00,0x00,0xbd,0x01,0xf0,0x02,
	0xde,0xbf,0x03,0x00,0xa1,0x17,0x00,0x0b,0x01,0xb0,0x00,0x00,
	0x0f,0x06,0x08,0x84,0xde,0x6d,0x00,0x00,0xa1,0x77,0x08,0x64,
	0x44,0xe8,0x00,0x00,0x0f,0x26,0x08,0x84,0x5e,0x6e,0x00,0x00,
	0xab,0x77,0xf5,0x06,0xe0,0x87,0x01,0x00,0xdb,0x05,0x00,0xbf,
	0x00,0x02,0x02,0x00,0xa1,0x17,0x00,0x0b,0x50,0x29,0x01,0x00,
	0xdb,0x05,0x02,0x87,0xde,0x68,0x00,0x00,0xda,0x05,0x00,0x73,
	0xc5,0x03,0x02,0x00,0xda,0x05,0x00,0xb3,0xde,0x83,0x02,0x00,
	0xd7,0x05,0x00,0xbb,0xde,0x82,0x02,0x00,0xdb,0x05,0x00,0x4f,
	0x27,0x68,0x00,0x00,0xdb,0xe5,0x01,0x2f,0xde,0x6d,0x00,0x00,
	0xbf,0xf7,0xf7,0x06,0xe0,0x82,0x01,0x00,0xc3,0x89,0x38,0x65,
	0x44,0xe0,0x00,0x00,0x15,0x00,0xf0,0x02,0xde,0xbf,0x03,0x00,
	0x0f,0x06,0xf0,0x02,0xde,0xbf,0x03,0x00,0xfc,0x05,0x00,0xaf,
	0x5e,0x82,0x02,0x00,0xab,0x77,0xf5,0x06,0x60,0x82,0x01,0x00,
	0x22,0x07,0x00,0x67,0x44,0xb0,0x00,0x00,0xe1,0x05,0x00,0xf3,
	0x00,0x07,0x02,0x00,0x4e,0xd0,0x09,0x02,0x60,0x83,0x01,0x00,
	0xa1,0xf7,0x1f,0xff,0x63,0xbc,0x01,0x00,0xe7,0x25,0x2c,0x86,
	0xde,0x68,0x00,0x00,0xa1,0x97,0x09,0x13,0x60,0xbc,0x01,0x00,
	0xd3,0x00,0xf0,0x02,0x5e,0x02,0x00,0x00,0xa2,0x37,0x03,0x02,
	0x60,0x81,0x01,0x00,0xd8,0x00,0xf0,0x02,0x5e,0x02,0x00,0x00,
	0xee,0x05,0x00,0xf3,0x80,0x87,0x02,0x00,0x80,0x57,0x02,0x07,
	0x60,0xbc,0x01,0x00,0x81,0x57,0x4f,0x01,0xe0,0x88,0x01,0x00,
	0xc2,0x0e,0xf0,0x02,0x5e,0x02,0x00,0x00,0x80,0x77,0x02,0x07,
	0x60,0xbc,0x01,0x00,0x81,0x77,0x4f,0x01,0x60,0x81,0x01,0x00,
	0xc2,0x0e,0xf0,0x02,0x5e,0x02,0x00,0x00,0xa2,0x17,0x00,0x4b,
	0x01,0xb0,0x00,0x00,0xf1,0x05,0x00,0x1b,0x42,0x08,0x02,0x00,
	0xa2,0x17,0x00,0x6b,0x01,0xb0,0x00,0x00,0xf7,0x05,0x00,0x8b,
	0x5e,0x68,0x00,0x00,0xa1,0x97,0x00,0x2b,0x45,0x90,0x00,0x00,
	0xa1,0x57,0xf4,0x86,0xde,0x80,0x00,0x00,0xf7,0xa5,0x0d,0xd2,
	0x1c,0x6e,0x00,0x00,0x34,0x07,0x00,0xb7,0x41,0xb0,0x00,0x00,
	0x35,0x27,0x23,0xd2,0x1c,0xe0,0x00,0x00,0xad,0xb7,0xf5,0x02,
	0xe0,0x85,0x01,0x00,0xfa,0x05,0x00,0xaf,0x5e,0x05,0x02,0x00,
	0x33,0x11,0x00,0x03,0x61,0xbc,0x01,0x00,0x60,0x43,0x29,0x82,
	0x0d,0xe1,0x00,0x00,0x61,0x03,0x00,0x87,0x8d,0xe0,0x00,0x00,
	0xa5,0x57,0xe4,0x64,0x44,0xe8,0x00,0x00,0x02,0x06,0x00,0xe7,
	0xa9,0x02,0x02,0x00,0xa1,0x17,0x16,0x13,0x60,0xbc,0x01,0x00,
	0x79,0x2a,0x4f,0x01,0xe0,0x8a,0x01,0x00,0xa2,0x17,0x00,0xe7,
	0x29,0xb0,0x00,0x00,0xd8,0x00,0xf0,0x02,0x5e,0x02,0x00,0x00,
	0x9a,0x00,0x01,0x97,0x5e,0x6d,0x00,0x00,0xce,0x89,0x37,0x65,
	0x44,0xe0,0x00,0x00,0x0d,0x06,0x00,0xbf,0x00,0x02,0x02,0x00,
	0x07,0xa6,0x06,0x4b,0xde,0x68,0x00,0x00,0xbf,0xf7,0xf7,0x02,
	0xe0,0x84,0x01,0x00,0x14,0x10,0xf0,0x02,0x5e,0x02,0x00,0x00,
	0x0b,0x06,0x00,0xb3,0x5e,0x04,0x02,0x00,0x0b,0x26,0x06,0x4b,
	0xde,0x68,0x00,0x00,0x84,0x11,0xf0,0x02,0x5e,0x02,0x00,0x00,
	0x0d,0x06,0xf0,0x02,0xde,0xa3,0x03,0x00,0xac,0x97,0xf5,0x02,
	0xe0,0x83,0x01,0x00,0xab,0x77,0xf5,0x02,0x60,0x82,0x01,0x00,
	0x02,0x00,0xf0,0x02,0x5e,0xd1,0x03,0x00,0x69,0x06,0x00,0xc3,
	0x50,0x00,0x02,0x00,0x13,0x06,0xf0,0x02,0xde,0x25,0x03,0x00,
	0x27,0xf4,0x84,0x06,0x60,0x83,0x01,0x00,0x45,0x06,0xf0,0x02,
	0xde,0xbf,0x03,0x00,0x43,0x06,0x00,0x03,0xd0,0x0c,0x02,0x00,
	0x32,0x06,0x00,0xc7,0x00,0x03,0x02,0x00,0xa1,0x17,0x00,0x63,
	0x00,0x14,0x01,0x00,0x43,0x86,0x00,0x87,0xde,0x6d,0x00,0x00,
	0x80,0x17,0x00,0x03,0x60,0xbc,0x01,0x00,0x65,0x10,0x00,0xcb,
	0x50,0xb0,0x00,0x00,0x64,0x10,0x00,0xcf,0x50,0xb0,0x00,0x00,
	0x6c,0x90,0x0d,0x06,0x60,0x81,0x01,0x00,0x31,0x34,0x86,0x06,
	0x60,0x82,0x01,0x00,0xa1,0x17,0x00,0x23,0x5a,0xb0,0x00,0x00,
	0x88,0x16,0x00,0x03,0x60,0xbc,0x01,0x00,0xa1,0x37,0xf4,0x2a,
	0x5a,0xbc,0x01,0x00,0x8a,0x16,0x00,0x03,0x60,0xbc,0x01,0x00,
	0x8f,0x14,0x00,0x87,0x5e,0xb0,0x00,0x00,0xa1,0x17,0x00,0x27,
	0x5a,0xb0,0x00,0x00,0x89,0x16,0x00,0x03,0x60,0xbc,0x01,0x00,
	0xa1,0x37,0xf4,0x2e,0x5a,0xbc,0x01,0x00,0x8b,0x16,0x00,0x03,
	0x60,0xbc,0x01,0x00,0x90,0x14,0x00,0x87,0x5e,0xb0,0x00,0x00,
	0x8d,0x14,0x00,0x1b,0x5a,0xb0,0x00,0x00,0x8e,0x14,0x00,0x1f,
	0x5a,0xb0,0x00,0x00,0x04,0x16,0x00,0x03,0x60,0xbc,0x01,0x00,
	0x2f,0x06,0x00,0x03,0xde,0x68,0x00,0x00,0x2e,0x06,0x00,0xc7,
	0x50,0x03,0x02,0x00,0x80,0x17,0x00,0x9f,0x50,0x00,0x01,0x00,
	0x8d,0xb4,0x91,0x02,0x5e,0x80,0x01,0x00,0x90,0x14,0x92,0x02,
	0x5e,0xbc,0x01,0x00,0x80,0x37,0x00,0x03,0x60,0xbc,0x01,0x00,
	0xdb,0x12,0xf0,0x02,0x5e,0x02,0x00,0x00,0x8c,0x14,0x00,0x03,
	0x5e,0xb0,0x00,0x00,0x3e,0x06,0xf0,0x02,0xde,0xbf,0x03,0x00,
	0x37,0x06,0x00,0x47,0xc2,0x68,0x00,0x00,0x31,0x34,0x86,0x06,
	0xe0,0x81,0x01,0x00,0x27,0xf4,0x84,0x0e,0x60,0x91,0x01,0x00,
	0x30,0x14,0x00,0x03,0x60,0xbc,0x01,0x00,0x02,0x00,0xf0,0x02,
	0xde,0xbf,0x03,0x00,0xa1,0x17,0x00,0x9f,0x50,0xb0,0x00,0x00,
	0x98,0x01,0xf0,0x02,0x5e,0x02,0x00,0x00,0x27,0x14,0x00,0x87,
	0x5e,0xb0,0x00,0x00,0xa0,0x10,0x03,0x04,0xe0,0x86,0x01,0x00,
	0x00,0x18,0x00,0x83,0x42,0xb0,0x00,0x00,0xa1,0x17,0x00,0x03,
	0xd0,0x0c,0x01,0x00,0x32,0x66,0x00,0x87,0xde,0x68,0x00,0x00,
	0xa1,0x17,0x00,0xc7,0x50,0x02,0x01,0x00,0x27,0xf4,0x84,0x86,
	0x5e,0x80,0x01,0x00,0x27,0xf4,0x84,0x0e,0xe0,0x8a,0x01,0x00,
	0x26,0x14,0x00,0xbf,0x50,0xb0,0x00,0x00,0x45,0x06,0xf0,0x02,
	0xde,0xbf,0x03,0x00,0xa0,0x10,0x03,0x04,0xe0,0x86,0x01,0x00,
	0x45,0x06,0x00,0x9f,0x50,0x00,0x02,0x00,0x64,0x06,0x00,0x07,
	0xc1,0x86,0x02,0x00,0x4a,0x06,0xf0,0x02,0x5e,0x29,0x03,0x00,
	0x2d,0x14,0x00,0x33,0x52,0xb0,0x00,0x00,0xa1,0x17,0x00,0x37,
	0x52,0xb0,0x00,0x00,0x27,0xf4,0x84,0x86,0x5e,0x9e,0x01,0x00,
	0xa1,0x17,0x00,0x9f,0x50,0xb0,0x00,0x00,0xa1,0x37,0xf4,0x86,
	0xde,0x80,0x01,0x00,0x4a,0x0e,0xf0,0x02,0x5e,0x02,0x00,0x00,
	0x57,0x06,0x00,0xbf,0x80,0x07,0x02,0x00,0x19,0x27,0xf4,0x02,
	0x60,0x80,0x01,0x00,0x1a,0x07,0x00,0x9b,0x50,0xb0,0x00,0x00,
	0x1b,0x07,0x00,0xb7,0x50,0xb0,0x00,0x00,0x1c,0x07,0x00,0xbb,
	0x50,0xb0,0x00,0x00,0x1d,0x07,0x00,0x9b,0x50,0xb0,0x00,0x00,
	0x1f,0x07,0x00,0x63,0x00,0xb0,0x00,0x00,0x1e,0x07,0x00,0x83,
	0x41,0xb0,0x00,0x00,0xac,0x97,0xf5,0x06,0x60,0x80,0x01,0x00,
	0x64,0x06,0xf0,0x02,0xde,0xbf,0x03,0x00,0x8f,0x10,0x00,0xbb,
	0x50,0xb0,0x00,0x00,0x8e,0x10,0x00,0xb7,0x50,0xb0,0x00,0x00,
	0x8d,0x10,0x00,0x9b,0x50,0xb0,0x00,0x00,0x8c,0x30,0xf4,0x06,
	0x60,0x80,0x01,0x00,0x63,0x06,0x00,0xc7,0x50,0x02,0x02,0x00,
	0x8f,0x10,0x00,0x43,0x52,0xb0,0x00,0x00,0x8e,0x10,0x00,0x3f,
	0x52,0xb0,0x00,0x00,0x8d,0x10,0x00,0x3b,0x52,0xb0,0x00,0x00,
	0xa1,0x17,0x00,0x37,0x52,0x1a,0x01,0x00,0xa1,0x37,0x04,0x87,
	0xde,0x98,0x01,0x00,0x8c,0xb0,0x91,0x86,0x5e,0xb8,0x01,0x00,
	0x31,0x34,0x86,0x02,0x60,0x82,0x01,0x00,0x6c,0x90,0x0d,0x02,
	0x60,0x81,0x01,0x00,0x67,0x06,0xf0,0x02,0xde,0x25,0x03,0x00,
	0x27,0xf4,0x84,0x02,0x60,0x9c,0x01,0x00,0x6b,0x06,0xf0,0x02,
	0xde,0xbf,0x03,0x00,0x69,0x06,0x00,0x0b,0x50,0x85,0x02,0x00,
	0x31,0x14,0x0d,0xc7,0x50,0xa8,0x00,0x00,0x30,0x14,0x00,0x03,
	0x60,0xbc,0x01,0x00,0xae,0xd7,0xf5,0x02,0x60,0x81,0x01,0x00,
	0x27,0xf4,0x84,0x02,0x60,0x83,0x01,0x00,0x48,0x10,0x09,0x02,
	0xe0,0x85,0x01,0x00,0x2e,0x14,0x00,0x03,0x60,0xbc,0x01,0x00,
	0xbd,0x01,0xf0,0x02,0x5e,0xa2,0x03,0x00,0x15,0x00,0xf0,0x02,
	0xde,0xbf,0x03,0x00,0xd6,0x06,0xf0,0x02,0xde,0x23,0x03,0x00,
	0xd6,0x06,0xf0,0x02,0x5e,0xa3,0x03,0x00,0xd6,0x06,0xf0,0x02,
	0xde,0xa2,0x03,0x00,0xab,0x77,0xf5,0x06,0x60,0x81,0x01,0x00,
	0xd6,0x06,0xf0,0x02,0x5e,0xaa,0x03,0x00,0x48,0x10,0x09,0x02,
	0xe0,0x83,0x01,0x00,0x93,0x06,0xf0,0x02,0xde,0x51,0x03,0x00,
	0xd9,0x06,0x00,0xb3,0xde,0x80,0x02,0x00,0x81,0x06,0x00,0xb3,
	0x5e,0x04,0x02,0x00,0xac,0x97,0xf5,0x02,0x60,0x84,0x01,0x00,
	0x48,0x10,0x09,0x02,0xe0,0x83,0x01,0x00,0xa1,0x17,0x00,0xa7,
	0x27,0xb0,0x00,0x00,0x02,0x20,0xf4,0x56,0x27,0x6d,0x00,0x00,
	0x9e,0x20,0x00,0x7b,0x02,0xe0,0x00,0x00,0xd5,0x09,0x00,0x03,
	0x60,0xbc,0x01,0x00,0x87,0x11,0xf0,0x02,0x5e,0x02,0x00,0x00,
	0x02,0x00,0xf0,0x02,0xde,0xbf,0x03,0x00,0x91,0x06,0x00,0xb3,
	0xde,0x03,0x02,0x00,0xac,0x97,0xf5,0x02,0xe0,0x83,0x01,0x00,
	0xb8,0x29,0x00,0xe3,0x26,0xe0,0x00,0x00,0x91,0x06,0x00,0xbb,
	0x5e,0x01,0x02,0x00,0xa1,0x17,0x00,0xe7,0x26,0xb0,0x00,0x00,
	0x8c,0x26,0xf4,0xe2,0x26,0x6d,0x00,0x00,0xb8,0x09,0x00,0x03,
	0x60,0xbc,0x01,0x00,0x9f,0x20,0x00,0x7f,0x02,0xe0,0x00,0x00,
	0x8f,0x06,0xf0,0x02,0x5e,0xa9,0x03,0x00,0x27,0xf4,0x84,0x1a,
	0x60,0x91,0x01,0x00,0x21,0x03,0xf0,0x02,0xde,0xbf,0x03,0x00,
	0xa1,0xf7,0x1f,0xff,0x63,0xbc,0x01,0x00,0x12,0x0d,0xf0,0x02,
	0x5e,0x02,0x00,0x00,0x91,0x06,0xf0,0x02,0x5e,0x29,0x03,0x00,
	0x27,0xf4,0x84,0x1a,0x60,0x91,0x01,0x00,0x91,0x06,0xf0,0x02,
	0xde,0xbf,0x03,0x00,0x9a,0x20,0x00,0x6b,0x02,0xe0,0x00,0x00,
	0x98,0x06,0xf0,0x02,0xde,0xbf,0x03,0x00,0x96,0x06,0xf0,0x02,
	0xde,0x01,0x03,0x00,0x96,0x26,0x06,0x4f,0x5e,0x68,0x00,0x00,
	0xa8,0x17,0x00,0x03,0x60,0xbc,0x01,0x00,0x98,0x06,0xf0,0x02,
	0x5e,0xa4,0x03,0x00,0xd9,0x06,0xf0,0x02,0xde,0xc1,0x03,0x00,
	0x48,0x10,0x09,0x02,0x60,0x84,0x01,0x00,0x9d,0x06,0x00,0xbf,
	0x00,0x04,0x02,0x00,0x15,0x11,0x00,0x03,0x60,0xbc,0x01,0x00,
	0xa1,0x17,0x00,0x63,0x00,0x14,0x01,0x00,0x65,0x30,0xf4,0x02,
	0x66,0xe0,0x00,0x00,0xff,0x0d,0xf0,0x02,0x5e,0x02,0x00,0x00,
	0x48,0x10,0x09,0x02,0x60,0x82,0x01,0x00,0xb8,0x06,0xf0,0x02,
	0x5e,0xa9,0x03,0x00,0xa8,0xa6,0x04,0x3b,0x5e,0x68,0x00,0x00,
	0x85,0x37,0x00,0x17,0xde,0xf0,0x01,0x00,0x85,0x97,0xf0,0x16,
	0x5e,0xa0,0x00,0x00,0xa8,0x26,0x06,0x3b,0x5e,0x68,0x00,0x00,
	0xa7,0x06,0x00,0x03,0x50,0x01,0x02,0x00,0xa7,0x06,0x00,0xbf,
	0x80,0x87,0x02,0x00,0x48,0x10,0x09,0x06,0xe0,0x85,0x01,0x00,
	0xb8,0x06,0x00,0x03,0xd0,0x80,0x02,0x00,0xa3,0x17,0x00,0x1b,
	0x5e,0xb0,0x00,0x00,0xa4,0x17,0x00,0x8b,0x00,0xb0,0x00,0x00,
	0xae,0x06,0x00,0xbf,0x00,0x04,0x02,0x00,0xae,0x66,0x30,0x97,
	0x41,0x6e,0x00,0x00,0xa3,0x17,0x00,0x03,0x5a,0x18,0x01,0x00,
	0xa4,0x17,0x00,0x03,0x5a,0x1a,0x01,0x00,0xb1,0x06,0x18,0x83,
	0xc1,0x68,0x00,0x00,0xa4,0x20,0x00,0x93,0x02,0xe0,0x00,0x00,
	0xb3,0x06,0xf0,0x02,0xde,0xbf,0x03,0x00,0xb3,0x86,0xf4,0x2e,
	0x5e,0x6d,0x00,0x00,0x31,0x34,0x86,0x06,0xe0,0x82,0x01,0x00,
	0x8c,0x37,0x00,0x33,0x5e,0xe0,0x00,0x00,0xb6,0x66,0xf4,0x32,
	0xde,0x68,0x00,0x00,0x85,0x17,0x00,0x0f,0x5e,0xb0,0x00,0x00,
	0xc4,0x66,0xf4,0x2e,0xde,0x6d,0x00,0x00,0xd1,0x06,0xf0,0x02,
	0xde,0xbf,0x03,0x00,0xa3,0x17,0x00,0x1f,0x5e,0xb0,0x00,0x00,
	0xa4,0x17,0x00,0x8f,0x00,0xb0,0x00,0x00,0xbe,0x06,0x00,0xbf,
	0x00,0x04,0x02,0x00,0xbe,0x66,0x30,0x97,0x41,0x6e,0x00,0x00,
	0xa3,0x17,0x00,0x03,0x5a,0x1c,0x01,0x00,0xa4,0x17,0x00,0x03,
	0x5a,0x1e,0x01,0x00,0xc0,0x86,0xf4,0x2e,0x5e,0x6d,0x00,0x00,
	0x31,0x34,0x86,0x06,0xe0,0x82,0x01,0x00,0x8d,0x37,0x00,0x37,
	0x5e,0xe0,0x00,0x00,0xc3,0x66,0xf4,0x36,0xde,0x68,0x00,0x00,
	0x85,0x17,0x00,0x0f,0x5e,0xb0,0x00,0x00,0xd1,0x66,0xf4,0x2e,
	0x5e,0x6d,0x00,0x00,0x48,0x10,0x09,0x02,0xe0,0x85,0x01,0x00,
	0xc6,0x06,0xf0,0x02,0xde,0xd1,0x03,0x00,0xcb,0x86,0x04,0x4b,
	0x5e,0x68,0x00,0x00,0xf7,0x0d,0xf0,0x02,0x5e,0x02,0x00,0x00,
	0xf1,0x06,0x18,0x83,0x41,0x68,0x00,0x00,0x31,0x34,0x86,0x06,
	0xe0,0x81,0x01,0x00,0x0f,0x06,0xf0,0x02,0xde,0xbf,0x03,0x00,
	0xf2,0x11,0x00,0x4f,0x50,0xb0,0x00,0x00,0xf3,0x11,0x00,0x53,
	0x50,0xb0,0x00,0x00,0xf4,0x11,0x00,0x57,0x50,0xb0,0x00,0x00,
	0xf5,0x11,0x01,0x03,0x60,0xbc,0x01,0x00,0xf0,0x51,0x00,0x03,
	0x60,0xbc,0x01,0x00,0x0f,0x06,0xf0,0x02,0xde,0xbf,0x03,0x00,
	0xf7,0x0d,0xf0,0x02,0x5e,0x02,0x00,0x00,0x48,0x10,0x09,0x02,
	0x60,0x81,0x01,0x00,0xd6,0x06,0xf0,0x02,0x5e,0x29,0x03,0x00,
	0x65,0x12,0x00,0xc7,0x00,0x83,0x02,0x00,0x0f,0x06,0xf0,0x02,
	0xde,0xbf,0x03,0x00,0xd7,0x06,0xf0,0x02,0xde,0xd1,0x03,0x00,
	0x0f,0x06,0xf0,0x02,0xde,0xa5,0x03,0x00,0x15,0x00,0xf0,0x02,
	0xde,0xbf,0x03,0x00,0xdf,0x06,0x00,0x03,0x50,0x06,0x02,0x00,
	0xa1,0x17,0x00,0x0b,0x01,0xb0,0x00,0x00,0xdf,0x06,0x08,0x84,
	0xde,0x6d,0x00,0x00,0xa1,0x77,0x08,0x64,0x44,0xe8,0x00,0x00,
	0xdf,0x26,0x08,0x84,0x5e,0x6e,0x00,0x00,0xab,0x77,0xf5,0x06,
	0xe0,0x87,0x01,0x00,0xa1,0x17,0x00,0x4b,0x5e,0x08,0x01,0x00,
	0xe2,0x26,0x00,0x87,0x5e,0x68,0x00,0x00,0x85,0x17,0x00,0x0f,
	0x5e,0xb0,0x00,0x00,0xf7,0x0d,0xf0,0x02,0x5e,0x02,0x00,0x00,
	0xe8,0x26,0x06,0x3b,0x5e,0x68,0x00,0x00,0x8c,0x17,0x00,0x03,
	0x60,0xbc,0x01,0x00,0xea,0x06,0x00,0x03,0xd0,0x00,0x02,0x00,
	0x8d,0x17,0x00,0x03,0x60,0xbc,0x01,0x00,0xea,0x06,0xf0,0x02,
	0xde,0xbf,0x03,0x00,0x8c,0x17,0x00,0x03,0x60,0xbc,0x01,0x00,
	0xbd,0x01,0xf0,0x02,0xde,0xbf,0x03,0x00,0xf0,0x06,0x18,0x83,
	0x41,0x68,0x00,0x00,0x27,0xf4,0x84,0x06,0x60,0x80,0x01,0x00,
	0x0f,0x06,0xf0,0x02,0x5e,0x29,0x03,0x00,0x31,0x34,0x86,0x06,
	0x60,0x82,0x01,0x00,0x65,0x12,0x00,0xc7,0x00,0x83,0x02,0x00,
	0x0f,0x06,0xf0,0x02,0xde,0xbf,0x03,0x00,0xa5,0x20,0x00,0x97,
	0x02,0xe0,0x00,0x00,0x48,0x10,0x09,0x02,0x60,0x81,0x01,0x00,
	0x18,0x07,0x00,0x03,0x60,0xbc,0x01,0x00,0xf7,0x06,0x00,0xbf,
	0x00,0x01,0x02,0x00,0x25,0x23,0x00,0x97,0x0c,0xe8,0x00,0x00,
	0x90,0x37,0x00,0x43,0x5e,0xe0,0x00,0x00,0x15,0x00,0x00,0x97,
	0x0c,0x6a,0x00,0x00,0x5e,0xa0,0x00,0x7b,0x01,0xe0,0x00,0x00,
	0xa1,0x57,0x19,0x13,0x60,0xbc,0x01,0x00,0x15,0x20,0xf4,0x7a,
	0x01,0x6d,0x00,0x00,0x5e,0xc0,0x11,0x13,0x60,0xbc,0x01,0x00,
	0x15,0x00,0xf0,0x02,0xde,0xbf,0x03,0x00,0xb9,0x0b,0xf0,0x02,
	0x5e,0x02,0x00,0x00,0x15,0x00,0xf0,0x02,0xde,0x38,0x03,0x00,
	0x15,0x00,0xf0,0x02,0xde,0x9e,0x03,0x00,0xa1,0xf7,0x00,0x4c,
	0x44,0xe8,0x00,0x00,0xa1,0x17,0x01,0x84,0x5e,0xe8,0x00,0x00,
	0x05,0x07,0x01,0x84,0xde,0x6a,0x00,0x00,0x87,0x11,0x01,0x84,
	0x5e,0xe8,0x00,0x00,0x88,0x11,0x00,0x03,0x60,0xbc,0x01,0x00,
	0x80,0x11,0x30,0x22,0xe0,0xa5,0x01,0x00,0x13,0x11,0x00,0x03,
	0x60,0xbc,0x01,0x00,0x14,0x11,0x00,0x03,0x60,0xbc,0x01,0x00,
	0xa1,0x17,0x00,0x67,0x44,0xb0,0x00,0x00,0xa2,0x17,0x00,0x6b,
	0x44,0xb0,0x00,0x00,0x04,0x11,0x00,0x87,0x5e,0xb0,0x00,0x00,
	0x05,0x11,0x00,0x8b,0x5e,0xb0,0x00,0x00,0x07,0x07,0xf0,0x02,
	0xde,0xb8,0x03,0x00,0x15,0x00,0xf0,0x02,0xde,0xbf,0x03,0x00,
	0xb1,0x26,0xd6,0x04,0xe0,0x81,0x01,0x00,0x92,0xb7,0x04,0x03,
	0x60,0xbc,0x01,0x00,0xa1,0x17,0x04,0x03,0x60,0xbc,0x01,0x00,
	0xcb,0xf0,0x1f,0xff,0x63,0xbc,0x01,0x00,0xcc,0xf0,0x1f,0xff,
	0x63,0xbc,0x01,0x00,0xcd,0xf0,0x1f,0xff,0x63,0xbc,0x01,0x00,
	0xce,0xf0,0x1f,0xff,0x63,0xbc,0x01,0x00,0xcf,0xf0,0x1f,0xff,
	0x63,0xbc,0x01,0x00,0xd0,0xf0,0x1f,0xff,0x63,0xbc,0x01,0x00,
	0x18,0x07,0x00,0xbf,0x00,0x81,0x02,0x00,0x1e,0x07,0x00,0xf3,
	0x00,0x02,0x02,0x00,0xe8,0x10,0x00,0x17,0x52,0xb0,0x00,0x00,
	0xc8,0xf0,0x1f,0xff,0x63,0xbc,0x01,0x00,0xe9,0x10,0x00,0x1b,
	0x52,0xb0,0x00,0x00,0xc9,0xf0,0x1f,0xff,0x63,0xbc,0x01,0x00,
	0xea,0x10,0x00,0x1f,0x52,0xb0,0x00,0x00,0xca,0xf0,0x1f,0xff,
	0x63,0xbc,0x01,0x00,0xe4,0x10,0x00,0x03,0x60,0xbc,0x01,0x00,
	0x2f,0x07,0x00,0xc3,0x00,0x86,0x02,0x00,0xa2,0x17,0x00,0x0f,
	0x54,0xb0,0x00,0x00,0x23,0x87,0x90,0x8a,0xde,0x69,0x00,0x00,
	0xe4,0x50,0xf4,0x12,0x52,0xe8,0x00,0x00,0x2f,0x07,0x00,0x5f,
	0x9c,0x68,0x00,0x00,0xe4,0x10,0x00,0x03,0x60,0xbc,0x01,0x00,
	0xe0,0x10,0x00,0x27,0x54,0xb0,0x00,0x00,0xe1,0x10,0x00,0x2b,
	0x54,0xb0,0x00,0x00,0x39,0x07,0xf0,0x02,0xde,0xbf,0x03,0x00,
	0xac,0x26,0x00,0xb3,0x1a,0xe0,0x00,0x00,0xb1,0x26,0xd6,0x04,
	0xe0,0x81,0x01,0x00,0x26,0x09,0xf0,0x02,0xde,0xa4,0x03,0x00,
	0x26,0x09,0xf0,0x02,0xde,0xa9,0x03,0x00,0x2e,0x07,0x00,0xbf,
	0x80,0x07,0x02,0x00,0x6e,0x07,0x00,0x0f,0xd2,0x87,0x02,0x00,
	0xa1,0xd7,0x01,0x03,0x60,0xbc,0x01,0x00,0xb1,0x26,0xd6,0x04,
	0xe0,0x81,0x01,0x00,0x32,0x07,0x00,0xc3,0x00,0x06,0x02,0x00,
	0x37,0x07,0x00,0x5f,0xde,0x80,0x02,0x00,0xe0,0x10,0x00,0x07,
	0x54,0xb0,0x00,0x00,0x35,0x07,0x00,0x5f,0x1c,0x68,0x00,0x00,
	0xe0,0x30,0xa0,0x86,0xde,0xd2,0x01,0x00,0xe1,0x10,0x00,0x0b,
	0x54,0xb0,0x00,0x00,0x39,0x07,0xf0,0x02,0xde,0xbf,0x03,0x00,
	0xe0,0x10,0x90,0x86,0x5e,0xbc,0x01,0x00,0xe1,0x10,0x00,0x1f,
	0x60,0xbc,0x01,0x00,0xe2,0x10,0x00,0x03,0x60,0xbc,0x01,0x00,
	0xe5,0x10,0x00,0x23,0x52,0xb0,0x00,0x00,0xc5,0xf0,0x1f,0xff,
	0x63,0xbc,0x01,0x00,0xe6,0x10,0x00,0x27,0x52,0xb0,0x00,0x00,
	0xc6,0xf0,0x1f,0xff,0x63,0xbc,0x01,0x00,0xe7,0x10,0x00,0x2b,
	0x52,0xb0,0x00,0x00,0xc7,0xf0,0x1f,0xff,0x63,0xbc,0x01,0x00,
	0x86,0x10,0x00,0x47,0x00,0xb0,0x00,0x00,0x81,0x17,0x00,0x5f,
	0x1c,0x08,0x01,0x00,0x80,0x17,0x00,0x03,0x52,0x38,0x01,0x00,
	0xa6,0x17,0x00,0x27,0xc0,0x02,0x01,0x00,0xfc,0x11,0xf0,0x02,
	0x5e,0x02,0x00,0x00,0x47,0x07,0x00,0x07,0x5e,0x88,0x02,0x00,
	0x80,0x17,0x00,0x07,0x54,0xb0,0x00,0x00,0xd5,0x0d,0xf0,0x02,
	0x5e,0x02,0x00,0x00,0x50,0x27,0x00,0x5f,0x1c,0x68,0x00,0x00,
	0x4b,0x07,0x00,0x5f,0x9c,0x68,0x00,0x00,0x50,0x07,0x00,0x07,
	0x54,0x1a,0x02,0x00,0x4e,0x07,0x01,0xa7,0x00,0x68,0x00,0x00,
	0xa1,0x17,0x00,0x27,0xc0,0x03,0x01,0x00,0x4f,0x07,0xf0,0x02,
	0xde,0xbf,0x03,0x00,0xa1,0x17,0x00,0x3b,0xc0,0x06,0x01,0x00,
	0x86,0xd0,0x10,0x86,0x5e,0x82,0x01,0x00,0x83,0x09,0xf0,0x02,
	0xde,0xa9,0x03,0x00,0x69,0x27,0x04,0x4f,0x5e,0x68,0x00,0x00,
	0xc3,0xf0,0x1f,0xff,0x63,0xbc,0x01,0x00,0x58,0xa7,0x05,0x4f,
	0x5e,0x68,0x00,0x00,0xe3,0x90,0x1a,0x03,0x60,0xbc,0x01,0x00,
	0x92,0xb7,0x06,0x03,0x60,0xbc,0x01,0x00,0x69,0x27,0x05,0x4f,
	0x5e,0x68,0x00,0x00,0x63,0x07,0xf0,0x02,0xde,0xbf,0x03,0x00,
	0x92,0x37,0x06,0x03,0x60,0xbc,0x01,0x00,0x6e,0x0a,0x00,0x07,
	0x44,0x98,0x02,0x00,0x6e,0x0a,0x00,0x07,0x46,0x80,0x02,0x00,
	0xe3,0x90,0x18,0x03,0x60,0xbc,0x01,0x00,0x63,0x07,0x00,0xbf,
	0x80,0x07,0x02,0x00,0x63,0x07,0x00,0x0f,0xd2,0x07,0x02,0x00,
	0xac,0x97,0xf5,0x06,0x60,0x81,0x01,0x00,0xe3,0x70,0x1c,0x06,
	0xe0,0x87,0x01,0x00,0x62,0x10,0x00,0x8f,0x41,0xb0,0x00,0x00,
	0x63,0x07,0xf0,0x02,0x5e,0x9f,0x03,0x00,0x45,0x31,0x00,0x03,
	0x60,0xbc,0x01,0x00,0x81,0x17,0x00,0x5f,0x1c,0xb0,0x00,0x00,
	0xea,0x0d,0xf0,0x02,0x5e,0x02,0x00,0x00,0xa1,0xd7,0x00,0x84,
	0x5e,0xe8,0x00,0x00,0x69,0x87,0x90,0x86,0x5e,0x6a,0x00,0x00,
	0xe4,0x30,0xf4,0x12,0x52,0xe8,0x00,0x00,0x6c,0x07,0xf0,0x02,
	0xde,0xbf,0x03,0x00,0xe4,0x10,0x00,0x03,0x60,0xbc,0x01,0x00,
	0x6c,0x07,0xf0,0x02,0xde,0x38,0x03,0x00,0xe4,0x90,0x1c,0x06,
	0xe0,0x87,0x01,0x00,0x48,0x10,0x09,0x0a,0x60,0x90,0x01,0x00,
	0x91,0x37,0x04,0x03,0x61,0xbc,0x01,0x00,0x6e,0xaa,0x05,0x4f,
	0x5e,0x68,0x00,0x00,0x26,0x09,0xf0,0x02,0x5e,0x83,0x03,0x00,
	0x02,0x00,0xf0,0x02,0xde,0xbf,0x03,0x00,0xbf,0xf7,0xf7,0x02,
	0x60,0x86,0x01,0x00,0xad,0xb7,0xf5,0x02,0xe0,0x82,0x01,0x00,
	0xad,0xb7,0xf5,0x02,0xe0,0x85,0x01,0x00,0x80,0x07,0x00,0x63,
	0x41,0x04,0x02,0x00,0x49,0x11,0x00,0x03,0x60,0xbc,0x01,0x00,
	0xac,0x97,0xf5,0x02,0xe0,0x89,0x01,0x00,0x58,0x10,0x0b,0x02,
	0x60,0x84,0x01,0x00,0x7a,0x07,0x00,0xb7,0x5e,0x02,0x02,0x00,
	0x44,0x20,0xf4,0x06,0xe0,0x87,0x01,0x00,0x7c,0x07,0x00,0xaf,
	0x5e,0x05,0x02,0x00,0x33,0x71,0x26,0x06,0xe0,0x87,0x01,0x00,
	0x7f,0x07,0x00,0xbf,0x00,0x04,0x02,0x00,0xab,0x77,0xf5,0x02,
	0xe0,0x85,0x01,0x00,0x4c,0x0f,0xf0,0x02,0x5e,0x02,0x00,0x00,
	0x02,0x00,0xf0,0x02,0xde,0xbf,0x03,0x00,0x83,0x07,0x00,0x37,
	0xc0,0x83,0x02,0x00,0x84,0x67,0x55,0x65,0xc4,0x6c,0x00,0x00,
	0xbd,0x11,0xf0,0x02,0x5e,0x02,0x00,0x00,0xab,0x8a,0x55,0x65,
	0x44,0xe0,0x00,0x00,0x93,0x07,0x00,0x23,0xc5,0x85,0x02,0x00,
	0x58,0x10,0x0b,0x06,0x60,0x84,0x01,0x00,0x8a,0x07,0x00,0xff,
	0xde,0x00,0x02,0x00,0xbf,0xf7,0xf7,0x02,0xe0,0x80,0x01,0x00,
	0x8a,0x07,0x00,0xb7,0x27,0x68,0x00,0x00,0xed,0x89,0x3d,0x65,
	0x44,0xe0,0x00,0x00,0x93,0x07,0x00,0x57,0xa8,0x07,0x02,0x00,
	0x93,0x07,0x00,0x6f,0x45,0x80,0x02,0x00,0xa1,0xf7,0x1f,0xff,
	0x63,0xbc,0x01,0x00,0x93,0x27,0x2c,0x86,0xde,0x68,0x00,0x00,
	0xa1,0x17,0x02,0x13,0x60,0xbc,0x01,0x00,0xd3,0x00,0xf0,0x02,
	0x5e,0x02,0x00,0x00,0xa2,0x37,0x03,0x56,0x28,0x88,0x01,0x00,
	0xd8,0x00,0xf0,0x02,0x5e,0x02,0x00,0x00,0x15,0x0a,0x00,0x03,
	0x60,0xbc,0x01,0x00,0x95,0x07,0x00,0xaf,0x5e,0x05,0x02,0x00,
	0x33,0x11,0x00,0x03,0x61,0xbc,0x01,0x00,0x9b,0x07,0x00,0xbf,
	0x80,0x05,0x02,0x00,0xa1,0x57,0x11,0x13,0x60,0xbc,0x01,0x00,
	0xd3,0x00,0xf0,0x02,0x5e,0x02,0x00,0x00,0x19,0x30,0x03,0x0e,
	0x60,0x96,0x01,0x00,0xa2,0x17,0x00,0x67,0x40,0xb0,0x00,0x00,
	0xd8,0x00,0xf0,0x02,0x5e,0x02,0x00,0x00,0x23,0x47,0x00,0x67,
	0x44,0xe0,0x00,0x00,0x9e,0x07,0x00,0xb3,0x5e,0x02,0x02,0x00,
	0xac,0x97,0xf5,0x06,0xe0,0x89,0x01,0x00,0x15,0x00,0x00,0x37,
	0xc0,0x83,0x02,0x00,0x87,0x20,0x00,0x1f,0x02,0xe0,0x00,0x00,
	0x44,0x91,0x28,0x06,0x60,0x82,0x01,0x00,0x75,0xaa,0x4e,0x05,
	0xe0,0x81,0x01,0x00,0x26,0x0e,0xf0,0x02,0x5e,0x02,0x00,0x00,
	0xac,0x97,0xf5,0x06,0xe0,0x89,0x01,0x00,0x15,0x00,0xf0,0x02,
	0xde,0xbf,0x03,0x00,0xb1,0x26,0xd6,0x00,0xe0,0x81,0x01,0x00,
	0xb1,0x26,0xd6,0x00,0xe0,0x82,0x01,0x00,0x26,0x0e,0xf0,0x02,
	0x5e,0x02,0x00,0x00,0x02,0x00,0x00,0x13,0x40,0x81,0x02,0x00,
	0xab,0x07,0x00,0x03,0x42,0x00,0x02,0x00,0xac,0x97,0xf5,0x02,
	0x60,0x84,0x01,0x00,0x80,0x10,0x00,0x03,0x60,0xbc,0x01,0x00,
	0xae,0x07,0xf0,0x02,0xde,0xa3,0x03,0x00,0x48,0x10,0x09,0x02,
	0x60,0x90,0x01,0x00,0x9e,0x17,0x00,0x67,0x44,0xb0,0x00,0x00,
	0x9d,0x17,0x00,0x6b,0x44,0xb0,0x00,0x00,0x9c,0x17,0x00,0x6f,
	0x44,0xb0,0x00,0x00,0x9b,0x17,0x00,0x73,0x44,0xb0,0x00,0x00,
	0xae,0x27,0x23,0x7a,0xde,0x68,0x00,0x00,0x88,0x20,0x00,0x23,
	0x02,0xe0,0x00,0x00,0x97,0x17,0x00,0x3b,0x40,0x15,0x01,0x00,
	0xa1,0x17,0x00,0x43,0x01,0xb0,0x00,0x00,0x07,0x27,0x05,0x84,
	0xde,0xc9,0x01,0x00,0x6c,0x90,0x0d,0x02,0xe0,0x81,0x01,0x00,
	0xbb,0x07,0x00,0x37,0x40,0x86,0x02,0x00,0xae,0x20,0x00,0xbb,
	0x02,0xe0,0x00,0x00,0x3a,0x0b,0xf0,0x02,0xde,0xbf,0x03,0x00,
	0x80,0x14,0x00,0x03,0x60,0xbc,0x01,0x00,0x81,0x14,0x00,0x03,
	0x60,0xbc,0x01,0x00,0x24,0x90,0x04,0x0a,0x60,0xb8,0x01,0x00,
	0x2a,0x07,0x04,0x03,0x60,0xbc,0x01,0x00,0x29,0x47,0x00,0x03,
	0x60,0xbc,0x01,0x00,0x2a,0xd0,0x00,0x03,0x60,0xbc,0x01,0x00,
	0x04,0x10,0x00,0x07,0x60,0xb3,0x01,0x00,0x10,0x07,0x00,0x03,
	0x60,0xbc,0x01,0x00,0x11,0x07,0x00,0x03,0x60,0xbc,0x01,0x00,
	0x12,0x07,0x00,0x03,0x60,0xbc,0x01,0x00,0x13,0x07,0x00,0x03,
	0x60,0xbc,0x01,0x00,0xae,0xd7,0xf5,0x02,0xe0,0x83,0x01,0x00,
	0x37,0x0b,0x00,0x37,0xc0,0x87,0x02,0x00,0xc5,0x11,0xf0,0x02,
	0x5e,0x02,0x00,0x00,0x13,0x10,0xf0,0x02,0x5e,0x02,0x00,0x00,
	0xa3,0x17,0x00,0xab,0x1a,0xb0,0x00,0x00,0x57,0x13,0xf0,0x02,
	0x5e,0x02,0x00,0x00,0x9d,0x4b,0xd5,0x8c,0xde,0x68,0x00,0x00,
	0x9d,0x0b,0x00,0x23,0xc5,0x04,0x02,0x00,0xc7,0x07,0xf0,0x02,
	0x5e,0x43,0x03,0x00,0x9d,0xcb,0x00,0x33,0x40,0x6d,0x00,0x00,
	0xe3,0x47,0x00,0x5f,0x5e,0x68,0x00,0x00,0xe0,0x27,0x00,0x5f,
	0x5e,0x68,0x00,0x00,0xd5,0xc7,0x00,0xa7,0x00,0x68,0x00,0x00,
	0xd5,0x07,0x01,0xa7,0x00,0x68,0x00,0x00,0xd6,0xa7,0x00,0xa7,
	0x80,0x68,0x00,0x00,0x36,0x27,0x90,0x66,0x44,0xe0,0x00,0x00,
	0xa1,0x17,0x00,0xc3,0x62,0xbc,0x01,0x00,0xd9,0x07,0x00,0x03,
	0x52,0x80,0x02,0x00,0xa1,0x17,0x00,0x03,0x52,0x96,0x01,0x00,
	0x9a,0x37,0x90,0x86,0xde,0x80,0x00,0x00,0xde,0x07,0x00,0x03,
	0x52,0x03,0x02,0x00,0x9a,0x37,0x90,0x6a,0x5e,0xe0,0x00,0x00,
	0xde,0x07,0x00,0x03,0xd2,0x07,0x02,0x00,0x9a,0x37,0x00,0x6b,
	0x5e,0xe8,0x00,0x00,0x9d,0x0b,0x00,0x6b,0x5e,0x9e,0x02,0x00,
	0xe6,0x07,0xf0,0x02,0xde,0xbf,0x03,0x00,0xa1,0x17,0x00,0x03,
	0xd2,0x52,0x01,0x00,0x9a,0x37,0xf4,0x06,0xd2,0x85,0x01,0x00,
	0xe6,0x07,0xf0,0x02,0xde,0xbf,0x03,0x00,0xa1,0x17,0x00,0x03,
	0x52,0x3c,0x01,0x00,0x9a,0x37,0xf4,0x06,0x52,0xbc,0x01,0x00,
	0x9d,0xab,0x0b,0x68,0x5e,0x6e,0x00,0x00,0xed,0x07,0x00,0x3b,
	0xc0,0x04,0x02,0x00,0x3d,0x09,0x00,0x37,0x40,0x87,0x02,0x00,
	0xc5,0x11,0xf0,0x02,0x5e,0x02,0x00,0x00,0x57,0x13,0xf0,0x02,
	0x5e,0x02,0x00,0x00,0x13,0x10,0xf0,0x02,0x5e,0x02,0x00,0x00,
	0xe7,0x07,0x00,0xaf,0xc0,0x87,0x02,0x00,0x9a,0x17,0x00,0xaf,
	0x40,0x58,0x01,0x00,0xef,0x07,0xf0,0x02,0x5e,0x2a,0x03,0x00,
	0x37,0x0b,0x00,0xaf,0xc0,0x87,0x02,0x00,0x48,0x10,0x28,0x23,
	0x41,0xb0,0x00,0x00,0x94,0x97,0xf2,0x02,0x60,0x80,0x01,0x00,
	0x48,0x10,0x09,0x02,0xe0,0x84,0x01,0x00,0x2a,0x10,0x00,0xaf,
	0x40,0x58,0x01,0x00,0xa1,0x17,0x00,0xb3,0xc1,0x01,0x01,0x00,
	0xa1,0x77,0x10,0x87,0x5e,0x83,0x01,0x00,0x04,0x90,0x00,0x86,
	0x5e,0xbb,0x01,0x00,0x00,0x18,0x00,0x13,0x40,0xb0,0x00,0x00,
	0x37,0x2b,0x00,0xab,0x40,0x68,0x00,0x00,0xff,0x07,0xf0,0x02,
	0xde,0x29,0x03,0x00,0x9a,0x17,0x00,0xab,0x40,0x58,0x01,0x00,
	0xff,0x07,0x00,0xa3,0x47,0x00,0x02,0x00,0xe0,0x11,0x3c,0x1e,
	0x62,0xbc,0x01,0x00,0xea,0x11,0x00,0x03,0x60,0xbc,0x01,0x00,
	0xeb,0x11,0x00,0x6b,0x5e,0xb0,0x00,0x00,0xe8,0x11,0x3d,0x1e,
	0x60,0x98,0x01,0x00,0x06,0x08,0xf0,0x02,0x5e,0x83,0x03,0x00,
	0xc5,0x11,0xf0,0x02,0x5e,0x02,0x00,0x00,0x13,0x10,0xf0,0x02,
	0x5e,0x02,0x00,0x00,0xa3,0x17,0x00,0xab,0x1a,0xb0,0x00,0x00,
	0x57,0x13,0xf0,0x02,0x5e,0x02,0x00,0x00,0x9d,0x4b,0xd5,0x8c,
	0xde,0x68,0x00,0x00,0xff,0xc7,0x04,0x33,0x40,0x6d,0x00,0x00,
	0x10,0x08,0xf0,0x02,0x5e,0xb0,0x03,0x00,0x6c,0x90,0x0d,0x02,
	0xe0,0x82,0x01,0x00,0xa1,0x17,0x00,0x8b,0x0c,0xb0,0x00,0x00,
	0xa2,0x17,0x01,0x9b,0x0c,0x88,0x00,0x00,0xa2,0x57,0xf4,0x1e,
	0x52,0xa8,0x00,0x00,0x11,0x48,0xf4,0x86,0xde,0x68,0x00,0x00,
	0xa1,0x17,0x00,0x87,0x0c,0xb0,0x00,0x00,0x11,0xc8,0x90,0x86,
	0xde,0x68,0x00,0x00,0xa1,0x17,0x00,0x83,0x0c,0xb0,0x00,0x00,
	0x11,0x28,0xf4,0x16,0xd2,0x68,0x00,0x00,0x6c,0x90,0x0d,0x06,
	0xe0,0x82,0x01,0x00,0x04,0x07,0x00,0x03,0x60,0xbc,0x01,0x00,
	0x05,0x07,0x00,0x0f,0xe0,0x88,0x01,0x00,0x21,0x09,0x02,0x33,
	0x40,0x6d,0x00,0x00,0x93,0x17,0x00,0x0f,0x52,0x29,0x01,0x00,
	0xaa,0x17,0x00,0x0f,0x52,0x09,0x01,0x00,0x94,0x97,0xf2,0x02,
	0x60,0x96,0x01,0x00,0x65,0xf0,0x01,0x87,0x41,0xe0,0x00,0x00,
	0xa1,0x17,0x00,0x0f,0x60,0xbc,0x01,0x00,0x1d,0x68,0x90,0x86,
	0xde,0x28,0x00,0x00,0x94,0x97,0xf2,0x06,0x60,0x86,0x01,0x00,
	0x65,0x70,0x00,0x97,0x41,0xe0,0x00,0x00,0x2a,0xc7,0x00,0xab,
	0x1c,0xe0,0x00,0x00,0xa2,0x17,0x00,0x53,0x5e,0x06,0x01,0x00,
	0xa1,0x77,0x04,0x4f,0x5e,0xa0,0x00,0x00,0x2b,0x48,0x04,0x87,
	0xde,0x68,0x00,0x00,0x94,0x97,0xf2,0x06,0xe0,0x86,0x01,0x00,
	0xa2,0x37,0x00,0x8b,0x5e,0xb8,0x00,0x00,0xa0,0x17,0x00,0x03,
	0x5a,0xb0,0x00,0x00,0x25,0x08,0x00,0x03,0xda,0x0a,0x02,0x00,
	0x94,0x97,0xf2,0x06,0x60,0x87,0x01,0x00,0x2b,0x08,0x00,0x3b,
	0xc0,0x84,0x02,0x00,0x2b,0x08,0x00,0x03,0xda,0x03,0x02,0x00,
	0x29,0x08,0xf0,0x02,0xde,0xaa,0x03,0x00,0x2b,0x08,0x00,0x07,
	0x41,0x04,0x02,0x00,0x05,0xa7,0xe0,0x04,0x60,0x80,0x01,0x00,
	0xa2,0x17,0x00,0x53,0x5e,0x06,0x01,0x00,0x04,0x90,0x00,0x8a,
	0xde,0x82,0x01,0x00,0x5c,0x08,0xf0,0x02,0xde,0xa9,0x03,0x00,
	0x46,0x08,0xf0,0x02,0xde,0xaa,0x03,0x00,0x58,0x08,0x00,0x13,
	0xd2,0x87,0x02,0x00,0x86,0x11,0x00,0x13,0x52,0xb0,0x00,0x00,
	0x80,0x11,0x30,0x0a,0xe0,0xa5,0x01,0x00,0x6c,0x90,0x0d,0x02,
	0xe0,0x83,0x01,0x00,0x99,0xf7,0x1f,0xff,0x63,0xbc,0x01,0x00,
	0x65,0x70,0x01,0x87,0x41,0xe0,0x00,0x00,0x38,0x28,0x00,0xab,
	0xde,0x68,0x00,0x00,0xa1,0x77,0xff,0x4f,0x5e,0xa0,0x00,0x00,
	0x44,0x28,0x07,0x87,0xde,0x68,0x00,0x00,0x3a,0x08,0xf0,0x02,
	0xde,0xbf,0x03,0x00,0x44,0x08,0x00,0x0f,0x52,0x84,0x02,0x00,
	0x3d,0x08,0x00,0x0f,0xd2,0x04,0x02,0x00,0x43,0x08,0xf0,0x02,
	0x5e,0xb1,0x03,0x00,0x65,0x10,0x01,0x87,0x41,0xe0,0x00,0x00,
	0x3e,0x08,0xf0,0x02,0xde,0xbf,0x03,0x00,0x43,0x08,0xf0,0x02,
	0x5e,0xb3,0x03,0x00,0x44,0x08,0x00,0xf3,0x80,0x00,0x02,0x00,
	0x44,0x08,0x00,0x17,0x52,0x00,0x02,0x00,0x22,0x0d,0xf0,0x02,
	0x5e,0x02,0x00,0x00,0x44,0x08,0x00,0x77,0xc0,0x00,0x02,0x00,
	0x99,0x17,0x00,0x77,0x40,0x29,0x01,0x00,0x6c,0x90,0x0d,0x06,
	0xe0,0x83,0x01,0x00,0x58,0x08,0x00,0x17,0x52,0x00,0x02,0x00,
	0x58,0x08,0xf0,0x02,0x5e,0x31,0x03,0x00,0xbf,0xf7,0xf7,0x02,
	0xe0,0x84,0x01,0x00,0x49,0x08,0x00,0x17,0x52,0x00,0x02,0x00,
	0x56,0x08,0x00,0x97,0xa7,0x02,0x02,0x00,0x56,0x08,0x00,0x5f,
	0xde,0x68,0x00,0x00,0x56,0x08,0x00,0x03,0x27,0x68,0x00,0x00,
	0xa1,0x17,0x00,0xfb,0x27,0xb0,0x00,0x00,0x56,0x28,0xf4,0x02,
	0xa7,0x6d,0x00,0x00,0x52,0x08,0x00,0x33,0x28,0x68,0x00,0x00,
	0x52,0x88,0x02,0x4f,0xde,0x68,0x00,0x00,0x0b,0x2a,0x00,0x2f,
	0x28,0xe0,0x00,0x00,0xbf,0xf7,0xf7,0x06,0xe0,0x86,0x01,0x00,
	0x56,0x08,0xf0,0x02,0xde,0xbf,0x03,0x00,0x56,0x48,0x00,0xab,
	0xde,0x68,0x00,0x00,0xa2,0x17,0x00,0x03,0x28,0xb0,0x00,0x00,
	0x56,0x48,0xf4,0xfe,0xa7,0x6d,0x00,0x00,0xbf,0xf7,0xf7,0x06,
	0xe0,0x84,0x01,0x00,0x58,0x08,0x00,0xb7,0x27,0x68,0x00,0x00,
	0xbf,0xf7,0xf7,0x06,0xe0,0x80,0x01,0x00,0x5c,0x08,0x00,0x0f,
	0x52,0x08,0x02,0x00,0x84,0x20,0x00,0x13,0x02,0xe0,0x00,0x00,
	0x94,0x97,0xf2,0x06,0x60,0x80,0x01,0x00,0x22,0x09,0xf0,0x02,
	0xde,0xbf,0x03,0x00,0xcf,0x08,0x00,0x0f,0x52,0x07,0x02,0x00,
	0xcc,0x08,0x00,0xa3,0x47,0x80,0x02,0x00,0x2a,0x87,0x00,0xab,
	0x1c,0xe0,0x00,0x00,0x29,0x87,0x00,0xa7,0x1c,0xe8,0x00,0x00,
	0xe4,0x11,0x00,0x03,0x60,0xbc,0x01,0x00,0xa5,0xf7,0x1f,0xff,
	0x63,0xbc,0x01,0x00,0xe1,0xd1,0x03,0x03,0x60,0xbc,0x01,0x00,
	0x65,0x08,0x00,0x53,0x5e,0x06,0x02,0x00,0xe1,0x91,0x04,0x03,
	0x60,0xbc,0x01,0x00,0x69,0x08,0x00,0x53,0xde,0x06,0x02,0x00,
	0xe1,0x51,0x00,0x87,0x47,0xe0,0x00,0x00,0x69,0x08,0x00,0x0f,
	0xd2,0x07,0x02,0x00,0xe1,0x91,0x00,0x87,0x47,0xe0,0x00,0x00,
	0x21,0xc9,0x02,0x33,0x40,0x6d,0x00,0x00,0x6c,0x88,0x05,0x4f,
	0x5e,0x68,0x00,0x00,0xcf,0x48,0x00,0xab,0xde,0x68,0x00,0x00,
	0x6f,0x08,0xf0,0x02,0xde,0xaa,0x03,0x00,0xcf,0x08,0x00,0x17,
	0x52,0x00,0x02,0x00,0x77,0x08,0x00,0xf3,0x80,0x05,0x02,0x00,
	0x65,0x10,0x01,0x87,0x41,0xe0,0x00,0x00,0x22,0x0d,0xf0,0x02,
	0x5e,0x02,0x00,0x00,0x74,0x08,0x00,0x77,0xc0,0x00,0x02,0x00,
	0xa5,0x17,0x00,0x77,0x40,0x29,0x01,0x00,0xa5,0x97,0x00,0x97,
	0x5e,0xe0,0x00,0x00,0x77,0xe8,0xff,0x97,0xde,0x68,0x00,0x00,
	0xcf,0x08,0x00,0x17,0x52,0x80,0x02,0x00,0xcf,0x08,0x00,0xbf,
	0x00,0x07,0x02,0x00,0xa2,0x97,0x17,0x1b,0x60,0xbc,0x01,0x00,
	0x65,0x30,0x00,0x87,0x47,0x90,0x00,0x00,0x65,0x50,0xf4,0x96,
	0x41,0xe0,0x00,0x00,0x20,0x07,0x01,0x87,0x47,0xe0,0x00,0x00,
	0x82,0x08,0xf0,0x02,0x5e,0x83,0x03,0x00,0xc5,0x11,0xf0,0x02,
	0x5e,0x02,0x00,0x00,0xa3,0x17,0x00,0xab,0x1a,0xb0,0x00,0x00,
	0x57,0x13,0xf0,0x02,0x5e,0x02,0x00,0x00,0x9d,0x4b,0xd5,0x8c,
	0xde,0x68,0x00,0x00,0x13,0x10,0xf0,0x02,0x5e,0x02,0x00,0x00,
	0x7b,0x08,0xe4,0x30,0x40,0x6d,0x00,0x00,0x21,0x09,0xe4,0x30,
	0x40,0x6d,0x00,0x00,0xa1,0x57,0x1d,0x0b,0x60,0xbc,0x01,0x00,
	0x92,0xe8,0xff,0x97,0xde,0x68,0x00,0x00,0xa5,0x17,0x00,0x07,
	0x5a,0x0f,0x01,0x00,0x92,0x08,0xf0,0x02,0xde,0x1e,0x03,0x00,
	0x92,0x08,0x00,0x17,0x52,0x00,0x02,0x00,0xcf,0x08,0xf0,0x02,
	0xde,0x2b,0x03,0x00,0x92,0xe8,0xff,0x67,0x5e,0x68,0x00,0x00,
	0x99,0x97,0x00,0x67,0x5e,0xe0,0x00,0x00,0x64,0x30,0xf4,0x66,
	0x5e,0xe0,0x00,0x00,0x99,0x17,0x00,0x03,0x58,0x2a,0x01,0x00,
	0xa5,0x17,0x00,0x97,0xde,0x00,0x01,0x00,0x99,0xb7,0xf4,0x66,
	0x5e,0xe0,0x00,0x00,0x99,0x37,0x00,0x67,0x5e,0xe0,0x00,0x00,
	0xa6,0x17,0x00,0x03,0x58,0x15,0x01,0x00,0xa2,0x08,0xf0,0x02,
	0xde,0xbf,0x03,0x00,0x64,0x30,0xf4,0x96,0x5e,0xe0,0x00,0x00,
	0x99,0x17,0x00,0x03,0x58,0x2a,0x01,0x00,0xa1,0x08,0x00,0xf3,
	0x80,0x05,0x02,0x00,0x99,0x37,0xf3,0x02,0xe0,0x82,0x01,0x00,
	0xa1,0x08,0x00,0x17,0x52,0x00,0x02,0x00,0xa6,0x17,0x00,0x03,
	0xd8,0x16,0x01,0x00,0xa4,0x17,0x00,0x07,0x5a,0x0f,0x01,0x00,
	0xa1,0x17,0x00,0x03,0xd8,0x0c,0x01,0x00,0x9d,0x28,0xf4,0x92,
	0xde,0x68,0x00,0x00,0x99,0x17,0x02,0x67,0x5e,0xe0,0x00,0x00,
	0xa2,0x08,0xf0,0x02,0xde,0xbf,0x03,0x00,0xa1,0x17,0x00,0x03,
	0xd8,0x0d,0x01,0x00,0xcf,0x28,0xf4,0x92,0xde,0x68,0x00,0x00,
	0x99,0x17,0x04,0x67,0x5e,0xe0,0x00,0x00,0xa2,0x08,0xf0,0x02,
	0xde,0xbf,0x03,0x00,0xa6,0x17,0x00,0x03,0x58,0x10,0x01,0x00,
	0x80,0x77,0x00,0x67,0x5e,0x88,0x00,0x00,0x64,0x10,0xf0,0xae,
	0x00,0xe0,0x00,0x00,0x04,0x87,0xe0,0x64,0xde,0xaa,0x01,0x00,
	0xbc,0x48,0x00,0x9b,0xde,0x68,0x00,0x00,0xaf,0x08,0x00,0x87,
	0x81,0x07,0x02,0x00,0xaf,0x08,0x0c,0x03,0xde,0x6d,0x00,0x00,
	0xaf,0x08,0x00,0x0f,0x52,0x85,0x02,0x00,0xaf,0x08,0x00,0x3b,
	0x52,0x98,0x02,0x00,0x05,0xa7,0xe0,0x04,0xe0,0x81,0x01,0x00,
	0xa3,0x37,0x0b,0x00,0x5e,0xe0,0x00,0x00,0xa3,0x97,0x00,0x8f,
	0x5e,0xe0,0x00,0x00,0xa2,0x77,0x00,0x87,0x41,0xe0,0x00,0x00,
	0x7c,0x0e,0xf0,0x02,0x5e,0x02,0x00,0x00,0x29,0x07,0x01,0xa7,
	0x1c,0xe8,0x00,0x00,0x81,0x57,0x07,0x1f,0x60,0xbc,0x01,0x00,
	0xa1,0x77,0x00,0x97,0x5e,0x88,0x00,0x00,0x63,0xb0,0xf4,0x86,
	0x5e,0xe8,0x00,0x00,0xa1,0x17,0x0e,0x07,0x60,0xbc,0x01,0x00,
	0x63,0x30,0xf4,0x8e,0x41,0xe0,0x00,0x00,0xa1,0x17,0x00,0x17,
	0x56,0xb0,0x00,0x00,0xa2,0x17,0x00,0x1b,0x56,0xb0,0x00,0x00,
	0xcf,0x48,0xd0,0x86,0xde,0x68,0x00,0x00,0xcf,0x68,0xd0,0x8a,
	0xde,0x68,0x00,0x00,0x51,0x0e,0xf0,0x02,0x5e,0x02,0x00,0x00,
	0x64,0x10,0x07,0x1f,0x60,0xbc,0x01,0x00,0xa2,0x17,0x00,0x4f,
	0x62,0xbc,0x01,0x00,0xa4,0x0e,0xf0,0x02,0x5e,0x02,0x00,0x00,
	0xcc,0x48,0x00,0x9b,0x5e,0x68,0x00,0x00,0xe0,0x71,0xf4,0x1e,
	0x62,0xbc,0x01,0x00,0xc1,0x68,0x00,0x9b,0x5e,0x68,0x00,0x00,
	0xcc,0xa8,0x00,0x9b,0xde,0x68,0x00,0x00,0xe8,0x11,0x3d,0x06,
	0x60,0x98,0x01,0x00,0x2a,0x87,0x00,0xab,0x1c,0xe0,0x00,0x00,
	0x29,0x87,0x00,0xa7,0x1c,0xe8,0x00,0x00,0xea,0x11,0x00,0x03,
	0x60,0xbc,0x01,0x00,0xc7,0x48,0x00,0x5f,0xde,0x68,0x00,0x00,
	0xeb,0x11,0x00,0x6b,0x5e,0xb0,0x00,0x00,0xe8,0x11,0x3d,0x5e,
	0xde,0x92,0x01,0x00,0xe8,0x11,0x3d,0x02,0x60,0x87,0x01,0x00,
	0xcb,0xa8,0x00,0x9b,0xde,0x68,0x00,0x00,0xe8,0x11,0x3d,0x06,
	0x60,0x87,0x01,0x00,0xe8,0x11,0x3d,0x16,0x60,0x98,0x01,0x00,
	0x04,0x87,0xe0,0x04,0xe0,0x81,0x01,0x00,0x04,0x87,0xe0,0x64,
	0xde,0xaa,0x01,0x00,0xd3,0x08,0xf0,0x02,0xde,0xbf,0x03,0x00,
	0xe0,0x11,0x00,0x0f,0x62,0xbc,0x01,0x00,0xe4,0x11,0x00,0x03,
	0x60,0xbc,0x01,0x00,0x05,0xa7,0xe0,0x00,0xe0,0x81,0x01,0x00,
	0xe8,0x11,0x00,0x0f,0x60,0xbc,0x01,0x00,0xda,0x08,0x00,0x17,
	0x1c,0x00,0x02,0x00,0x29,0x47,0xf3,0xa6,0x1c,0xe0,0x00,0x00,
	0x25,0x10,0x00,0xab,0x1c,0xb0,0x00,0x00,0x29,0xa7,0x04,0xa6,
	0x1c,0xe8,0x00,0x00,0xda,0xc8,0x01,0xa7,0x9c,0x6a,0x00,0x00,
	0x24,0x90,0x04,0x06,0x60,0xb8,0x01,0x00,0x94,0x97,0xf2,0x06,
	0xe0,0x82,0x01,0x00,0x04,0x90,0x00,0x0a,0x60,0x88,0x01,0x00,
	0xa1,0x17,0x00,0x3b,0xc0,0x04,0x01,0x00,0x6c,0x90,0x0d,0x86,
	0xde,0x81,0x01,0x00,0xe8,0x08,0xf0,0x02,0xde,0xa0,0x03,0x00,
	0xed,0xa8,0x06,0x4f,0x5e,0x68,0x00,0x00,0x80,0x17,0x00,0x03,
	0x52,0x38,0x01,0x00,0x81,0x17,0x00,0x5f,0x5e,0xb0,0x00,0x00,
	0xe7,0x08,0x00,0xb7,0xde,0x03,0x02,0x00,0xe6,0x08,0x00,0x07,
	0x5e,0x68,0x00,0x00,0x80,0x77,0x01,0x03,0x60,0xbc,0x01,0x00,
	0x81,0x37,0x00,0x03,0x60,0xbc,0x01,0x00,0xe7,0x08,0xf0,0x02,
	0xde,0xbf,0x03,0x00,0x80,0x57,0x01,0x03,0x60,0xbc,0x01,0x00,
	0xde,0x00,0xf0,0x02,0x5e,0x02,0x00,0x00,0xed,0x48,0x00,0xab,
	0xde,0x68,0x00,0x00,0xa1,0x77,0x04,0x4f,0x5e,0xa0,0x00,0x00,
	0xf1,0x4a,0x00,0x87,0x5e,0x68,0x00,0x00,0xf1,0x4a,0x04,0x87,
	0x5e,0x68,0x00,0x00,0xab,0x0c,0xf0,0x02,0xde,0xbf,0x03,0x00,
	0x38,0x0e,0xf0,0x02,0x5e,0x02,0x00,0x00,0xc5,0x11,0xf0,0x02,
	0x5e,0x02,0x00,0x00,0xa3,0x17,0x00,0xab,0x1a,0xb0,0x00,0x00,
	0x57,0x13,0xf0,0x02,0x5e,0x02,0x00,0x00,0x9d,0x4b,0xd5,0x8c,
	0xde,0x68,0x00,0x00,0x13,0x10,0xf0,0x02,0x5e,0x02,0x00,0x00,
	0xed,0x08,0xf0,0x02,0x5e,0x03,0x03,0x00,0xfc,0x08,0xf0,0x02,
	0xde,0xa9,0x03,0x00,0xc5,0x11,0xf0,0x02,0x5e,0x02,0x00,0x00,
	0x57,0x13,0xf0,0x02,0x5e,0x02,0x00,0x00,0x13,0x10,0xf0,0x02,
	0x5e,0x02,0x00,0x00,0xf5,0x08,0x00,0x37,0x40,0x07,0x02,0x00,
	0x38,0x0b,0xf0,0x02,0xde,0x86,0x03,0x00,0x37,0x0b,0x00,0x37,
	0xc0,0x87,0x02,0x00,0x1f,0x0d,0xf0,0x02,0x5e,0x02,0x00,0x00,
	0x26,0x09,0x02,0x30,0x40,0x6e,0x00,0x00,0x26,0x09,0xf0,0x02,
	0xde,0x01,0x03,0x00,0x0e,0x09,0x00,0xab,0xde,0x68,0x00,0x00,
	0x02,0x09,0xf0,0x02,0xde,0x2a,0x03,0x00,0x8a,0x20,0x00,0x2b,
	0x02,0xe0,0x00,0x00,0x06,0x09,0xf0,0x02,0xde,0xbf,0x03,0x00,
	0x05,0x09,0x00,0x17,0x52,0x80,0x02,0x00,0x90,0x20,0x00,0x43,
	0x02,0xe0,0x00,0x00,0x06,0x09,0xf0,0x02,0xde,0xbf,0x03,0x00,
	0x95,0x20,0x00,0x57,0x02,0xe0,0x00,0x00,0xfc,0x0b,0x04,0x4f,
	0x5e,0x68,0x00,0x00,0xfc,0x8b,0x02,0x4f,0x5e,0x68,0x00,0x00,
	0x75,0x0a,0x02,0x4f,0x5e,0x68,0x00,0x00,0xea,0x8a,0x04,0x4f,
	0x5e,0x68,0x00,0x00,0x9c,0x0c,0x05,0x4f,0x5e,0x68,0x00,0x00,
	0x9c,0x0c,0x06,0x4f,0x5e,0x68,0x00,0x00,0xa5,0x8c,0x06,0x4f,
	0x5e,0x68,0x00,0x00,0xab,0x0c,0xf0,0x02,0xde,0xbf,0x03,0x00,
	0x1f,0x29,0x00,0xab,0xde,0x68,0x00,0x00,0x12,0x09,0xf0,0x02,
	0xde,0x2a,0x03,0x00,0x8b,0x20,0x00,0x2f,0x02,0xe0,0x00,0x00,
	0x16,0x09,0xf0,0x02,0xde,0xbf,0x03,0x00,0x15,0x09,0x00,0x17,
	0x52,0x80,0x02,0x00,0x91,0x20,0x00,0x47,0x02,0xe0,0x00,0x00,
	0x16,0x09,0xf0,0x02,0xde,0xbf,0x03,0x00,0x96,0x20,0x00,0x5b,
	0x02,0xe0,0x00,0x00,0x43,0xaa,0x06,0x4f,0x5e,0x68,0x00,0x00,
	0xc0,0x2c,0x04,0x4f,0x5e,0x68,0x00,0x00,0xc0,0xac,0x04,0x4f,
	0x5e,0x68,0x00,0x00,0xf6,0xaa,0x05,0x4f,0x5e,0x68,0x00,0x00,
	0x43,0x2a,0x06,0x4f,0x5e,0x68,0x00,0x00,0x9a,0x2c,0x05,0x4f,
	0x5e,0x68,0x00,0x00,0xa1,0x77,0xff,0x4f,0x5e,0xa0,0x00,0x00,
	0xb3,0x2c,0x07,0x87,0x5e,0x68,0x00,0x00,0x6e,0x0a,0xf0,0x02,
	0xde,0xbf,0x03,0x00,0x84,0x20,0x00,0x13,0x02,0xe0,0x00,0x00,
	0x72,0x0a,0xf0,0x02,0xde,0xbf,0x03,0x00,0x83,0x20,0x00,0x0f,
	0x02,0xe0,0x00,0x00,0xe8,0x11,0x00,0x0f,0x60,0xbc,0x01,0x00,
	0xcf,0x08,0x00,0x3b,0xc0,0x84,0x02,0x00,0x48,0x10,0x09,0x06,
	0xe0,0x84,0x01,0x00,0xcf,0x08,0xf0,0x02,0xde,0xbf,0x03,0x00,
	0x02,0x00,0x00,0x93,0xc0,0x00,0x02,0x00,0x2a,0x09,0xf0,0x02,
	0x5e,0xa3,0x03,0x00,0x29,0x09,0xf0,0x02,0x5e,0xc3,0x03,0x00,
	0x99,0x0b,0xf0,0x02,0xde,0xbf,0x03,0x00,0xc5,0x11,0xf0,0x02,
	0x5e,0x02,0x00,0x00,0x57,0x13,0xf0,0x02,0x5e,0x02,0x00,0x00,
	0x13,0x10,0xf0,0x02,0x5e,0x02,0x00,0x00,0x2f,0x09,0x00,0xaf,
	0xc0,0x07,0x02,0x00,0x2a,0x09,0x00,0x37,0x40,0x07,0x02,0x00,
	0xa1,0x17,0x00,0xaf,0xc0,0x07,0x01,0x00,0xa1,0x37,0x00,0x87,
	0x5e,0xb8,0x00,0x00,0x6c,0x90,0x0d,0x86,0x5e,0x82,0x01,0x00,
	0x06,0x07,0x00,0x7f,0x44,0xb0,0x00,0x00,0x48,0x10,0x09,0x02,
	0x60,0x83,0x01,0x00,0x38,0x0e,0xf0,0x02,0x5e,0x02,0x00,0x00,
	0x37,0x0b,0x00,0x37,0xc0,0x87,0x02,0x00,0x38,0x0b,0xf0,0x02,
	0xde,0x86,0x03,0x00,0xc5,0x11,0xf0,0x02,0x5e,0x02,0x00,0x00,
	0xa3,0x17,0x00,0xab,0x1a,0xb0,0x00,0x00,0x57,0x13,0xf0,0x02,
	0x5e,0x02,0x00,0x00,0x9d,0x4b,0xd5,0x8c,0xde,0x68,0x00,0x00,
	0x13,0x10,0xf0,0x02,0x5e,0x02,0x00,0x00,0x34,0x09,0xf0,0x02,
	0x5e,0x43,0x03,0x00,0x37,0x0b,0x00,0x37,0xc0,0x87,0x02,0x00,
	0x51,0x09,0xf0,0x02,0xde,0x01,0x03,0x00,0x51,0x09,0xf0,0x02,
	0x5e,0x30,0x03,0x00,0x65,0xd0,0x12,0x1b,0x60,0xbc,0x01,0x00,
	0x65,0xb0,0xd2,0x94,0x41,0xe0,0x00,0x00,0xa2,0x17,0x00,0x6b,
	0x40,0x2d,0x01,0x00,0xa2,0x37,0x01,0x8b,0x5e,0x88,0x00,0x00,
	0x80,0x16,0x00,0x2b,0x40,0x38,0x01,0x00,0x47,0x09,0x00,0x27,
	0x40,0x88,0x02,0x00,0x80,0x16,0xd0,0x06,0x60,0x84,0x01,0x00,
	0x80,0x56,0xf4,0x02,0x5a,0xb0,0x00,0x00,0xa1,0xd7,0x0d,0x1b,
	0x60,0xbc,0x01,0x00,0xd3,0x00,0xf0,0x02,0x5e,0x02,0x00,0x00,
	0x81,0x16,0x00,0x67,0x40,0xb0,0x00,0x00,0xa1,0xf7,0x0d,0x1b,
	0x60,0xbc,0x01,0x00,0xd3,0x00,0xf0,0x02,0x5e,0x02,0x00,0x00,
	0x82,0x16,0x00,0x67,0x40,0xb0,0x00,0x00,0x95,0x66,0x00,0x57,
	0x1a,0xe0,0x00,0x00,0x51,0x89,0x01,0x57,0x1a,0x69,0x00,0x00,
	0x95,0x06,0x00,0x03,0x60,0xbc,0x01,0x00,0x53,0x09,0x00,0x17,
	0x1c,0x80,0x02,0x00,0x3e,0x0a,0x02,0x30,0x40,0x6e,0x00,0x00,
	0x61,0x09,0xf0,0x02,0xde,0x81,0x03,0x00,0x85,0x20,0x00,0x17,
	0x02,0xe0,0x00,0x00,0x57,0x09,0xf0,0x02,0xde,0x29,0x03,0x00,
	0x58,0x09,0x00,0xd7,0xa9,0x68,0x00,0x00,0x75,0xaa,0x4e,0x05,
	0x60,0x80,0x01,0x00,0x5c,0x09,0xf0,0x02,0xde,0xa9,0x03,0x00,
	0x48,0x10,0x09,0x06,0xe0,0x84,0x01,0x00,0x48,0x10,0x09,0x02,
	0xe0,0x80,0x01,0x00,0xbf,0xf7,0xf7,0x02,0xe0,0x84,0x01,0x00,
	0x10,0x0e,0xf0,0x02,0x5e,0x02,0x00,0x00,0x38,0x0b,0xf0,0x02,
	0xde,0x86,0x03,0x00,0x04,0x87,0xe0,0x04,0x60,0x80,0x01,0x00,
	0x94,0x97,0xf2,0x06,0x60,0x80,0x01,0x00,0x0c,0x0a,0xf0,0x02,
	0xde,0xbf,0x03,0x00,0xbf,0xf7,0xf7,0x02,0x60,0x83,0x01,0x00,
	0x65,0x09,0xf0,0x02,0xde,0x29,0x03,0x00,0x77,0x09,0x00,0xd7,
	0xa9,0x88,0x02,0x00,0x75,0x0a,0x00,0x03,0x60,0xbc,0x01,0x00,
	0x72,0x09,0xf0,0x02,0xde,0xaa,0x03,0x00,0x76,0x29,0x00,0xab,
	0x5e,0x68,0x00,0x00,0x70,0x09,0x00,0xab,0x5e,0x68,0x00,0x00,
	0xa1,0x17,0x00,0x0f,0x52,0x0c,0x01,0x00,0x6c,0x29,0x00,0x87,
	0x5e,0x68,0x00,0x00,0x6e,0x49,0x00,0x87,0x5e,0x68,0x00,0x00,
	0x76,0x09,0xf0,0x02,0xde,0xbf,0x03,0x00,0x72,0x09,0xf0,0x02,
	0xde,0xb0,0x03,0x00,0x74,0x09,0xf0,0x02,0xde,0xbf,0x03,0x00,
	0x72,0x09,0xf0,0x02,0x5e,0xb1,0x03,0x00,0x74,0x09,0xf0,0x02,
	0xde,0xbf,0x03,0x00,0x72,0x09,0xf0,0x02,0x5e,0xb3,0x03,0x00,
	0x74,0x09,0xf0,0x02,0xde,0xbf,0x03,0x00,0x75,0xaa,0x4e,0x05,
	0xe0,0x80,0x01,0x00,0x77,0x09,0xf0,0x02,0xde,0xbf,0x03,0x00,
	0x75,0xaa,0x4e,0x05,0x60,0x81,0x01,0x00,0x77,0x09,0xf0,0x02,
	0xde,0xbf,0x03,0x00,0x75,0xaa,0x4e,0x05,0x60,0x80,0x01,0x00,
	0xb1,0x26,0xd6,0x04,0xe0,0x82,0x01,0x00,0x38,0x0b,0xf0,0x02,
	0xde,0x86,0x03,0x00,0x9c,0x09,0xf0,0x02,0xde,0x2a,0x03,0x00,
	0x80,0x09,0xf0,0x02,0xde,0xa9,0x03,0x00,0x9c,0x49,0x00,0xab,
	0xde,0x68,0x00,0x00,0x9f,0x17,0x00,0x3b,0x52,0xb0,0x00,0x00,
	0xbe,0x17,0x00,0x3b,0x52,0xb0,0x00,0x00,0x10,0x27,0x00,0x03,
	0x60,0xbc,0x01,0x00,0x9c,0x09,0xf0,0x02,0xde,0xbf,0x03,0x00,
	0xa9,0x09,0x00,0x53,0x5e,0x87,0x02,0x00,0x8b,0x09,0xf0,0x02,
	0xde,0xa0,0x03,0x00,0x0d,0x07,0xf0,0x02,0xde,0xbf,0x03,0x00,
	0x48,0x10,0x09,0x0a,0x60,0x90,0x01,0x00,0x9f,0x17,0x00,0x3b,
	0x52,0xb0,0x00,0x00,0xbe,0x17,0x00,0x3b,0x52,0xb0,0x00,0x00,
	0xeb,0xb0,0x00,0x83,0x5e,0x9e,0x01,0x00,0xa1,0x17,0x00,0x0f,
	0x52,0x06,0x01,0x00,0xa1,0x37,0x00,0x87,0x5e,0xb8,0x00,0x00,
	0xab,0x77,0xf5,0x86,0xde,0x82,0x01,0x00,0x80,0x30,0x00,0x03,
	0x61,0xbc,0x01,0x00,0xa2,0xf7,0xf3,0x3a,0x52,0xe8,0x00,0x00,
	0x8e,0xe9,0xf3,0x3a,0xd2,0x6b,0x00,0x00,0xa2,0xd7,0x91,0x7e,
	0x5e,0xe8,0x00,0x00,0xa1,0x97,0x00,0x8b,0x5e,0x90,0x00,0x00,
	0x64,0x10,0x02,0x1f,0x60,0xbc,0x01,0x00,0x99,0xe9,0xf3,0x3a,
	0x52,0x6b,0x00,0x00,0xa2,0x17,0x00,0x87,0x5e,0x18,0x01,0x00,
	0xa3,0x17,0x00,0x87,0x5e,0x0a,0x01,0x00,0xa2,0x57,0xf4,0x06,
	0x60,0x88,0x00,0x00,0x64,0x70,0xf4,0x92,0x41,0xe0,0x00,0x00,
	0x00,0x56,0xf4,0x02,0x58,0xb0,0x00,0x00,0x9c,0xc9,0x91,0xfa,
	0xde,0x6b,0x00,0x00,0xbe,0x17,0x00,0x3b,0x52,0xb0,0x00,0x00,
	0x9c,0x09,0xf0,0x02,0xde,0xbf,0x03,0x00,0x50,0x12,0xf0,0x02,
	0x5e,0x02,0x00,0x00,0x10,0x27,0x00,0x43,0x1c,0xb0,0x00,0x00,
	0x9f,0x17,0x00,0x3b,0x52,0xb0,0x00,0x00,0xa9,0x09,0xf0,0x02,
	0xde,0x20,0x03,0x00,0xa0,0x09,0x00,0x53,0x5e,0x07,0x02,0x00,
	0x48,0x10,0x09,0x02,0xe0,0x80,0x01,0x00,0xa9,0x09,0xf0,0x02,
	0xde,0xbf,0x03,0x00,0xa6,0x09,0x00,0x5f,0xde,0x68,0x00,0x00,
	0xa4,0x09,0x00,0x07,0x54,0x1a,0x02,0x00,0xa1,0x17,0x00,0x27,
	0xc0,0x03,0x01,0x00,0x86,0xd0,0x10,0x86,0x5e,0x82,0x01,0x00,
	0xa1,0x17,0x00,0x27,0xc0,0x02,0x01,0x00,0x8a,0x30,0xf4,0x2a,
	0x42,0xe0,0x00,0x00,0x04,0x87,0xe0,0x04,0xe0,0x80,0x01,0x00,
	0xa9,0x09,0xf0,0x02,0xde,0xa9,0x03,0x00,0x80,0x10,0x00,0x47,
	0x5e,0xb0,0x00,0x00,0xa1,0x17,0x00,0x4f,0x5e,0x08,0x01,0x00,
	0xc7,0x29,0x00,0x87,0x5e,0x68,0x00,0x00,0xcc,0x09,0xf0,0x02,
	0xde,0xaa,0x03,0x00,0xba,0x09,0x00,0x17,0x52,0x00,0x02,0x00,
	0xaf,0x49,0x00,0xab,0xde,0x68,0x00,0x00,0x94,0x20,0x00,0x53,
	0x02,0xe0,0x00,0x00,0x0c,0x0a,0x00,0x53,0x5e,0x86,0x02,0x00,
	0x9d,0x0b,0x00,0x0f,0x52,0x84,0x02,0x00,0xb4,0x09,0x00,0x0f,
	0xd2,0x84,0x02,0x00,0xb8,0x09,0xf0,0x02,0xde,0xab,0x03,0x00,
	0xc0,0x09,0xf0,0x02,0xde,0xbf,0x03,0x00,0xc0,0x09,0xf0,0x02,
	0xde,0x2b,0x03,0x00,0xb8,0x09,0x04,0x4f,0x5e,0x68,0x00,0x00,
	0xa1,0x17,0x00,0x0f,0xd2,0x06,0x01,0x00,0x94,0x97,0xf2,0x86,
	0x5e,0x84,0x01,0x00,0x0c,0x0a,0x02,0x4f,0x5e,0x68,0x00,0x00,
	0xf3,0x09,0xf0,0x02,0xde,0xbf,0x03,0x00,0xbd,0x09,0xf0,0x02,
	0xde,0x1e,0x03,0x00,0xbd,0x09,0xf0,0x02,0x5e,0x31,0x03,0x00,
	0x94,0x97,0xf2,0x02,0x60,0x84,0x01,0x00,0xc2,0x49,0x00,0xab,
	0xde,0x68,0x00,0x00,0x8f,0x20,0x00,0x3f,0x02,0xe0,0x00,0x00,
	0xc5,0x09,0xf0,0x02,0xde,0xbf,0x03,0x00,0xc5,0x49,0x00,0xab,
	0x5e,0x68,0x00,0x00,0x0c,0x0a,0x00,0x2f,0x52,0x80,0x02,0x00,
	0xc5,0x09,0x00,0x07,0x41,0x02,0x02,0x00,0x0c,0x0a,0x04,0x4f,
	0x5e,0x68,0x00,0x00,0x0c,0x8a,0x02,0x4f,0x5e,0x68,0x00,0x00,
	0x9d,0x0b,0x00,0x07,0x41,0x04,0x02,0x00,0x0c,0x0a,0xf0,0x02,
	0xde,0xbf,0x03,0x00,0x0c,0x0a,0xf0,0x02,0xde,0x2a,0x03,0x00,
	0xce,0x89,0x37,0x65,0x44,0xe0,0x00,0x00,0xf3,0xa9,0x05,0x4f,
	0x5e,0x68,0x00,0x00,0xf3,0x29,0x05,0x4f,0x5e,0x68,0x00,0x00,
	0x0c,0x0a,0xf0,0x02,0xde,0xbf,0x03,0x00,0xce,0x89,0x37,0x65,
	0x44,0xe0,0x00,0x00,0xdf,0x49,0x00,0xab,0xde,0x68,0x00,0x00,
	0xcf,0x09,0x00,0x03,0x60,0xbc,0x01,0x00,0xae,0xd7,0xf5,0x02,
	0x60,0x82,0x01,0x00,0xd3,0x09,0x00,0xff,0x5e,0x80,0x02,0x00,
	0xd5,0x09,0x00,0xb7,0x27,0x68,0x00,0x00,0xed,0x89,0x3d,0x65,
	0x44,0xe0,0x00,0x00,0xd5,0xc9,0xff,0xd3,0x27,0x68,0x00,0x00,
	0xf4,0x29,0x00,0xd3,0x27,0xe0,0x00,0x00,0xdf,0x09,0x00,0xff,
	0xde,0x01,0x02,0x00,0xdf,0x09,0x00,0xb3,0x5e,0x04,0x02,0x00,
	0xac,0x97,0xf5,0x02,0x60,0x84,0x01,0x00,0xa4,0xd7,0x3a,0x65,
	0x44,0xe8,0x00,0x00,0xb2,0x11,0xf0,0x02,0x5e,0x02,0x00,0x00,
	0xd6,0x09,0x00,0x03,0x60,0xbc,0x01,0x00,0xde,0x09,0x00,0x0f,
	0xd2,0x06,0x02,0x00,0xd9,0x49,0x06,0x67,0x44,0xe0,0x00,0x00,
	0xdf,0x09,0xf0,0x02,0xde,0xbf,0x03,0x00,0xd9,0x09,0x3b,0x65,
	0x44,0xe0,0x00,0x00,0xe2,0x09,0x00,0x53,0x5e,0x06,0x02,0x00,
	0x98,0x20,0x00,0x63,0x02,0xe0,0x00,0x00,0x0c,0x0a,0xf0,0x02,
	0xde,0xbf,0x03,0x00,0xea,0x09,0xf0,0x02,0xde,0x23,0x03,0x00,
	0xa3,0x17,0x00,0x0b,0x50,0x29,0x01,0x00,0xea,0x29,0x05,0x8f,
	0xde,0x68,0x00,0x00,0x83,0x70,0x10,0x02,0xe0,0x87,0x01,0x00,
	0x48,0x10,0x09,0x02,0x60,0x84,0x01,0x00,0xa1,0x17,0x00,0x87,
	0x5e,0xb0,0x00,0x00,0xe9,0x29,0x00,0x03,0xe0,0x6e,0x00,0x00,
	0xea,0x09,0xf0,0x02,0xde,0xd1,0x03,0x00,0xf0,0x49,0x00,0xab,
	0xde,0x68,0x00,0x00,0x89,0x20,0x00,0x27,0x02,0xe0,0x00,0x00,
	0xf0,0x09,0x00,0xbf,0x80,0x07,0x02,0x00,0xa1,0x17,0x00,0x0f,
	0xd2,0x07,0x01,0x00,0xac,0x97,0xf5,0x86,0x5e,0x81,0x01,0x00,
	0xa8,0x17,0x00,0x03,0x60,0xbc,0x01,0x00,0x0c,0x0a,0x00,0x4f,
	0x5e,0x68,0x00,0x00,0x0c,0x0a,0x01,0x4f,0x5e,0x68,0x00,0x00,
	0x0c,0x8a,0x05,0x4f,0x5e,0x68,0x00,0x00,0x3c,0x0a,0x00,0xc7,
	0x47,0x80,0x02,0x00,0xf9,0x09,0xf0,0x02,0xde,0x29,0x03,0x00,
	0xa1,0x17,0x00,0xaf,0xde,0x02,0x01,0x00,0xa2,0x17,0x00,0x0f,
	0x52,0x06,0x01,0x00,0x0c,0x4a,0xf4,0x86,0x5e,0x38,0x00,0x00,
	0xab,0x77,0xf5,0x8a,0xde,0x82,0x01,0x00,0x02,0x0a,0x00,0xbf,
	0x00,0x01,0x02,0x00,0x02,0x0a,0x00,0x0f,0x52,0x06,0x02,0x00,
	0xa1,0x17,0x00,0xc7,0xc7,0x34,0x01,0x00,0x3c,0xca,0x07,0x87,
	0x5e,0x6e,0x00,0x00,0xf2,0x11,0x00,0x17,0x52,0xb0,0x00,0x00,
	0xf3,0x11,0x00,0x1b,0x52,0xb0,0x00,0x00,0xf4,0x11,0x00,0x1f,
	0x52,0xb0,0x00,0x00,0xf5,0x11,0x02,0x03,0x60,0xbc,0x01,0x00,
	0xf0,0x11,0x00,0x5b,0x00,0xb0,0x00,0x00,0xf2,0x11,0x00,0x23,
	0x52,0xb0,0x00,0x00,0xf3,0x11,0x00,0x27,0x52,0xb0,0x00,0x00,
	0xf4,0x11,0x00,0x2b,0x52,0xb0,0x00,0x00,0xa1,0x17,0x00,0x0f,
	0x52,0x06,0x01,0x00,0xf5,0x31,0x00,0x87,0x5e,0xe0,0x00,0x00,
	0xf0,0x11,0x00,0x5b,0x00,0xb0,0x00,0x00,0x00,0x18,0x00,0xc3,
	0x47,0xb0,0x00,0x00,0xa1,0x17,0x00,0xc7,0xc7,0x34,0x01,0x00,
	0x0c,0xaa,0x02,0x84,0xde,0x6e,0x00,0x00,0x42,0x10,0x08,0x03,
	0x60,0xbc,0x01,0x00,0x0e,0x0a,0x00,0x07,0xc1,0x83,0x02,0x00,
	0x9d,0x0b,0x00,0x53,0x5e,0x80,0x02,0x00,0xa1,0x17,0x00,0x33,
	0x40,0xb0,0x00,0x00,0xa2,0x17,0x00,0x17,0x9c,0x08,0x01,0x00,
	0x16,0x6a,0x00,0x8b,0x5e,0x68,0x00,0x00,0xa1,0x57,0xe5,0x30,
	0x40,0xe8,0x00,0x00,0x16,0x0a,0x00,0x17,0x1c,0x81,0x02,0x00,
	0xa1,0x17,0x00,0xab,0x1c,0xb0,0x00,0x00,0x16,0x0a,0x00,0x17,
	0x9c,0x80,0x02,0x00,0xa1,0x17,0x00,0x63,0x5e,0xb0,0x00,0x00,
	0x3e,0x0a,0x02,0x84,0x5e,0x6e,0x00,0x00,0xfc,0x06,0x00,0x87,
	0x5e,0xb0,0x00,0x00,0x04,0x87,0xe0,0x00,0x60,0x81,0x01,0x00,
	0x1c,0x0a,0x00,0x13,0xc0,0x02,0x02,0x00,0xfc,0x46,0x03,0x84,
	0x5e,0xe0,0x00,0x00,0x04,0x87,0xe0,0x04,0x60,0x81,0x01,0x00,
	0x37,0x0a,0x00,0x17,0x1c,0x01,0x02,0x00,0xa1,0x17,0x00,0x53,
	0x5e,0x03,0x01,0x00,0x04,0x87,0xe0,0x84,0xde,0x87,0x01,0x00,
	0x38,0x0b,0xf0,0x02,0xde,0x86,0x03,0x00,0xc5,0x11,0xf0,0x02,
	0x5e,0x02,0x00,0x00,0x57,0x13,0xf0,0x02,0x5e,0x02,0x00,0x00,
	0x13,0x10,0xf0,0x02,0x5e,0x02,0x00,0x00,0x1f,0x0a,0xf0,0x02,
	0x5e,0x85,0x03,0x00,0xe8,0x11,0x3d,0x02,0x60,0x8e,0x01,0x00,
	0xa1,0x17,0x00,0x83,0xc7,0x07,0x01,0x00,0x04,0x87,0xe0,0x84,
	0x5e,0x82,0x01,0x00,0x2a,0x0a,0x00,0x17,0x9c,0x01,0x02,0x00,
	0xa1,0x17,0x00,0x97,0xc7,0x03,0x01,0x00,0x05,0xa7,0xe0,0x84,
	0x5e,0x82,0x01,0x00,0xa1,0x17,0x00,0xeb,0x1a,0xb0,0x00,0x00,
	0x05,0xa7,0xe0,0x84,0x5e,0x8e,0x01,0x00,0x05,0x0d,0x00,0xaf,
	0xc0,0x07,0x02,0x00,0xe8,0x11,0x00,0x0f,0x60,0xbc,0x01,0x00,
	0x05,0xa7,0xe0,0x04,0x60,0x84,0x01,0x00,0xfe,0x06,0x00,0x27,
	0x40,0xb0,0x00,0x00,0xff,0x06,0x00,0x2b,0x40,0xb0,0x00,0x00,
	0x00,0x07,0x00,0x6b,0x40,0xb0,0x00,0x00,0x01,0x07,0x00,0x6f,
	0x40,0xb0,0x00,0x00,0x05,0xa7,0xe0,0x04,0x60,0x84,0x01,0x00,
	0x1f,0x0d,0xf0,0x02,0x5e,0x02,0x00,0x00,0xa8,0xd7,0x1f,0xff,
	0x63,0xbc,0x01,0x00,0xff,0x0d,0xf0,0x02,0x5e,0x02,0x00,0x00,
	0x05,0x0d,0xf0,0x02,0x5e,0x02,0x00,0x00,0x04,0x90,0x00,0x0a,
	0x60,0xa8,0x01,0x00,0x3a,0x12,0x00,0x17,0x1c,0x01,0x02,0x00,
	0x04,0x50,0x00,0x13,0x40,0xa8,0x00,0x00,0x70,0x06,0xf0,0x02,
	0xde,0xbf,0x03,0x00,0xa1,0x20,0x00,0x87,0x02,0xe0,0x00,0x00,
	0x3f,0x0a,0xf0,0x02,0xde,0xbf,0x03,0x00,0x82,0x20,0x00,0x0b,
	0x02,0xe0,0x00,0x00,0x9d,0x0b,0xf0,0x02,0xde,0xa9,0x03,0x00,
	0x48,0x10,0x09,0x06,0x60,0x84,0x01,0x00,0x48,0x10,0x09,0x06,
	0xe0,0x84,0x01,0x00,0x9d,0x0b,0xf0,0x02,0xde,0xbf,0x03,0x00,
	0x64,0x0a,0xf0,0x02,0xde,0x2a,0x03,0x00,0x47,0xaa,0x06,0x4f,
	0xde,0x68,0x00,0x00,0x8e,0x20,0x00,0x3b,0x02,0xe0,0x00,0x00,
	0x49,0x0a,0xf0,0x02,0xde,0xbf,0x03,0x00,0x8d,0x20,0x00,0x37,
	0x02,0xe0,0x00,0x00,0xb1,0x26,0xd6,0x04,0xe0,0x81,0x01,0x00,
	0x6e,0x0a,0xf0,0x02,0xde,0x23,0x03,0x00,0x6e,0xca,0xf1,0x4e,
	0xde,0x68,0x00,0x00,0x83,0x70,0x10,0x02,0xe0,0x87,0x01,0x00,
	0x48,0x10,0x09,0x02,0x60,0x84,0x01,0x00,0xa1,0x17,0x00,0x87,
	0x5e,0xb0,0x00,0x00,0x4f,0x2a,0x00,0x03,0xe0,0x6e,0x00,0x00,
	0x50,0x0a,0xf0,0x02,0xde,0xd1,0x03,0x00,0x5f,0x2a,0x06,0x4f,
	0x5e,0x68,0x00,0x00,0xb8,0x09,0x00,0x03,0x60,0xbc,0x01,0x00,
	0x55,0x0a,0xf0,0x02,0x5e,0x29,0x03,0x00,0x56,0x0a,0x00,0xb3,
	0xde,0x03,0x02,0x00,0x27,0xf4,0x84,0x1a,0x60,0x91,0x01,0x00,
	0xac,0x97,0xf5,0x02,0xe0,0x83,0x01,0x00,0x5e,0x0a,0x00,0xbf,
	0x00,0x02,0x02,0x00,0x59,0x0a,0x00,0x6f,0x45,0x03,0x02,0x00,
	0x5b,0x71,0x2b,0x06,0xe0,0x85,0x01,0x00,0x5e,0x0a,0x00,0xb3,
	0x5e,0x04,0x02,0x00,0x83,0x70,0x10,0x02,0xe0,0x87,0x01,0x00,
	0x48,0x10,0x09,0x02,0xe0,0x83,0x01,0x00,0x88,0x11,0xf0,0x02,
	0x5e,0x02,0x00,0x00,0x6e,0x0a,0xf0,0x02,0xde,0xbf,0x03,0x00,
	0x6e,0x0a,0x00,0x0b,0x50,0x05,0x02,0x00,0x48,0x10,0x09,0x06,
	0x60,0x82,0x01,0x00,0x63,0x0a,0x00,0xbf,0x80,0x07,0x02,0x00,
	0x63,0x0a,0x00,0x0f,0xd2,0x07,0x02,0x00,0xac,0x97,0xf5,0x06,
	0xe0,0x80,0x01,0x00,0x6e,0x0a,0xf0,0x02,0xde,0xbf,0x03,0x00,
	0x69,0x0a,0x00,0xc3,0x00,0x87,0x02,0x00,0x69,0xaa,0x06,0x4f,
	0xde,0x68,0x00,0x00,0x69,0x0a,0x00,0x13,0xd2,0x68,0x00,0x00,
	0x83,0x11,0x00,0x03,0x60,0xbc,0x01,0x00,0x82,0x11,0x00,0x03,
	0x60,0xbc,0x01,0x00,0x6e,0x2a,0x06,0x4f,0xde,0x68,0x00,0x00,
	0x93,0x20,0x00,0x4f,0x02,0xe0,0x00,0x00,0xac,0x26,0x00,0xb3,
	0x1a,0xe0,0x00,0x00,0xb1,0x26,0xd6,0x04,0xe0,0x81,0x01,0x00,
	0x6e,0x0a,0xf0,0x02,0xde,0xbf,0x03,0x00,0x70,0x0a,0xf0,0x02,
	0xde,0xaa,0x03,0x00,0x73,0x0a,0x00,0x07,0x41,0x04,0x02,0x00,
	0x26,0x09,0x00,0x07,0x41,0x83,0x02,0x00,0x73,0x0a,0xf0,0x02,
	0xde,0xbf,0x03,0x00,0x26,0x09,0x00,0x07,0x41,0x84,0x02,0x00,
	0x94,0x97,0xf2,0x06,0x60,0x80,0x01,0x00,0x26,0x09,0xf0,0x02,
	0xde,0xbf,0x03,0x00,0x78,0x0a,0xf0,0x02,0x5e,0x9f,0x03,0x00,
	0xab,0x0c,0xf0,0x02,0xde,0x9e,0x03,0x00,0xab,0x0c,0x00,0x53,
	0x5e,0x03,0x02,0x00,0x7c,0x0a,0x00,0x43,0x81,0x04,0x02,0x00,
	0xa1,0x17,0x00,0x63,0x01,0x00,0x01,0x00,0xa2,0x17,0x00,0x27,
	0xc0,0x02,0x01,0x00,0x72,0x4a,0xf4,0x86,0xde,0x38,0x00,0x00,
	0x7e,0x0a,0xf0,0x02,0xde,0xaa,0x03,0x00,0x72,0x0a,0x00,0x17,
	0x52,0x00,0x02,0x00,0x80,0x17,0x02,0x03,0x60,0xbc,0x01,0x00,
	0x8b,0x0a,0x00,0x2f,0x52,0x80,0x02,0x00,0x89,0x0a,0xf0,0x02,
	0x5e,0xb3,0x03,0x00,0xa1,0x17,0x00,0x8b,0x0c,0xb0,0x00,0x00,
	0xa2,0x17,0x01,0x9b,0x0c,0x88,0x00,0x00,0xa2,0x57,0xf4,0x36,
	0x52,0xa8,0x00,0x00,0xab,0x2c,0xf4,0x8a,0xde,0x68,0x00,0x00,
	0xa1,0x17,0x00,0x87,0x0c,0xb0,0x00,0x00,0xab,0x2c,0xf4,0x32,
	0xd2,0x68,0x00,0x00,0xa1,0x17,0x00,0x83,0x0c,0xb0,0x00,0x00,
	0xab,0x2c,0xf4,0x2e,0xd2,0x68,0x00,0x00,0x80,0x17,0x01,0x37,
	0x52,0x90,0x00,0x00,0x80,0xd7,0x64,0x00,0x5e,0xa0,0x00,0x00,
	0xc1,0x0a,0x00,0x3f,0x52,0x3c,0x02,0x00,0xa1,0x17,0x00,0x3f,
	0x52,0x3c,0x01,0x00,0x91,0x0a,0x00,0xbf,0x00,0x81,0x02,0x00,
	0x80,0x17,0x00,0x03,0x60,0xbc,0x01,0x00,0xa2,0x17,0x00,0x93,
	0x00,0xb0,0x00,0x00,0xac,0x0a,0xf0,0x02,0xde,0xbf,0x03,0x00,
	0x73,0x10,0x10,0x03,0x60,0xbc,0x01,0x00,0xa3,0x57,0x00,0x03,
	0x60,0xbc,0x01,0x00,0x65,0x90,0x19,0x1b,0x60,0xbc,0x01,0x00,
	0xa2,0x17,0x00,0x03,0x5a,0xb0,0x00,0x00,0x97,0x2a,0xf4,0x8e,
	0xde,0x6e,0x00,0x00,0xa2,0xf7,0x1f,0x8b,0x5e,0xa0,0x00,0x00,
	0x74,0x10,0x00,0x8b,0x5e,0xb0,0x00,0x00,0x9c,0x2a,0xf4,0x8e,
	0xde,0x6d,0x00,0x00,0x65,0x30,0x00,0x97,0x41,0xe0,0x00,0x00,
	0xa3,0x57,0x00,0x8f,0x5e,0xe0,0x00,0x00,0x94,0x0a,0xf0,0x02,
	0xde,0xbf,0x03,0x00,0xa0,0x0a,0x04,0x8f,0x5e,0x68,0x00,0x00,
	0x74,0x10,0x00,0x03,0x60,0xbc,0x01,0x00,0xa3,0x57,0x00,0x8f,
	0x5e,0xe0,0x00,0x00,0x9c,0x0a,0xf0,0x02,0xde,0xbf,0x03,0x00,
	0x71,0x10,0x00,0x03,0x60,0xbc,0x01,0x00,0x72,0xf0,0x11,0x03,
	0x60,0xbc,0x01,0x00,0x70,0x30,0x12,0x87,0x5e,0xac,0x01,0x00,
	0x00,0x18,0x00,0xc3,0x41,0xb0,0x00,0x00,0xa4,0x0a,0x00,0xc3,
	0x41,0x80,0x02,0x00,0xe6,0x0a,0x00,0xc3,0xc1,0x87,0x02,0x00,
	0x73,0x10,0x08,0x03,0x60,0xbc,0x01,0x00,0xa9,0x0a,0x02,0x03,
	0xde,0x20,0x00,0x00,0xe6,0x8a,0x0e,0x02,0xde,0x38,0x00,0x00,
	0xa3,0xd7,0x64,0xd0,0x41,0xa0,0x00,0x00,0x80,0x77,0xf4,0x02,
	0x5e,0xb0,0x00,0x00,0xc3,0x0a,0xf0,0x02,0xde,0xbf,0x03,0x00,
	0xe3,0x0a,0x00,0x8b,0x5e,0x68,0x00,0x00,0xe3,0x4a,0xf4,0x86,
	0xde,0x68,0x00,0x00,0x64,0x10,0x16,0x03,0x60,0xbc,0x01,0x00,
	0xb4,0x0a,0x00,0x03,0x5e,0x08,0x02,0x00,0x64,0x10,0x06,0x0f,
	0x60,0xbc,0x01,0x00,0xa2,0x37,0x00,0x03,0x5e,0xe8,0x00,0x00,
	0xa2,0x17,0x00,0x8b,0x5e,0x8a,0x01,0x00,0x64,0x50,0xf4,0x92,
	0x41,0xe0,0x00,0x00,0x65,0x90,0x19,0x1b,0x60,0xbc,0x01,0x00,
	0xbd,0x2a,0x00,0x87,0x5e,0x68,0x00,0x00,0xa2,0x17,0x00,0x03,
	0x5a,0xb0,0x00,0x00,0xe3,0x0a,0xc0,0x8a,0xde,0x68,0x00,0x00,
	0x65,0x30,0x00,0x97,0x41,0xe0,0x00,0x00,0x64,0x30,0x00,0x93,
	0x41,0xe0,0x00,0x00,0xa1,0x57,0x00,0x87,0x5e,0xe8,0x00,0x00,
	0xb6,0x2a,0x00,0x87,0x5e,0x6a,0x00,0x00,0xc3,0x0a,0x00,0x87,
	0x5e,0x68,0x00,0x00,0xa1,0x17,0x00,0x03,0x5a,0x38,0x01,0x00,
	0xa2,0x17,0x00,0x03,0x58,0x38,0x01,0x00,0xe3,0x4a,0xf4,0x86,
	0xde,0x68,0x00,0x00,0xc3,0x0a,0xf0,0x02,0xde,0xbf,0x03,0x00,
	0xab,0x0c,0x00,0x07,0xc1,0x85,0x02,0x00,0x80,0x17,0x04,0x03,
	0x5e,0xb0,0x00,0x00,0x65,0x70,0x19,0x1b,0x60,0xbc,0x01,0x00,
	0xa4,0xb7,0x05,0x03,0x60,0xbc,0x01,0x00,0x14,0x01,0xf0,0x02,
	0x5e,0x02,0x00,0x00,0xe6,0x0a,0x00,0xc3,0x00,0x80,0x02,0x00,
	0xa6,0x57,0x19,0x13,0x60,0xbc,0x01,0x00,0xa5,0xb7,0x00,0x7f,
	0x01,0xe0,0x00,0x00,0xcb,0xca,0xf4,0x96,0x5e,0x6d,0x00,0x00,
	0xa5,0xd7,0x11,0x13,0x60,0xbc,0x01,0x00,0xe8,0xca,0x0b,0x94,
	0x5e,0x68,0x00,0x00,0x65,0x10,0x00,0x7b,0x01,0xb0,0x00,0x00,
	0xa2,0x17,0x00,0x27,0x52,0xb0,0x00,0x00,0xa3,0x17,0x00,0x2b,
	0x52,0xb0,0x00,0x00,0xd6,0xea,0x0b,0x94,0x41,0x68,0x00,0x00,
	0xd2,0x4a,0xd0,0x8e,0xde,0x68,0x00,0x00,0xe6,0x2a,0xd0,0x8a,
	0x5e,0x68,0x00,0x00,0x65,0xb0,0x00,0x97,0x41,0xe0,0x00,0x00,
	0xcf,0xca,0xf4,0x96,0x41,0x6d,0x00,0x00,0x65,0xd0,0x11,0x13,
	0x60,0xbc,0x01,0x00,0xcf,0x0a,0xf0,0x02,0xde,0xbf,0x03,0x00,
	0xa2,0x20,0x00,0x8b,0x02,0xe0,0x00,0x00,0x65,0x10,0x00,0x7f,
	0x01,0xb0,0x00,0x00,0x80,0x16,0x00,0x23,0x52,0xb0,0x00,0x00,
	0x81,0x16,0x00,0x27,0x52,0xb0,0x00,0x00,0x82,0x16,0x00,0x2b,
	0x52,0xb0,0x00,0x00,0xa1,0xf7,0xf2,0x02,0x52,0xbc,0x01,0x00,
	0x83,0x36,0xf4,0x02,0x5e,0xa9,0x01,0x00,0x84,0x16,0x01,0x67,
	0x44,0x90,0x00,0x00,0xe0,0xaa,0x05,0x93,0xde,0x68,0x00,0x00,
	0x84,0x96,0xd0,0x06,0x60,0x84,0x01,0x00,0x5f,0x00,0x00,0x97,
	0x5e,0xb0,0x00,0x00,0x43,0x10,0x02,0x03,0x60,0xbc,0x01,0x00,
	0xe6,0x0a,0xf0,0x02,0xde,0xbf,0x03,0x00,0xe6,0x0a,0x02,0x03,
	0x5e,0x20,0x00,0x00,0x80,0x37,0x00,0x03,0x5e,0xe0,0x00,0x00,
	0x8c,0xea,0x01,0x03,0xde,0x20,0x00,0x00,0x28,0x07,0xf0,0x02,
	0xde,0xaa,0x03,0x00,0x26,0x09,0xf0,0x02,0xde,0xbf,0x03,0x00,
	0xa3,0x20,0x00,0x8f,0x02,0xe0,0x00,0x00,0x72,0x0a,0xf0,0x02,
	0xde,0xbf,0x03,0x00,0xab,0x0c,0xf0,0x02,0xde,0x9e,0x03,0x00,
	0xed,0x0a,0xf0,0x02,0xde,0xaa,0x03,0x00,0x72,0x0a,0x00,0x17,
	0x52,0x00,0x02,0x00,0xab,0x0c,0xf0,0x02,0x5e,0x33,0x03,0x00,
	0x94,0x97,0xf2,0x06,0x60,0x84,0x01,0x00,0x28,0x07,0xf0,0x02,
	0xde,0xaa,0x03,0x00,0x26,0x09,0xf0,0x02,0xde,0xbf,0x03,0x00,
	0xf3,0x0a,0xf0,0x02,0x5e,0x83,0x03,0x00,0xf1,0x8a,0x03,0x33,
	0x40,0x6d,0x00,0x00,0x72,0x8a,0x03,0x33,0x40,0x6d,0x00,0x00,
	0xac,0x0c,0xf0,0x02,0xde,0x2a,0x03,0x00,0x28,0x07,0xf0,0x02,
	0xde,0xbf,0x03,0x00,0xf9,0x0a,0xf0,0x02,0xde,0x2a,0x03,0x00,
	0x8c,0x20,0x00,0x33,0x02,0xe0,0x00,0x00,0x2e,0x07,0xf0,0x02,
	0xde,0xbf,0x03,0x00,0x92,0x20,0x00,0x4b,0x02,0xe0,0x00,0x00,
	0x81,0x17,0x00,0x27,0xc0,0x03,0x01,0x00,0x81,0xf7,0xe2,0x04,
	0x5e,0x82,0x01,0x00,0xea,0x0d,0xf0,0x02,0x5e,0x02,0x00,0x00,
	0xa2,0x37,0x00,0x23,0x00,0x88,0x00,0x00,0xa2,0xf7,0x00,0x88,
	0x5e,0xe0,0x00,0x00,0x89,0x51,0xf4,0x86,0x5e,0xe0,0x00,0x00,
	0x80,0x11,0x30,0x06,0xe0,0x86,0x01,0x00,0x6e,0x0a,0xf0,0x02,
	0xde,0xbf,0x03,0x00,0x9b,0x00,0xf0,0x02,0xde,0xa2,0x03,0x00,
	0x1a,0x0b,0xf0,0x02,0xde,0xa3,0x03,0x00,0x7f,0x20,0x00,0xff,
	0x01,0xe0,0x00,0x00,0xa3,0x17,0x00,0x03,0x60,0xbc,0x01,0x00,
	0x1c,0x0b,0xf0,0x02,0xde,0xbf,0x03,0x00,0xa0,0x10,0x03,0x04,
	0x60,0x87,0x01,0x00,0xe4,0x51,0x00,0x03,0x60,0xbc,0x01,0x00,
	0x00,0x18,0x00,0x93,0x47,0xb0,0x00,0x00,0x04,0x90,0x02,0x03,
	0x60,0xbc,0x01,0x00,0xe0,0x11,0x00,0x0f,0x62,0xbc,0x01,0x00,
	0xe8,0x31,0x01,0x0f,0x60,0xbc,0x01,0x00,0x00,0x18,0x00,0xa3,
	0x47,0xb0,0x00,0x00,0xe8,0x11,0x00,0x0f,0x60,0xbc,0x01,0x00,
	0x48,0x10,0x09,0x06,0x60,0x84,0x01,0x00,0x13,0x0b,0x09,0x1e,
	0x60,0x20,0x00,0x00,0x7e,0x20,0x00,0xfb,0x01,0xe0,0x00,0x00,
	0x22,0x0b,0xf0,0x02,0xde,0xbf,0x03,0x00,0xa1,0xd7,0x0e,0x03,
	0x60,0xbc,0x01,0x00,0xa2,0x17,0x00,0x63,0x00,0x14,0x01,0x00,
	0x65,0x50,0xf4,0x86,0x5e,0xe0,0x00,0x00,0x80,0x36,0x00,0x03,
	0x5a,0xe0,0x00,0x00,0x1b,0x0b,0x00,0x9f,0x50,0x91,0x02,0x00,
	0x27,0xf4,0x84,0x1a,0x60,0x91,0x01,0x00,0x1b,0x0b,0xf0,0x02,
	0xde,0xbf,0x03,0x00,0x7f,0x20,0x00,0xff,0x01,0xe0,0x00,0x00,
	0xa3,0x37,0x00,0x03,0x60,0xbc,0x01,0x00,0x22,0x0b,0xf0,0x02,
	0xde,0x23,0x03,0x00,0x48,0x10,0x09,0x02,0xe0,0x83,0x01,0x00,
	0xac,0x97,0xf5,0x02,0x60,0x84,0x01,0x00,0x8e,0x17,0x00,0x03,
	0x60,0xbc,0x01,0x00,0x83,0x70,0x10,0x02,0xe0,0x87,0x01,0x00,
	0x48,0x10,0x09,0x02,0x60,0x82,0x01,0x00,0x23,0x0b,0xf0,0x02,
	0xde,0xd0,0x03,0x00,0x24,0x0b,0xf0,0x02,0x5e,0xd0,0x03,0x00,
	0x48,0x10,0x09,0x02,0xe0,0x82,0x01,0x00,0x26,0x0b,0xf0,0x02,
	0xde,0xd5,0x03,0x00,0xb4,0x10,0x00,0x03,0x60,0xbc,0x01,0x00,
	0xa1,0xf7,0x00,0x03,0x60,0xbc,0x01,0x00,0x2a,0x0b,0x00,0xa7,
	0x00,0x68,0x00,0x00,0xa1,0x37,0xf4,0x1a,0x42,0x85,0x01,0x00,
	0xd3,0x00,0xf0,0x02,0x5e,0x02,0x00,0x00,0xa5,0x17,0x00,0x67,
	0x40,0xb0,0x00,0x00,0xa2,0xf7,0x1f,0xff,0x63,0xbc,0x01,0x00,
	0xd8,0x00,0xf0,0x02,0x5e,0x02,0x00,0x00,0xa4,0x57,0x01,0x07,
	0x60,0x88,0x00,0x00,0xa1,0x97,0xf4,0x86,0x5e,0xb8,0x00,0x00,
	0xd8,0x00,0xf0,0x02,0x5e,0x02,0x00,0x00,0x02,0x00,0x00,0x8f,
	0x5e,0x68,0x00,0x00,0x35,0x0b,0x09,0x1e,0xe0,0x20,0x00,0x00,
	0x2e,0x14,0x00,0x97,0x5e,0xb0,0x00,0x00,0x21,0x03,0xf0,0x02,
	0xde,0xbf,0x03,0x00,0x48,0xf0,0x00,0x23,0x41,0xa8,0x00,0x00,
	0x02,0x00,0xf0,0x02,0xde,0xbf,0x03,0x00,0x48,0x10,0x09,0x02,
	0x60,0x83,0x01,0x00,0x3a,0x0b,0x02,0x30,0x40,0x6e,0x00,0x00,
	0x9d,0x20,0x00,0x77,0x02,0xe0,0x00,0x00,0x12,0x13,0xf0,0x02,
	0x5e,0x02,0x00,0x00,0x26,0x09,0xf0,0x02,0x5e,0xa3,0x03,0x00,
	0x3d,0x0b,0xf0,0x02,0xde,0xc6,0x03,0x00,0x48,0x10,0x09,0x06,
	0xe0,0x84,0x01,0x00,0x9d,0x0b,0xf0,0x02,0xde,0xbf,0x03,0x00,
	0x96,0x00,0x09,0x8a,0xe3,0x20,0x00,0x00,0x96,0x00,0x00,0x23,
	0x45,0x84,0x02,0x00,0x96,0x00,0xf0,0x02,0x5e,0x91,0x03,0x00,
	0x96,0x00,0xf0,0x02,0xde,0x96,0x03,0x00,0x96,0x00,0xf0,0x02,
	0x5e,0x96,0x03,0x00,0xb9,0x0b,0xf0,0x02,0x5e,0x02,0x00,0x00,
	0x20,0x60,0x00,0x03,0x60,0xbc,0x01,0x00,0x55,0x0b,0x00,0x73,
	0x01,0x68,0x00,0x00,0x03,0x01,0xf0,0x02,0x5e,0x02,0x00,0x00,
	0xe4,0x10,0x00,0x73,0x01,0xb0,0x00,0x00,0x06,0x00,0x00,0x03,
	0x60,0xbc,0x01,0x00,0x5c,0x00,0x00,0x03,0x60,0xbc,0x01,0x00,
	0x82,0xd7,0x01,0x03,0x60,0xbc,0x01,0x00,0xe0,0x70,0x7f,0x08,
	0xde,0xd2,0x01,0x00,0xe1,0x10,0x00,0xf3,0x0f,0xb0,0x00,0x00,
	0x86,0x10,0x00,0x47,0x00,0xb0,0x00,0x00,0x8a,0x10,0x00,0x0f,
	0x10,0xb0,0x00,0x00,0x81,0x37,0x00,0x03,0x60,0xbc,0x01,0x00,
	0xd5,0x0d,0xf0,0x02,0x5e,0x02,0x00,0x00,0x48,0x10,0x09,0x0a,
	0x60,0x90,0x01,0x00,0x80,0x30,0x00,0x03,0x61,0xbc,0x01,0x00,
	0x02,0x00,0xf0,0x02,0xde,0xbf,0x03,0x00,0x42,0x30,0x00,0x03,
	0x60,0xbc,0x01,0x00,0x23,0x71,0x24,0x02,0xe0,0x87,0x01,0x00,
	0xe5,0x10,0xf0,0x02,0x5e,0x02,0x00,0x00,0x58,0x0b,0xf0,0x02,
	0x5e,0x12,0x03,0x00,0x82,0x13,0xf0,0x02,0x5e,0x02,0x00,0x00,
	0x20,0x40,0x00,0x03,0x60,0xbc,0x01,0x00,0x25,0x11,0x00,0x83,
	0x61,0xbc,0x01,0x00,0x27,0x11,0x00,0x7b,0x00,0xb0,0x00,0x00,
	0x80,0x57,0x02,0x07,0x60,0xbc,0x01,0x00,0xbd,0x0e,0xf0,0x02,
	0x5e,0x02,0x00,0x00,0x7a,0x0a,0x00,0x07,0x5e,0xb0,0x00,0x00,
	0x80,0x77,0x02,0x07,0x60,0xbc,0x01,0x00,0xbd,0x0e,0xf0,0x02,
	0x5e,0x02,0x00,0x00,0x7b,0x0a,0x00,0x07,0x5e,0xb0,0x00,0x00,
	0xa1,0x97,0x09,0x13,0x60,0xbc,0x01,0x00,0xd3,0x00,0xf0,0x02,
	0x5e,0x02,0x00,0x00,0xad,0x0a,0x00,0x67,0x40,0xb0,0x00,0x00,
	0x5e,0xc0,0x11,0x13,0x60,0xbc,0x01,0x00,0x5f,0xc0,0x11,0x13,
	0x60,0xbc,0x01,0x00,0x25,0x03,0x00,0x03,0x60,0xbc,0x01,0x00,
	0xae,0xd7,0xf5,0x06,0xe0,0x80,0x01,0x00,0xa1,0x17,0x00,0x07,
	0xc1,0x07,0x01,0x00,0xab,0x77,0xf5,0x86,0x5e,0x80,0x01,0x00,
	0xe8,0x11,0x00,0x0f,0x60,0xbc,0x01,0x00,0xe0,0x11,0x00,0x0f,
	0x62,0xbc,0x01,0x00,0x7b,0x0b,0xf0,0x02,0x5e,0x02,0x00,0x00,
	0x5c,0x10,0x0c,0xcf,0x61,0xbc,0x01,0x00,0x5d,0x10,0x00,0x03,
	0x60,0xbc,0x01,0x00,0x5e,0xf0,0x01,0xcf,0x61,0xbc,0x01,0x00,
	0x5f,0xf0,0x0a,0x3b,0x60,0xbc,0x01,0x00,0xb6,0x10,0xf0,0x02,
	0x5e,0x02,0x00,0x00,0x34,0x07,0x00,0x03,0x60,0xbc,0x01,0x00,
	0x15,0x00,0x00,0xc7,0x00,0x03,0x02,0x00,0xea,0x03,0x00,0x03,
	0x60,0xbc,0x01,0x00,0xef,0x03,0x00,0x03,0x60,0xbc,0x01,0x00,
	0xf4,0x03,0x00,0x03,0x60,0xbc,0x01,0x00,0xf9,0x03,0x00,0x03,
	0x60,0xbc,0x01,0x00,0x15,0x00,0xf0,0x02,0xde,0xbf,0x03,0x00,
	0x48,0x10,0x00,0x03,0x60,0xbc,0x01,0x00,0xac,0x57,0x03,0xb3,
	0x5e,0xa8,0x00,0x00,0x54,0xf0,0x1f,0xff,0x63,0xbc,0x01,0x00,
	0x55,0xf0,0x1f,0xff,0x63,0xbc,0x01,0x00,0x56,0xf0,0x1f,0xbf,
	0x63,0xbc,0x01,0x00,0x57,0xf0,0x0f,0xff,0x63,0xbc,0x01,0x00,
	0x12,0x13,0xf0,0x02,0x5e,0x02,0x00,0x00,0x23,0x71,0x24,0x06,
	0xe0,0x87,0x01,0x00,0x54,0x10,0x00,0x03,0x60,0xbc,0x01,0x00,
	0x55,0x10,0x00,0x03,0x60,0xbc,0x01,0x00,0x56,0x10,0x00,0x03,
	0x60,0xbc,0x01,0x00,0x57,0x10,0x00,0x03,0x60,0xbc,0x01,0x00,
	0x17,0x20,0x00,0x0f,0x60,0xbc,0x01,0x00,0xa1,0x17,0x00,0x07,
	0xc1,0x06,0x01,0x00,0x17,0xe0,0x02,0x84,0x5e,0x82,0x01,0x00,
	0xa1,0x17,0x00,0x07,0x41,0x07,0x01,0x00,0xa1,0x37,0x00,0x87,
	0x5e,0xb8,0x00,0x00,0x16,0x00,0x00,0x87,0xde,0x80,0x01,0x00,
	0x00,0x00,0xf0,0x02,0xde,0x02,0x00,0x00,0x02,0x00,0x00,0x37,
	0xc0,0x85,0x02,0x00,0xc5,0x11,0xf0,0x02,0x5e,0x02,0x00,0x00,
	0x13,0x10,0xf0,0x02,0x5e,0x02,0x00,0x00,0x57,0x13,0xf0,0x02,
	0x5e,0x02,0x00,0x00,0x8e,0x0b,0x00,0x37,0x40,0x86,0x02,0x00,
	0x26,0x0e,0xf0,0x02,0x5e,0x02,0x00,0x00,0xac,0x97,0xf5,0x06,
	0x60,0x82,0x01,0x00,0x86,0x20,0x00,0x1b,0x02,0xe0,0x00,0x00,
	0x75,0xaa,0x4e,0x05,0xe0,0x81,0x01,0x00,0x38,0x0b,0xf0,0x02,
	0xde,0x86,0x03,0x00,0x38,0x0b,0x00,0x37,0xc0,0x87,0x02,0x00,
	0x2a,0x10,0x00,0x03,0x60,0x58,0x01,0x00,0x04,0x90,0x00,0x03,
	0x60,0xbc,0x01,0x00,0xa1,0x17,0x00,0x13,0x40,0xb0,0x00,0x00,
	0x15,0x00,0xf0,0x02,0xde,0xbf,0x03,0x00,0x24,0x90,0x04,0x0a,
	0x60,0xb8,0x01,0x00,0xa0,0x0b,0xf0,0x02,0x5e,0xaa,0x03,0x00,
	0x2a,0x10,0x00,0x03,0x60,0x58,0x01,0x00,0x04,0x90,0x02,0x03,
	0x60,0xbc,0x01,0x00,0x00,0x18,0x00,0x13,0x40,0xb0,0x00,0x00,
	0x48,0x10,0x09,0x02,0x60,0x83,0x01,0x00,0xe4,0x51,0x00,0x03,
	0x60,0xbc,0x01,0x00,0x00,0x18,0x00,0x93,0x47,0xb0,0x00,0x00,
	0xe0,0x11,0x00,0x0f,0x62,0xbc,0x01,0x00,0x05,0xa7,0xe0,0x00,
	0x60,0x80,0x01,0x00,0x13,0x10,0xf0,0x02,0x5e,0x02,0x00,0x00,
	0xa7,0x0b,0xf0,0x02,0x5e,0x85,0x03,0x00,0xe0,0x11,0x00,0x0f,
	0x62,0xbc,0x01,0x00,0xe8,0x31,0x01,0x0f,0x60,0xbc,0x01,0x00,
	0x00,0x18,0x00,0xa3,0x47,0xb0,0x00,0x00,0xe8,0x11,0x00,0x0f,
	0x60,0xbc,0x01,0x00,0xa1,0x57,0x01,0x03,0x60,0xbc,0x01,0x00,
	0xa1,0x37,0x00,0x87,0x5e,0xe8,0x00,0x00,0xae,0x0b,0x00,0x87,
	0xde,0x68,0x00,0x00,0x04,0x90,0x02,0x03,0x60,0xbc,0x01,0x00,
	0x00,0x18,0x00,0x13,0x40,0xb0,0x00,0x00,0x70,0x06,0xf0,0x02,
	0xde,0x24,0x03,0x00,0xab,0x77,0xf5,0x06,0x60,0x86,0x01,0x00,
	0xb9,0x0b,0xf0,0x02,0x5e,0x02,0x00,0x00,0x81,0x30,0x10,0x06,
	0x60,0x80,0x01,0x00,0xa1,0x17,0x00,0x87,0x5e,0xb0,0x00,0x00,
	0x81,0x30,0x10,0x02,0x60,0x80,0x01,0x00,0x70,0x06,0xf0,0x02,
	0xde,0xbf,0x03,0x00,0x80,0x10,0x00,0x03,0x61,0xbc,0x01,0x00,
	0x00,0x18,0x00,0x03,0x42,0xb0,0x00,0x00,0xbc,0x2b,0x00,0x03,
	0xe0,0x6e,0x00,0x00,0xbf,0x0b,0xf0,0x02,0x5e,0x50,0x03,0x00,
	0x00,0x00,0xf0,0x02,0x5e,0x01,0x00,0x00,0x39,0x03,0xf0,0x02,
	0xde,0xbf,0x03,0x00,0xac,0x97,0xf5,0x02,0x60,0x84,0x01,0x00,
	0x48,0xf0,0x04,0x23,0x41,0xa8,0x00,0x00,0x48,0x10,0x09,0x02,
	0x60,0x82,0x01,0x00,0xc5,0x0b,0x00,0xaf,0xde,0x06,0x02,0x00,
	0xc5,0x0b,0xf0,0x02,0xde,0xd5,0x03,0x00,0xc3,0x0b,0xf0,0x02,
	0xde,0x50,0x03,0x00,0xb4,0x10,0x00,0x03,0x60,0xbc,0x01,0x00,
	0xc8,0x0b,0x00,0x83,0xc7,0x84,0x02,0x00,0xe0,0x11,0x00,0x0b,
	0x60,0xbc,0x01,0x00,0xab,0x77,0xf5,0x02,0x60,0x8e,0x01,0x00,
	0x00,0x00,0xf0,0x02,0xde,0x02,0x00,0x00,0x96,0x00,0xf0,0x02,
	0xde,0xa2,0x03,0x00,0xd1,0x0b,0x00,0x87,0x42,0xbc,0x02,0x00,
	0xa4,0x37,0x00,0x03,0x60,0xbc,0x01,0x00,0xa3,0xf7,0x1f,0x03,
	0x60,0xbc,0x01,0x00,0xa2,0x17,0x00,0x63,0x00,0x14,0x01,0x00,
	0xa2,0x57,0xf4,0x06,0x60,0x88,0x00,0x00,0xd6,0x0b,0xf0,0x02,
	0xde,0xbf,0x03,0x00,0xa4,0x17,0x01,0x07,0x60,0x88,0x00,0x00,
	0xa3,0x17,0x00,0xff,0x63,0xbc,0x01,0x00,0xa2,0x17,0x00,0x63,
	0x00,0x14,0x01,0x00,0xa2,0x17,0x01,0x8b,0x5e,0xe0,0x00,0x00,
	0xa2,0x57,0xf4,0x06,0x60,0x88,0x00,0x00,0x65,0x90,0x19,0x13,
	0x60,0xbc,0x01,0x00,0xdc,0x8b,0xf4,0x86,0xc2,0x20,0x00,0x00,
	0x65,0xd0,0x06,0x97,0x41,0xe0,0x00,0x00,0xa4,0x37,0x00,0x93,
	0x5e,0x88,0x00,0x00,0x96,0x60,0xf4,0x92,0x5e,0x20,0x00,0x00,
	0xd7,0x0b,0xf0,0x02,0xde,0xbf,0x03,0x00,0xe0,0x4b,0xf4,0x92,
	0xde,0x68,0x00,0x00,0xe0,0x0b,0xf0,0x02,0xde,0xa0,0x03,0x00,
	0xd8,0x0b,0x16,0x23,0xc1,0x20,0x00,0x00,0xb9,0x0b,0xf0,0x02,
	0x5e,0x02,0x00,0x00,0xed,0x0b,0x20,0x93,0xde,0x6d,0x00,0x00,
	0xec,0x0b,0x00,0xc3,0x5a,0x00,0x02,0x00,0xec,0x0b,0x00,0xc3,
	0x5a,0x3c,0x02,0x00,0x96,0x00,0xf0,0x02,0xde,0x85,0x03,0x00,
	0x96,0x00,0xf0,0x02,0x5e,0x85,0x03,0x00,0x96,0x00,0xf0,0x02,
	0xde,0xa2,0x03,0x00,0x96,0x00,0xf0,0x02,0xde,0xa3,0x03,0x00,
	0x96,0x00,0xf0,0x02,0xde,0x97,0x03,0x00,0x60,0x10,0x00,0x97,
	0x41,0xb0,0x00,0x00,0xa4,0x97,0xf4,0x06,0x60,0x88,0x00,0x00,
	0x27,0xf4,0x84,0x0a,0x60,0x91,0x01,0x00,0x21,0x03,0xf0,0x02,
	0xde,0xbf,0x03,0x00,0xb0,0x16,0xd6,0x02,0x60,0x80,0x01,0x00,
	0xa1,0x10,0x00,0x93,0x5e,0xb0,0x00,0x00,0xbf,0xf7,0xf7,0x02,
	0x60,0x83,0x01,0x00,0x43,0x30,0x00,0x03,0x60,0xbc,0x01,0x00,
	0xd8,0x0b,0xf0,0x02,0xde,0xbf,0x03,0x00,0x02,0x00,0x00,0x1f,
	0xc2,0x83,0x02,0x00,0xa1,0x17,0x00,0x87,0x5e,0xb0,0x00,0x00,
	0x73,0x05,0xf0,0x02,0xde,0xd0,0x03,0x00,0x42,0x10,0x04,0x03,
	0x60,0xbc,0x01,0x00,0x15,0x00,0xf0,0x02,0xde,0x9e,0x03,0x00,
	0x45,0x11,0x00,0x3f,0x5e,0xb0,0x00,0x00,0x8f,0x17,0x00,0x03,
	0x60,0xbc,0x01,0x00,0x85,0x17,0x00,0x43,0x5e,0xb0,0x00,0x00,
	0x90,0x17,0x00,0x0f,0x5e,0xb0,0x00,0x00,0xb9,0x0b,0xf0,0x02,
	0x5e,0x02,0x00,0x00,0x15,0x00,0xf0,0x02,0xde,0xbf,0x03,0x00,
	0x73,0x8a,0x05,0x33,0x40,0x6d,0x00,0x00,0x01,0x0c,0xf0,0x02,
	0xde,0xab,0x03,0x00,0x41,0x8c,0x02,0x4f,0x5e,0x68,0x00,0x00,
	0x99,0x20,0x00,0x67,0x02,0xe0,0x00,0x00,0x41,0x0c,0xf0,0x02,
	0xde,0xbf,0x03,0x00,0x40,0x8c,0x02,0x4f,0x5e,0x68,0x00,0x00,
	0x97,0x20,0x00,0x5f,0x02,0xe0,0x00,0x00,0xad,0xb7,0xf5,0x02,
	0x60,0x85,0x01,0x00,0xae,0xd7,0xf5,0x02,0x60,0x82,0x01,0x00,
	0xcf,0x09,0x00,0x03,0x60,0xbc,0x01,0x00,0x83,0x0c,0xf0,0x02,
	0x5e,0x9f,0x03,0x00,0x16,0x0c,0xf0,0x02,0xde,0x9e,0x03,0x00,
	0x16,0x0c,0xf0,0x02,0xde,0x21,0x03,0x00,0x9b,0x20,0x00,0x6f,
	0x02,0xe0,0x00,0x00,0xb9,0x0b,0xf0,0x02,0x5e,0x02,0x00,0x00,
	0x48,0x10,0x09,0x02,0x60,0x86,0x01,0x00,0x48,0x10,0x09,0x02,
	0x60,0x80,0x01,0x00,0x48,0x10,0x09,0x02,0xe0,0x81,0x01,0x00,
	0x42,0x10,0x02,0x03,0x60,0xbc,0x01,0x00,0x15,0x0c,0x00,0x1f,
	0x44,0x80,0x02,0x00,0x45,0x11,0x00,0x3f,0x5e,0xb0,0x00,0x00,
	0x8f,0x17,0x00,0x03,0x60,0xbc,0x01,0x00,0x85,0x17,0x00,0x43,
	0x5e,0xb0,0x00,0x00,0x90,0x17,0x00,0x0f,0x5e,0xb0,0x00,0x00,
	0x16,0x0c,0xf0,0x02,0xde,0xbf,0x03,0x00,0x45,0x71,0xf0,0xb6,
	0x44,0xa0,0x00,0x00,0x83,0x0c,0xf0,0x02,0x5e,0x9f,0x03,0x00,
	0x40,0x0c,0x00,0xc3,0x00,0x82,0x02,0x00,0x40,0x0c,0xf0,0x02,
	0x5e,0x33,0x03,0x00,0xa1,0x17,0x00,0x73,0x00,0xb0,0x00,0x00,
	0xa1,0x17,0xb0,0x86,0x5e,0xe0,0x00,0x00,0x9e,0x37,0xf4,0x7a,
	0x5e,0xe1,0x00,0x00,0x9d,0x17,0x00,0x77,0xde,0xe1,0x00,0x00,
	0x9c,0x17,0x00,0x73,0xde,0xe1,0x00,0x00,0x9b,0x17,0x00,0x6f,
	0xde,0xe0,0x00,0x00,0x29,0x0c,0x00,0xbf,0x00,0x02,0x02,0x00,
	0x29,0x0c,0x00,0x2f,0x27,0x68,0x00,0x00,0xa1,0xd7,0xf3,0x3e,
	0x52,0xe9,0x00,0x00,0xa2,0xb7,0xf3,0x42,0xd2,0xe8,0x00,0x00,
	0xcb,0x29,0xf4,0x2e,0x27,0xe0,0x00,0x00,0xce,0x29,0xf4,0x3a,
	0x27,0xe0,0x00,0x00,0xcd,0x29,0xf4,0x36,0x27,0xe0,0x00,0x00,
	0x29,0x0c,0x00,0x23,0x27,0x68,0x00,0x00,0xc8,0x29,0xf4,0x22,
	0x27,0xe1,0x00,0x00,0xc9,0x49,0xf4,0x26,0xa7,0xe0,0x00,0x00,
	0x31,0x0c,0xf0,0x02,0xde,0x9e,0x03,0x00,0x83,0x4c,0x92,0x6e,
	0x5e,0x6e,0x00,0x00,0x31,0x4c,0x92,0x6e,0x5e,0x6d,0x00,0x00,
	0x83,0x2c,0x92,0x72,0x5e,0x6e,0x00,0x00,0x31,0x2c,0x92,0x72,
	0x5e,0x6d,0x00,0x00,0x83,0x0c,0x92,0x76,0x5e,0x6e,0x00,0x00,
	0x31,0x0c,0x92,0x76,0x5e,0x6d,0x00,0x00,0x83,0xec,0x91,0x7a,
	0xde,0x6d,0x00,0x00,0x33,0x07,0x00,0x67,0x44,0xb0,0x00,0x00,
	0x32,0x07,0x00,0x6b,0x44,0xb0,0x00,0x00,0x31,0x07,0x00,0x6f,
	0x44,0xb0,0x00,0x00,0x30,0x07,0x00,0x73,0x44,0xb0,0x00,0x00,
	0x31,0x2c,0x23,0xce,0x9c,0x68,0x00,0x00,0x9e,0xd7,0xf3,0xce,
	0x1c,0xe9,0x00,0x00,0x9d,0xb7,0xf3,0xca,0x9c,0xe9,0x00,0x00,
	0x9c,0x97,0xf3,0xc6,0x9c,0xe9,0x00,0x00,0x9b,0x77,0xf3,0xc2,
	0x9c,0xe8,0x00,0x00,0xa1,0xf7,0x91,0x7a,0x5e,0xe1,0x00,0x00,
	0x19,0x11,0x00,0x87,0x5e,0xb0,0x00,0x00,0x1a,0x11,0x92,0x76,
	0xde,0xe1,0x00,0x00,0x1b,0x31,0x92,0x72,0xde,0xe1,0x00,0x00,
	0x1c,0x51,0x92,0x6e,0xde,0xe0,0x00,0x00,0x3a,0x2c,0x23,0x86,
	0xde,0x68,0x00,0x00,0x83,0x0c,0xf0,0x02,0xde,0x1e,0x03,0x00,
	0x83,0x8c,0x02,0x4f,0x5e,0x68,0x00,0x00,0x65,0x30,0x1a,0x1b,
	0x60,0xbc,0x01,0x00,0xa4,0x97,0x00,0x03,0x60,0xbc,0x01,0x00,
	0x14,0x01,0xf0,0x02,0x5e,0x02,0x00,0x00,0x70,0x8c,0x00,0x93,
	0xde,0x68,0x00,0x00,0x70,0x0c,0x00,0xc3,0x00,0x85,0x02,0x00,
	0x4b,0x0c,0x00,0x97,0xc1,0x07,0x02,0x00,0xa2,0x17,0x00,0x0f,
	0x5a,0x3c,0x01,0x00,0xa2,0x57,0xf4,0x12,0x5a,0xbc,0x01,0x00,
	0x4c,0x0c,0xf0,0x02,0xde,0xbf,0x03,0x00,0xa2,0x17,0x00,0x0f,
	0x5a,0xb0,0x00,0x00,0x32,0x11,0x00,0x03,0x60,0xbc,0x01,0x00,
	0x52,0x0c,0xf0,0x02,0xde,0x2b,0x03,0x00,0x70,0x0c,0x00,0x1f,
	0x44,0x80,0x02,0x00,0x86,0x11,0x00,0x8b,0x5e,0xb0,0x00,0x00,
	0x80,0x11,0x30,0x0e,0xe0,0xa5,0x01,0x00,0x70,0x0c,0xf0,0x02,
	0xde,0xbf,0x03,0x00,0x69,0x0c,0xf0,0x02,0x5e,0x33,0x03,0x00,
	0x69,0x0c,0x00,0x2f,0x40,0x9b,0x02,0x00,0x63,0x0c,0x00,0x07,
	0x44,0x00,0x02,0x00,0x5d,0x0c,0x00,0x07,0xc4,0x00,0x02,0x00,
	0x70,0x0c,0x00,0x07,0x44,0x81,0x02,0x00,0x10,0x90,0x01,0x07,
	0xe0,0x82,0x01,0x00,0x11,0x10,0x00,0x2f,0x52,0xb0,0x00,0x00,
	0x11,0x10,0x00,0x33,0x52,0xb0,0x00,0x00,0x11,0x10,0x00,0x37,
	0x52,0xb0,0x00,0x00,0x0f,0x11,0x00,0x8b,0x5e,0xb0,0x00,0x00,
	0x70,0x0c,0xf0,0x02,0xde,0xbf,0x03,0x00,0x10,0x30,0x01,0x07,
	0xe0,0x82,0x01,0x00,0x11,0x10,0x00,0x2f,0x52,0xb0,0x00,0x00,
	0x11,0x10,0x00,0x33,0x52,0xb0,0x00,0x00,0x11,0x10,0x00,0x37,
	0x52,0xb0,0x00,0x00,0x0d,0x11,0x00,0x8b,0x5e,0xb0,0x00,0x00,
	0x70,0x0c,0xf0,0x02,0xde,0xbf,0x03,0x00,0x10,0xd0,0x00,0x07,
	0xe0,0x82,0x01,0x00,0x11,0x10,0x00,0x2f,0x52,0xb0,0x00,0x00,
	0x11,0x10,0x00,0x33,0x52,0xb0,0x00,0x00,0x11,0x10,0x00,0x37,
	0x52,0xb0,0x00,0x00,0x0b,0x11,0x00,0x8b,0x5e,0xb0,0x00,0x00,
	0x70,0x0c,0xf0,0x02,0xde,0xbf,0x03,0x00,0x6c,0x0c,0xf0,0x02,
	0xde,0x33,0x03,0x00,0x0b,0x11,0x00,0x8b,0x5e,0xb0,0x00,0x00,
	0x70,0x0c,0xf0,0x02,0xde,0xbf,0x03,0x00,0x6f,0x0c,0xf0,0x02,
	0x5e,0x34,0x03,0x00,0x0d,0x11,0x00,0x8b,0x5e,0xb0,0x00,0x00,
	0x70,0x0c,0xf0,0x02,0xde,0xbf,0x03,0x00,0x0f,0x11,0x00,0x8b,
	0x5e,0xb0,0x00,0x00,0x83,0x0c,0xf0,0x02,0xde,0x1e,0x03,0x00,
	0x83,0x0c,0xf0,0x02,0x5e,0x9f,0x03,0x00,0x83,0x8c,0x02,0x4f,
	0x5e,0x68,0x00,0x00,0x83,0x0c,0xf0,0x02,0x5e,0x33,0x03,0x00,
	0x65,0x30,0x1a,0x1b,0x60,0xbc,0x01,0x00,0xa4,0xb7,0x00,0x03,
	0x60,0xbc,0x01,0x00,0x14,0x01,0xf0,0x02,0x5e,0x02,0x00,0x00,
	0x83,0xac,0x00,0x93,0xde,0x68,0x00,0x00,0x7c,0x0c,0x00,0x97,
	0xc1,0x07,0x02,0x00,0x88,0x17,0x00,0x07,0x5a,0x3c,0x01,0x00,
	0xa1,0x17,0x00,0x0b,0x5a,0x3c,0x01,0x00,0x7e,0x0c,0xf0,0x02,
	0xde,0xbf,0x03,0x00,0x88,0x17,0x00,0x07,0x5a,0x38,0x01,0x00,
	0xa1,0x17,0x00,0x0b,0x5a,0x38,0x01,0x00,0x94,0x97,0xf2,0x86,
	0x5e,0x84,0x01,0x00,0x24,0x91,0x24,0x86,0xde,0x87,0x01,0x00,
	0x83,0x0c,0x00,0xf3,0x80,0x06,0x02,0x00,0x94,0x97,0xf2,0x02,
	0x60,0x84,0x01,0x00,0x24,0x91,0x24,0x02,0xe0,0x87,0x01,0x00,
	0xa4,0x17,0x00,0xeb,0x5e,0xb0,0x00,0x00,0x8c,0x0c,0x00,0xaf,
	0x5e,0x84,0x02,0x00,0x65,0x30,0x1a,0x1b,0x60,0xbc,0x01,0x00,
	0xa4,0x77,0x00,0x03,0x60,0xbc,0x01,0x00,0x14,0x01,0xf0,0x02,
	0x5e,0x02,0x00,0x00,0x98,0x6c,0x00,0x93,0xde,0x68,0x00,0x00,
	0xa4,0x17,0x00,0x07,0x5a,0x38,0x01,0x00,0x8c,0x0c,0x00,0x97,
	0xc1,0x07,0x02,0x00,0xa4,0x17,0x00,0x07,0x5a,0x3c,0x01,0x00,
	0xa1,0xd7,0x15,0x2b,0x60,0xbc,0x01,0x00,0xa2,0x17,0x00,0x93,
	0x5e,0x21,0x01,0x00,0x65,0x50,0xf4,0x86,0x5e,0xe0,0x00,0x00,
	0xa2,0x17,0x00,0x93,0x5e,0x89,0x01,0x00,0xa3,0x57,0xf4,0x0e,
	0x60,0x88,0x00,0x00,0x93,0x0c,0x00,0xaf,0x5e,0x07,0x02,0x00,
	0xa3,0x57,0xf4,0x32,0x60,0x88,0x00,0x00,0x98,0x6c,0xf4,0x02,
	0x5a,0x20,0x00,0x00,0xa1,0x57,0xf4,0x16,0x60,0x88,0x00,0x00,
	0xa3,0x37,0xf4,0x8e,0x5e,0xa0,0x00,0x00,0x80,0x76,0xf4,0x02,
	0x5a,0xb0,0x00,0x00,0xa3,0x13,0xf0,0x02,0x5e,0x02,0x00,0x00,
	0x28,0x07,0xf0,0x02,0xde,0xaa,0x03,0x00,0x26,0x09,0xf0,0x02,
	0xde,0xbf,0x03,0x00,0x72,0x0a,0xf0,0x02,0xde,0x2a,0x03,0x00,
	0x28,0x07,0xf0,0x02,0xde,0xbf,0x03,0x00,0x9f,0x0c,0xf0,0x02,
	0xde,0xaa,0x03,0x00,0x72,0x0a,0xf0,0x02,0xde,0x2b,0x03,0x00,
	0xac,0x0c,0xf0,0x02,0xde,0xbf,0x03,0x00,0xf2,0x11,0x00,0x23,
	0x52,0xb0,0x00,0x00,0xf3,0x11,0x00,0x27,0x52,0xb0,0x00,0x00,
	0xf4,0x11,0x00,0x2b,0x52,0xb0,0x00,0x00,0xf5,0x91,0x00,0x03,
	0x60,0xbc,0x01,0x00,0xf0,0x11,0x00,0x5b,0x00,0xb0,0x00,0x00,
	0x28,0x07,0xf0,0x02,0xde,0xbf,0x03,0x00,0xa1,0x17,0x00,0x3f,
	0x52,0x38,0x01,0x00,0xa8,0x0c,0x00,0x53,0x5e,0x06,0x02,0x00,
	0xa1,0x17,0x00,0x4b,0x52,0x38,0x01,0x00,0xab,0x8c,0x00,0x87,
	0xde,0x68,0x00,0x00,0x28,0x07,0xf0,0x02,0xde,0xaa,0x03,0x00,
	0x26,0x09,0xf0,0x02,0xde,0xbf,0x03,0x00,0x28,0x07,0xf0,0x02,
	0xde,0xaa,0x03,0x00,0xb1,0x0c,0x00,0xf3,0x00,0x00,0x02,0x00,
	0xb1,0x0c,0x00,0x53,0xde,0x06,0x02,0x00,0xa1,0x17,0x00,0x83,
	0x5e,0x18,0x01,0x00,0xb1,0xac,0x00,0x87,0xde,0x68,0x00,0x00,
	0x42,0x51,0x02,0x0b,0x60,0xbc,0x01,0x00,0x72,0x0a,0x00,0x17,
	0x52,0x00,0x02,0x00,0x26,0x09,0xf0,0x02,0xde,0xbf,0x03,0x00,
	0x83,0x11,0x00,0x03,0x60,0xbc,0x01,0x00,0x82,0x11,0x00,0x03,
	0x60,0xbc,0x01,0x00,0xb8,0x0c,0xf0,0x02,0xde,0x2b,0x03,0x00,
	0x00,0x11,0x20,0x06,0xe0,0x99,0x01,0x00,0xbc,0x0c,0xf0,0x02,
	0xde,0xbf,0x03,0x00,0xa1,0x17,0x00,0x2f,0x40,0x19,0x01,0x00,
	0x6e,0x0a,0x00,0x87,0x5e,0x68,0x00,0x00,0x00,0x11,0x20,0x86,
	0xde,0x99,0x01,0x00,0x6e,0x0a,0xf0,0x02,0x5e,0x31,0x03,0x00,
	0xa2,0x97,0x00,0x3b,0x5e,0xa0,0x00,0x00,0x6e,0x4a,0xf4,0x4e,
	0x5e,0x20,0x00,0x00,0x48,0x10,0x09,0x02,0x60,0x84,0x01,0x00,
	0x6e,0x0a,0xf0,0x02,0xde,0xbf,0x03,0x00,0x6e,0x0a,0xf0,0x02,
	0xde,0x2a,0x03,0x00,0xc5,0x2c,0x04,0x4f,0xde,0x68,0x00,0x00,
	0x9f,0x17,0x00,0x33,0x52,0xb0,0x00,0x00,0xeb,0x10,0x00,0x2f,
	0x52,0xb0,0x00,0x00,0x0d,0x07,0x00,0x2f,0x52,0x81,0x02,0x00,
	0xaa,0x20,0x00,0xab,0x02,0xe0,0x00,0x00,0x49,0x0a,0x00,0x2f,
	0x52,0x81,0x02,0x00,0x28,0x07,0x00,0x2f,0x52,0x08,0x02,0x00,
	0x26,0x09,0xf0,0x02,0xde,0xbf,0x03,0x00,0x67,0x10,0x00,0x03,
	0x60,0xbc,0x01,0x00,0x46,0x10,0x00,0x03,0x60,0xbc,0x01,0x00,
	0x49,0x30,0x09,0x06,0xe0,0x80,0x01,0x00,0xd1,0x0c,0x00,0x1f,
	0xc1,0x82,0x02,0x00,0x65,0xf0,0x1f,0x2f,0x60,0xbc,0x01,0x00,
	0x80,0x16,0x00,0x03,0x60,0xbc,0x01,0x00,0x65,0x30,0x00,0x97,
	0x41,0xe8,0x00,0x00,0xce,0x0c,0x00,0x97,0xc1,0x69,0x00,0x00,
	0x94,0x17,0x00,0x0b,0x60,0xbc,0x01,0x00,0xab,0x17,0x00,0x03,
	0x60,0xbc,0x01,0x00,0xac,0x17,0x00,0x03,0x60,0xbc,0x01,0x00,
	0xad,0x17,0x00,0x03,0x60,0xbc,0x01,0x00,0xae,0x17,0x00,0x03,
	0x60,0xbc,0x01,0x00,0xbf,0x17,0x00,0x03,0x60,0xbc,0x01,0x00,
	0x20,0x20,0x00,0x03,0x60,0xbc,0x01,0x00,0xa1,0x17,0x00,0x03,
	0x60,0xbc,0x01,0x00,0xd3,0x00,0xf0,0x02,0x5e,0x02,0x00,0x00,
	0x28,0x00,0x00,0x67,0x40,0x38,0x01,0x00,0x29,0x00,0x00,0x67,
	0x40,0x1c,0x01,0x00,0x7b,0x10,0x00,0x63,0x60,0xbc,0x01,0x00,
	0x7a,0x10,0x00,0x03,0x60,0xbc,0x01,0x00,0xde,0x0c,0x00,0xd7,
	0x41,0x87,0x02,0x00,0x75,0x10,0x00,0x43,0x60,0xbc,0x01,0x00,
	0xe0,0x0c,0x00,0xd7,0x41,0x86,0x02,0x00,0xe7,0x8c,0x00,0xa7,
	0x00,0x68,0x00,0x00,0xed,0x0c,0x01,0xa7,0x80,0x68,0x00,0x00,
	0xab,0x77,0xf5,0x06,0xe0,0x80,0x01,0x00,0xa1,0x77,0x02,0x0f,
	0x61,0xbc,0x01,0x00,0xee,0xcc,0x0e,0x86,0x5e,0x68,0x00,0x00,
	0xed,0x0c,0xf0,0x02,0xde,0xbf,0x03,0x00,0xab,0x77,0xf5,0x02,
	0xe0,0x80,0x01,0x00,0xa1,0x17,0x1b,0xa3,0x62,0xbc,0x01,0x00,
	0xee,0xcc,0x0e,0x86,0x5e,0x68,0x00,0x00,0xab,0x77,0xf5,0x06,
	0xe0,0x80,0x01,0x00,0xa1,0x37,0x1b,0xa3,0x62,0xbc,0x01,0x00,
	0xee,0xcc,0x0e,0x86,0x5e,0x68,0x00,0x00,0xed,0x0c,0xf0,0x02,
	0xde,0xbf,0x03,0x00,0x49,0x50,0x00,0x03,0x60,0xbc,0x01,0x00,
	0xa7,0x17,0x00,0x03,0x60,0xbc,0x01,0x00,0xa8,0x17,0x00,0x03,
	0x60,0xbc,0x01,0x00,0xa9,0x17,0x00,0x03,0x60,0xbc,0x01,0x00,
	0xac,0x17,0x00,0x03,0x60,0xbc,0x01,0x00,0xad,0x17,0x00,0x03,
	0x60,0xbc,0x01,0x00,0x78,0x10,0x0f,0x06,0xe0,0x82,0x01,0x00,
	0xf5,0x0c,0x00,0xe3,0xc1,0x06,0x02,0x00,0xf8,0x0c,0x00,0xa7,
	0x80,0x68,0x00,0x00,0xf9,0x0c,0xf0,0x02,0xde,0xbf,0x03,0x00,
	0xf9,0x8c,0x00,0xa7,0x80,0x68,0x00,0x00,0x00,0x40,0x0c,0x0b,
	0x60,0xbc,0x01,0x00,0x01,0x80,0x05,0x0f,0x60,0xbc,0x01,0x00,
	0x02,0x00,0x02,0x2f,0x63,0xbc,0x01,0x00,0x03,0x20,0x11,0x47,
	0x61,0xbc,0x01,0x00,0x04,0x00,0x00,0x03,0x60,0xbc,0x01,0x00,
	0x05,0x00,0x00,0x03,0x60,0xbc,0x01,0x00,0x61,0x90,0x17,0x1b,
	0x60,0xbc,0x01,0x00,0x60,0x50,0x00,0x17,0x60,0xbc,0x01,0x00,
	0x28,0x07,0x00,0x03,0x60,0xbc,0x01,0x00,0x85,0x17,0x00,0x0f,
	0x5e,0xb0,0x00,0x00,0x45,0x71,0xf0,0xb6,0x44,0xa0,0x00,0x00,
	0x45,0x0b,0xf0,0x02,0xde,0xbf,0x03,0x00,0xfe,0xc6,0xdf,0x5c,
	0x5e,0x88,0x01,0x00,0x07,0x90,0x1f,0x1b,0x60,0xbc,0x01,0x00,
	0x08,0x90,0x01,0x03,0x60,0xbc,0x01,0x00,0x04,0x90,0x00,0x06,
	0x60,0x88,0x01,0x00,0x38,0x0b,0xf0,0x02,0xde,0x86,0x03,0x00,
	0x09,0x0d,0xf0,0x02,0xde,0x05,0x03,0x00,0x38,0x0b,0xf0,0x02,
	0xde,0x86,0x03,0x00,0x0b,0x0d,0xf0,0x02,0xde,0x85,0x03,0x00,
	0xa1,0x17,0x00,0x87,0x5e,0xb0,0x00,0x00,0x0f,0x2d,0x00,0x03,
	0xe0,0x6e,0x00,0x00,0x38,0x0b,0xf0,0x02,0xde,0x86,0x03,0x00,
	0xed,0x07,0x00,0xaf,0xc0,0x07,0x02,0x00,0x00,0x00,0xf0,0x02,
	0xde,0x02,0x00,0x00,0x16,0x0d,0xf0,0x02,0x5e,0x21,0x03,0x00,
	0x18,0x27,0xf4,0x62,0x1c,0xe0,0x00,0x00,0x8b,0x17,0x00,0x63,
	0x1c,0xb0,0x00,0x00,0x1e,0x0d,0xf0,0x02,0xde,0xbf,0x03,0x00,
	0x1b,0x0d,0x00,0xc7,0x50,0x81,0x02,0x00,0x8b,0x17,0x00,0x9f,
	0x50,0x1c,0x01,0x00,0x8b,0x37,0xf4,0x2e,0x5e,0xe0,0x00,0x00,
	0x27,0xf4,0x84,0x2e,0x5e,0x9c,0x01,0x00,0x1e,0x0d,0xf0,0x02,
	0xde,0xbf,0x03,0x00,0x8b,0x17,0x00,0x9f,0x50,0x1e,0x01,0x00,
	0x8b,0x37,0xf4,0x2e,0x5e,0xe0,0x00,0x00,0x27,0xf4,0x84,0x2e,
	0x5e,0x9e,0x01,0x00,0x00,0x00,0xf0,0x02,0xde,0x02,0x00,0x00,
	0x27,0x07,0x00,0x27,0x40,0x07,0x01,0x00,0x27,0x27,0x00,0x9f,
	0x1c,0xe0,0x00,0x00,0x00,0x00,0xf0,0x02,0xde,0x02,0x00,0x00,
	0x1f,0x10,0x00,0x03,0x5a,0xb0,0x00,0x00,0x20,0x10,0x00,0x07,
	0x5a,0xb0,0x00,0x00,0x21,0x10,0x00,0x0b,0x5a,0xb0,0x00,0x00,
	0x1d,0x10,0x00,0x07,0x60,0x80,0x01,0x00,0x26,0x0d,0x00,0x77,
	0x40,0x80,0x02,0x00,0x00,0x00,0xf0,0x02,0xde,0x02,0x00,0x00,
	0xab,0x77,0xf5,0x02,0xe0,0x87,0x01,0x00,0x02,0x00,0xf0,0x02,
	0x5e,0x91,0x03,0x00,0x02,0x00,0x09,0xfe,0xe3,0x20,0x00,0x00,
	0x34,0x0d,0x00,0x53,0x5e,0x81,0x02,0x00,0x2e,0x0d,0x00,0x1f,
	0x41,0x83,0x02,0x00,0x3a,0x0d,0x00,0x53,0xde,0x81,0x02,0x00,
	0x51,0x11,0x00,0x03,0x60,0xbc,0x01,0x00,0x52,0x11,0x00,0x03,
	0x60,0xbc,0x01,0x00,0x53,0x11,0x00,0x03,0x62,0xbc,0x01,0x00,
	0x50,0x51,0x00,0x03,0x60,0xbc,0x01,0x00,0x94,0x97,0xf2,0x06,
	0x60,0x89,0x01,0x00,0x02,0x00,0xf0,0x02,0xde,0xbf,0x03,0x00,
	0x02,0x00,0x00,0x43,0xc5,0x80,0x02,0x00,0x56,0x11,0x00,0x47,
	0xc5,0xf0,0x01,0x00,0xa1,0x17,0x00,0x47,0xc5,0x07,0x01,0x00,
	0x55,0x31,0xf4,0x4a,0xc5,0xf0,0x01,0x00,0x94,0x97,0xf2,0x0a,
	0x60,0x89,0x01,0x00,0x47,0x10,0x08,0x03,0x60,0xbc,0x01,0x00,
	0x02,0x00,0xf0,0x02,0xde,0x92,0x03,0x00,0x02,0x00,0x00,0x07,
	0xc1,0x04,0x02,0x00,0x41,0x0d,0xf0,0x02,0xde,0x9e,0x03,0x00,
	0x02,0x00,0xf0,0x02,0xde,0xb8,0x03,0x00,0xa1,0x17,0x00,0x7f,
	0x01,0xb0,0x00,0x00,0x02,0xc0,0x0b,0x84,0xde,0x68,0x00,0x00,
	0x43,0x0d,0xf0,0x02,0xde,0xbf,0x03,0x00,0x02,0x00,0x00,0x53,
	0xde,0x03,0x02,0x00,0x44,0x0d,0x00,0x23,0xde,0x68,0x00,0x00,
	0x02,0x00,0x00,0x53,0x5e,0x84,0x02,0x00,0x02,0x00,0x00,0x93,
	0xc4,0x87,0x02,0x00,0x47,0x0d,0x00,0xbb,0xde,0x82,0x02,0x00,
	0x4a,0x0d,0x00,0x4f,0x27,0x68,0x00,0x00,0x02,0xe0,0xff,0xd7,
	0x27,0x68,0x00,0x00,0xa1,0x17,0x00,0x3f,0x27,0xb0,0x00,0x00,
	0x02,0x40,0x38,0x85,0xde,0x6d,0x00,0x00,0x23,0x11,0x00,0x03,
	0x61,0xbc,0x01,0x00,0xa3,0x17,0x00,0x2b,0x01,0xb0,0x00,0x00,
	0x4e,0x0d,0x00,0xbb,0xde,0x82,0x02,0x00,0x4f,0x0d,0x00,0x4f,
	0x27,0x68,0x00,0x00,0xa3,0xb7,0x3e,0x8d,0x5e,0xe0,0x00,0x00,
	0xa1,0x17,0x00,0x0b,0x44,0xb0,0x00,0x00,0xa2,0x17,0x00,0x0f,
	0x44,0xb0,0x00,0x00,0xa1,0x37,0x23,0x86,0x5e,0xe9,0x00,0x00,
	0xa2,0x57,0x23,0x8a,0xde,0xe8,0x00,0x00,0x14,0x67,0xf4,0x86,
	0x5e,0xe9,0x00,0x00,0x15,0x07,0x00,0x8b,0xde,0xe8,0x00,0x00,
	0x00,0x18,0x00,0x1f,0x44,0xb0,0x00,0x00,0xa3,0x57,0x01,0x23,
	0x44,0x88,0x00,0x00,0xa4,0xd7,0x00,0x23,0x44,0x90,0x00,0x00,
	0x6d,0x8b,0xf4,0x8a,0x5e,0x6e,0x00,0x00,0x5c,0x0d,0x00,0x6f,
	0x81,0x68,0x00,0x00,0x6e,0x2d,0x00,0x23,0x5e,0x68,0x00,0x00,
	0x6e,0x2d,0x00,0x27,0x00,0x68,0x00,0x00,0xa1,0x37,0x00,0x23,
	0x5e,0xe8,0x00,0x00,0x5f,0x0d,0x00,0x87,0xde,0x69,0x00,0x00,
	0xa1,0x37,0x01,0x84,0x5e,0xe0,0x00,0x00,0xa5,0x17,0x00,0x6f,
	0x01,0x3c,0x01,0x00,0x66,0x0d,0x00,0x97,0xde,0x68,0x00,0x00,
	0xa5,0x17,0x00,0x6f,0x01,0x38,0x01,0x00,0x6a,0x0d,0x00,0x97,
	0x5e,0x68,0x00,0x00,0xa1,0x37,0x00,0x97,0x5e,0xe8,0x00,0x00,
	0x6e,0x0d,0x00,0x87,0x5e,0x68,0x00,0x00,0x6a,0x0d,0xf0,0x02,
	0xde,0xbf,0x03,0x00,0xa5,0x37,0x00,0x97,0x5e,0xe8,0x00,0x00,
	0xa5,0x37,0x01,0x94,0xde,0x80,0x00,0x00,0xa1,0xb7,0x0d,0x86,
	0x5e,0xe0,0x00,0x00,0x6e,0x0d,0x00,0x87,0x5e,0x68,0x00,0x00,
	0x14,0x67,0xf4,0x52,0x1c,0xe1,0x00,0x00,0x15,0x87,0xf4,0x56,
	0x9c,0xe0,0x00,0x00,0xa1,0x37,0x00,0x87,0x5e,0xe8,0x00,0x00,
	0x6a,0x0d,0x00,0x87,0x5e,0x6a,0x00,0x00,0x71,0x0d,0x00,0x57,
	0x1c,0x69,0x00,0x00,0x94,0x97,0xf2,0x06,0xe0,0x80,0x01,0x00,
	0x73,0x0d,0xf0,0x02,0xde,0xbf,0x03,0x00,0x94,0x97,0xf2,0x02,
	0xe0,0x80,0x01,0x00,0x02,0x00,0xf0,0x02,0xde,0xbf,0x03,0x00,
	0x7d,0x0d,0x00,0x27,0x41,0x68,0x00,0x00,0x74,0x0d,0x00,0x23,
	0x45,0x84,0x02,0x00,0xa1,0x17,0x00,0x67,0x44,0xb0,0x00,0x00,
	0xa2,0x37,0xf4,0x66,0x44,0xe8,0x00,0x00,0x76,0x4d,0x00,0x8b,
	0x5e,0x6d,0x00,0x00,0x6d,0x0b,0xf0,0x02,0xde,0x92,0x03,0x00,
	0xe7,0x10,0xf0,0x02,0x5e,0x02,0x00,0x00,0xcd,0x0e,0xf0,0x02,
	0x5e,0x02,0x00,0x00,0xc8,0x0e,0xf0,0x02,0x5e,0x02,0x00,0x00,
	0xd8,0x0e,0xf0,0x02,0x5e,0x02,0x00,0x00,0xe8,0x11,0x00,0x0f,
	0x60,0xbc,0x01,0x00,0x84,0x0d,0xf0,0x02,0xde,0x1e,0x03,0x00,
	0x5c,0x10,0x00,0x03,0x60,0xbc,0x01,0x00,0x5d,0x10,0x00,0x03,
	0x60,0xbc,0x01,0x00,0x5e,0x10,0x04,0x53,0x60,0xbc,0x01,0x00,
	0x5f,0x10,0x00,0x03,0x60,0xbc,0x01,0x00,0x88,0x0d,0xf0,0x02,
	0xde,0xbf,0x03,0x00,0x5c,0x10,0x00,0x0b,0x60,0xbc,0x01,0x00,
	0x5d,0x10,0x00,0x03,0x60,0xbc,0x01,0x00,0x5e,0x10,0x04,0x43,
	0x60,0xbc,0x01,0x00,0x5f,0x10,0x00,0x03,0x60,0xbc,0x01,0x00,
	0x20,0x80,0x00,0x03,0x60,0xbc,0x01,0x00,0xc6,0x0d,0x00,0xbf,
	0x00,0x85,0x02,0x00,0x51,0x11,0x00,0x53,0x1c,0xb0,0x00,0x00,
	0x52,0x11,0x00,0x57,0x1c,0xb0,0x00,0x00,0x90,0x8d,0x2a,0x52,
	0x1c,0x6e,0x00,0x00,0x90,0x0d,0x00,0x57,0x9c,0x68,0x00,0x00,
	0xa1,0x37,0x23,0x52,0x1c,0xe0,0x00,0x00,0x92,0x0d,0xf0,0x02,
	0xde,0xbf,0x03,0x00,0xa1,0x17,0x00,0x67,0x44,0xb0,0x00,0x00,
	0x50,0x31,0x00,0x03,0x60,0xbc,0x01,0x00,0x40,0x90,0x0c,0x03,
	0x60,0xbc,0x01,0x00,0x00,0x00,0xf0,0x02,0xde,0x00,0x00,0x00,
	0x97,0x0d,0x00,0x03,0xc1,0x68,0x00,0x00,0x92,0x0d,0x00,0x43,
	0x45,0x80,0x02,0x00,0x92,0x2d,0xf4,0x66,0x44,0x6b,0x00,0x00,
	0x50,0x11,0x00,0x03,0x60,0xbc,0x01,0x00,0x98,0x0d,0x00,0x43,
	0x45,0x84,0x02,0x00,0xa1,0x17,0x00,0x67,0x44,0xb0,0x00,0x00,
	0x9a,0x2d,0x23,0x86,0x5e,0x68,0x00,0x00,0x20,0x40,0x00,0x03,
	0x60,0xbc,0x01,0x00,0x00,0x11,0x20,0x06,0x60,0x86,0x01,0x00,
	0xa1,0x37,0x2a,0x52,0x1c,0xe9,0x00,0x00,0xa2,0x57,0x2a,0x56,
	0x9c,0xe8,0x00,0x00,0x19,0x31,0xf4,0x66,0x44,0xe1,0x00,0x00,
	0x1a,0x51,0xf4,0x6a,0xc4,0xe1,0x00,0x00,0x1b,0x11,0x00,0x6f,
	0xc4,0xe1,0x00,0x00,0x1c,0x11,0x00,0x73,0xc4,0xe0,0x00,0x00,
	0x6a,0x23,0xf4,0xaa,0x0d,0xe1,0x00,0x00,0x6b,0x43,0xf4,0xae,
	0x8d,0xe0,0x00,0x00,0x00,0x18,0x00,0x1f,0x44,0xb0,0x00,0x00,
	0xa3,0x57,0x01,0x23,0x44,0x88,0x00,0x00,0xa4,0xd7,0x00,0x23,
	0x44,0x90,0x00,0x00,0xa1,0x17,0x00,0x0b,0x44,0xb0,0x00,0x00,
	0xa2,0x17,0x00,0x0f,0x44,0xb0,0x00,0x00,0xa1,0x37,0x23,0x86,
	0x5e,0xe9,0x00,0x00,0xa2,0x57,0x23,0x8a,0xde,0xe8,0x00,0x00,
	0xb4,0x0d,0x00,0x8b,0xde,0x69,0x00,0x00,0x02,0x71,0xf4,0x0a,
	0x44,0xe1,0x00,0x00,0x03,0x91,0xf4,0x0e,0xc4,0xe0,0x00,0x00,
	0xcf,0x09,0x00,0x0b,0x27,0xb0,0x00,0x00,0x88,0x37,0x00,0x23,
	0x5e,0xe8,0x00,0x00,0xa8,0x0d,0x00,0x23,0xde,0x69,0x00,0x00,
	0x88,0x37,0x00,0x27,0x00,0xe8,0x00,0x00,0xa8,0x0d,0xf0,0x02,
	0xde,0xbf,0x03,0x00,0x00,0x11,0x20,0x02,0x60,0x86,0x01,0x00,
	0xc8,0x0d,0x00,0x53,0xde,0x00,0x02,0x00,0x94,0x97,0xf2,0x02,
	0xe0,0x80,0x01,0x00,0xcb,0x0e,0xf0,0x02,0x5e,0x02,0x00,0x00,
	0x40,0x10,0x00,0x03,0x60,0xbc,0x01,0x00,0xbb,0x0d,0xf0,0x02,
	0xde,0xbf,0x03,0x00,0xbf,0x0d,0x00,0xc3,0x80,0x00,0x02,0x00,
	0xa1,0x57,0x09,0x64,0x44,0xe0,0x00,0x00,0xa1,0x37,0x21,0x86,
	0x5e,0xe8,0x00,0x00,0xbd,0x2d,0xf4,0x66,0xc4,0x6c,0x00,0x00,
	0xc8,0x0d,0xf0,0x02,0xde,0xbf,0x03,0x00,0x14,0x27,0x21,0x2a,
	0x01,0xe8,0x00,0x00,0x15,0x07,0x00,0x03,0x60,0xbc,0x01,0x00,
	0x51,0x11,0x00,0x53,0x1c,0xb0,0x00,0x00,0x52,0x11,0x00,0x03,
	0x60,0xbc,0x01,0x00,0x50,0x31,0x00,0x03,0x60,0xbc,0x01,0x00,
	0xc4,0x0d,0x00,0x43,0x45,0x80,0x02,0x00,0x9c,0x0d,0xf0,0x02,
	0xde,0xbf,0x03,0x00,0x40,0x10,0x00,0x03,0x60,0xbc,0x01,0x00,
	0x09,0x11,0x00,0x2b,0x01,0xb0,0x00,0x00,0xca,0x0d,0x00,0x2f,
	0xa7,0x68,0x00,0x00,0x00,0x00,0xf0,0x02,0xde,0x00,0x00,0x00,
	0xcc,0x0d,0xf0,0x02,0x5e,0x56,0x03,0x00,0x66,0x01,0xf0,0x02,
	0x5e,0x02,0x00,0x00,0x09,0x11,0x00,0x2f,0x01,0xb0,0x00,0x00,
	0x5c,0x10,0x0c,0xcf,0x61,0xbc,0x01,0x00,0x5d,0x10,0x00,0x03,
	0x60,0xbc,0x01,0x00,0x5e,0xf0,0x01,0xcf,0x61,0xbc,0x01,0x00,
	0x5f,0xf0,0x0a,0x3b,0x60,0xbc,0x01,0x00,0xd4,0x0e,0xf0,0x02,
	0x5e,0x02,0x00,0x00,0xdd,0x0e,0xf0,0x02,0x5e,0x02,0x00,0x00,
	0xd1,0x0e,0xf0,0x02,0x5e,0x02,0x00,0x00,0x6d,0x0b,0xf0,0x02,
	0xde,0xbf,0x03,0x00,0x86,0xd0,0x10,0x06,0x5e,0x88,0x01,0x00,
	0xa1,0x17,0x00,0x07,0x5e,0x02,0x01,0x00,0x86,0xd0,0x10,0x86,
	0x5e,0x82,0x01,0x00,0xda,0x0d,0x00,0x1b,0x42,0x0b,0x02,0x00,
	0xdb,0x0d,0xf0,0x02,0xde,0xbf,0x03,0x00,0x86,0xd0,0x10,0x9e,
	0x1c,0x8b,0x01,0x00,0xa1,0x37,0x15,0x13,0x60,0xbc,0x01,0x00,
	0xd3,0x00,0xf0,0x02,0x5e,0x02,0x00,0x00,0xa2,0x17,0x00,0x67,
	0x40,0xb0,0x00,0x00,0xa3,0xf7,0x3f,0x67,0x40,0xa0,0x00,0x00,
	0xe1,0x0d,0x10,0x8f,0xde,0x6d,0x00,0x00,0xa2,0x57,0xf4,0x02,
	0x62,0xc0,0x01,0x00,0xd8,0x00,0xf0,0x02,0x5e,0x02,0x00,0x00,
	0xa1,0xf7,0x14,0x13,0x60,0xbc,0x01,0x00,0xd3,0x00,0xf0,0x02,
	0x5e,0x02,0x00,0x00,0xa2,0x17,0x00,0x67,0x40,0xb0,0x00,0x00,
	0xa3,0xf7,0x1f,0x67,0x40,0xa0,0x00,0x00,0xe8,0x8d,0x08,0x8f,
	0xde,0x6e,0x00,0x00,0xa2,0x57,0xf4,0x12,0x61,0xb8,0x01,0x00,
	0xd8,0x00,0xf0,0x02,0x5e,0x02,0x00,0x00,0x00,0x00,0xf0,0x02,
	0xde,0x02,0x00,0x00,0xa1,0x17,0x00,0x13,0x54,0xb0,0x00,0x00,
	0xf1,0x0d,0x00,0x07,0xde,0x00,0x02,0x00,0x65,0x10,0x00,0x8b,
	0x41,0xb0,0x00,0x00,0xa1,0xd7,0x01,0x03,0x60,0xbc,0x01,0x00,
	0x0b,0x12,0xf0,0x02,0x5e,0x02,0x00,0x00,0xa1,0xf7,0x00,0x84,
	0x5e,0xe0,0x00,0x00,0xf6,0x0d,0xf0,0x02,0xde,0xbf,0x03,0x00,
	0xf6,0x0d,0x00,0xf3,0x80,0x04,0x02,0x00,0xf6,0x0d,0x00,0x07,
	0x5e,0x02,0x02,0x00,0xf6,0x0d,0x00,0x07,0x5e,0x80,0x02,0x00,
	0xa2,0x37,0x00,0x1b,0x00,0x90,0x00,0x00,0xa1,0x57,0xf4,0x12,
	0x54,0xe8,0x00,0x00,0x00,0x00,0xf0,0x02,0xde,0x02,0x00,0x00,
	0xfa,0x0d,0x00,0xbf,0x00,0x04,0x02,0x00,0xc8,0x0f,0xf0,0x02,
	0x5e,0x02,0x00,0x00,0xfe,0x0d,0xf0,0x02,0xde,0xbf,0x03,0x00,
	0x45,0xb1,0xf0,0xb6,0x44,0xa0,0x00,0x00,0xfe,0x0d,0x00,0xbf,
	0x80,0x07,0x02,0x00,0xfe,0x0d,0x00,0x17,0xc5,0x68,0x00,0x00,
	0x45,0x31,0x00,0x03,0x60,0xbc,0x01,0x00,0x00,0x00,0xf0,0x02,
	0xde,0x02,0x00,0x00,0x0f,0x0e,0x00,0xbf,0x00,0x00,0x02,0x00,
	0x0f,0x0e,0x00,0x57,0xa8,0x68,0x00,0x00,0xa8,0x37,0x00,0xa3,
	0x5e,0xe0,0x00,0x00,0x0f,0xce,0x05,0xa0,0x5e,0x6d,0x00,0x00,
	0xa1,0x17,0x00,0xdf,0x29,0xb0,0x00,0x00,0xd3,0x00,0xf0,0x02,
	0x5e,0x02,0x00,0x00,0xa2,0x17,0x00,0x67,0x40,0xb0,0x00,0x00,
	0x0c,0xee,0xff,0xa3,0xde,0x68,0x00,0x00,0xa2,0x17,0x4f,0x89,
	0x5e,0xb0,0x00,0x00,0x0b,0x8e,0x00,0xa7,0x00,0x6d,0x00,0x00,
	0x0d,0x4e,0x00,0x9f,0x9c,0x6d,0x00,0x00,0x0c,0x0e,0xf0,0x02,
	0xde,0xbf,0x03,0x00,0x0d,0x0e,0x00,0x9f,0x9c,0x68,0x00,0x00,
	0xa2,0x17,0x4f,0x89,0x5e,0xb8,0x00,0x00,0xd8,0x00,0xf0,0x02,
	0x5e,0x02,0x00,0x00,0xa8,0x17,0x00,0x03,0x60,0xbc,0x01,0x00,
	0x00,0x00,0xf0,0x02,0xde,0x02,0x00,0x00,0x25,0x0e,0x00,0xb3,
	0x5e,0x01,0x02,0x00,0xac,0x97,0xf5,0x02,0x60,0x81,0x01,0x00,
	0x62,0x50,0x1f,0x0f,0x60,0xbc,0x01,0x00,0x86,0x30,0x02,0x04,
	0x60,0x90,0x01,0x00,0x16,0x0e,0x00,0x1b,0x42,0x8b,0x02,0x00,
	0x86,0xd0,0x10,0x9e,0x1c,0x8b,0x01,0x00,0x8a,0x10,0x00,0x27,
	0x54,0xb0,0x00,0x00,0x80,0xf0,0x00,0x03,0x61,0xbc,0x01,0x00,
	0xa9,0x20,0x00,0xa7,0x02,0xe0,0x00,0x00,0x84,0x10,0x00,0x03,
	0x60,0xbc,0x01,0x00,0x85,0x10,0x00,0x03,0x60,0xbc,0x01,0x00,
	0xe0,0x10,0x00,0x07,0x54,0xb0,0x00,0x00,0xe1,0x10,0x00,0x0b,
	0x54,0xb0,0x00,0x00,0xe3,0x90,0x1a,0x03,0x60,0xbc,0x01,0x00,
	0xe4,0x10,0x00,0x03,0x60,0xbc,0x01,0x00,0x92,0xb7,0x06,0x03,
	0x60,0xbc,0x01,0x00,0xc3,0xf0,0x1f,0xff,0x63,0xbc,0x01,0x00,
	0xc4,0xf0,0x1f,0xff,0x63,0xbc,0x01,0x00,0x84,0xf0,0x1f,0x03,
	0x60,0xbc,0x01,0x00,0x48,0x10,0x09,0x0a,0x60,0x90,0x01,0x00,
	0x48,0x10,0x09,0x02,0xe0,0x84,0x01,0x00,0x00,0x00,0xf0,0x02,
	0xde,0x02,0x00,0x00,0x37,0x0e,0x00,0xb3,0xde,0x00,0x02,0x00,
	0x37,0x0e,0x00,0xb3,0x5e,0x00,0x02,0x00,0x37,0x0e,0x00,0x1f,
	0x42,0x00,0x02,0x00,0x80,0x10,0x00,0x03,0x61,0xbc,0x01,0x00,
	0x00,0x18,0x00,0x03,0x42,0xb0,0x00,0x00,0x2c,0x2e,0x00,0x03,
	0xe0,0x6e,0x00,0x00,0x2f,0x0e,0xf0,0x02,0x5e,0x50,0x03,0x00,
	0x00,0x00,0xf0,0x02,0x5e,0x01,0x00,0x00,0x39,0x03,0xf0,0x02,
	0xde,0xbf,0x03,0x00,0x48,0xf0,0x01,0x23,0x41,0xa8,0x00,0x00,
	0xab,0x77,0xf5,0x02,0xe0,0x87,0x01,0x00,0x42,0x11,0x00,0x5b,
	0x1c,0xb0,0x00,0x00,0xa7,0x20,0x00,0x9f,0x02,0xe0,0x00,0x00,
	0x19,0x27,0xe3,0x70,0x60,0xa0,0x01,0x00,0x4a,0x0e,0xf0,0x02,
	0x5e,0x02,0x00,0x00,0x6c,0x90,0x0d,0x06,0xe0,0x80,0x01,0x00,
	0xff,0x0d,0xf0,0x02,0x5e,0x02,0x00,0x00,0x00,0x00,0xf0,0x02,
	0xde,0x02,0x00,0x00,0x37,0x0e,0xf0,0x02,0xde,0x28,0x03,0x00,
	0x37,0x0e,0x09,0x8a,0xe0,0x20,0x00,0x00,0x60,0x10,0x00,0x7b,
	0x1c,0xb0,0x00,0x00,0x18,0x00,0x00,0x7f,0x1c,0xb0,0x00,0x00,
	0xa0,0x10,0x00,0x63,0x00,0xb0,0x00,0x00,0x00,0x18,0x00,0x83,
	0x42,0xb0,0x00,0x00,0x37,0x0e,0x00,0x47,0x42,0x68,0x00,0x00,
	0x30,0x14,0x86,0x02,0x60,0x80,0x01,0x00,0x90,0x01,0xf0,0x02,
	0x5e,0x02,0x00,0x00,0xa5,0x17,0x00,0x77,0x1c,0xb0,0x00,0x00,
	0x46,0xce,0x84,0x96,0xde,0x68,0x00,0x00,0x6c,0x90,0x0d,0x02,
	0xe0,0x80,0x01,0x00,0x31,0x34,0x86,0x06,0xe0,0x82,0x01,0x00,
	0x37,0x0e,0xf0,0x02,0xde,0xbf,0x03,0x00,0xa0,0x10,0x03,0x04,
	0xe0,0x86,0x01,0x00,0x00,0x18,0x00,0x83,0x42,0xb0,0x00,0x00,
	0xa8,0x20,0x00,0xa3,0x02,0xe0,0x00,0x00,0x37,0x0e,0xf0,0x02,
	0xde,0xbf,0x03,0x00,0x50,0x0e,0x00,0xb3,0x5e,0x00,0x02,0x00,
	0x8f,0x10,0x00,0x73,0x1c,0xb0,0x00,0x00,0x8e,0x10,0x00,0x6f,
	0x1c,0xb0,0x00,0x00,0x8d,0x10,0x00,0x6b,0x1c,0xb0,0x00,0x00,
	0x8c,0x30,0x00,0x67,0x1c,0xb0,0x00,0x00,0xac,0x97,0xf5,0x02,
	0x60,0x80,0x01,0x00,0x00,0x00,0xf0,0x02,0xde,0x02,0x00,0x00,
	0xa2,0x17,0x01,0x03,0x5a,0xd8,0x00,0x00,0xa2,0x57,0xf4,0x06,
	0x5a,0xb8,0x01,0x00,0x3a,0x07,0x00,0x03,0x56,0xb0,0x00,0x00,
	0x3b,0x07,0x00,0x07,0x56,0xb0,0x00,0x00,0x3c,0x07,0x00,0x0b,
	0x56,0xb0,0x00,0x00,0x3d,0x07,0x00,0x0f,0x56,0xb0,0x00,0x00,
	0x3e,0x07,0x00,0x13,0x56,0xb0,0x00,0x00,0x3f,0x47,0xf4,0x12,
	0x56,0xe0,0x00,0x00,0x38,0x07,0x00,0x03,0x5a,0xb0,0x00,0x00,
	0x39,0x07,0x00,0x8b,0x5e,0x38,0x01,0x00,0xa4,0x17,0x00,0xff,
	0x1c,0xb0,0x00,0x00,0xa2,0x17,0x00,0x03,0x60,0xbc,0x01,0x00,
	0x65,0x10,0x00,0x93,0x41,0xb0,0x00,0x00,0xa4,0x17,0xd0,0x92,
	0x5e,0xb8,0x00,0x00,0x63,0x50,0xf4,0x06,0x5e,0xe0,0x00,0x00,
	0xa3,0x17,0x00,0x93,0x5e,0xf0,0x00,0x00,0xa4,0x77,0x00,0x93,
	0x5e,0xf0,0x00,0x00,0xa2,0x37,0x00,0x8b,0x5e,0xe0,0x00,0x00,
	0xa4,0x77,0xf4,0x92,0x5e,0xb8,0x00,0x00,0x65,0x50,0xf4,0x92,
	0x41,0xe0,0x00,0x00,0x80,0x95,0xf4,0x02,0x56,0xe0,0x00,0x00,
	0xa4,0x17,0x00,0x03,0x56,0xb0,0x00,0x00,0x5e,0xae,0x00,0x8b,
	0xde,0x6e,0x00,0x00,0xa2,0xd7,0xc0,0x92,0x5e,0xb8,0x00,0x00,
	0xa2,0x37,0x00,0x8b,0x5e,0xd8,0x00,0x00,0x3a,0x47,0xf4,0xea,
	0x1c,0xe0,0x00,0x00,0xa4,0x17,0x00,0xeb,0x1c,0xb0,0x00,0x00,
	0xa2,0xf7,0xc0,0x92,0x5e,0xb8,0x00,0x00,0xa2,0x37,0x00,0x8b,
	0x5e,0xd8,0x00,0x00,0x3b,0x47,0xf4,0xee,0x1c,0xe0,0x00,0x00,
	0xa2,0x37,0x00,0xef,0x1c,0xd8,0x00,0x00,0x3c,0x47,0xf4,0xf2,
	0x1c,0xe0,0x00,0x00,0xa2,0x37,0x00,0xf3,0x1c,0xd8,0x00,0x00,
	0x3d,0x47,0xf4,0xf6,0x1c,0xe0,0x00,0x00,0xa2,0x37,0x00,0xf7,
	0x1c,0xd8,0x00,0x00,0x3e,0x47,0xf4,0xfa,0x1c,0xe0,0x00,0x00,
	0xa2,0x37,0x00,0xfb,0x1c,0xd8,0x00,0x00,0x3f,0x47,0xf4,0xfe,
	0x1c,0xe0,0x00,0x00,0xa2,0x17,0x00,0xff,0x1c,0xb0,0x00,0x00,
	0xa2,0x17,0xc0,0x8a,0x5e,0xb8,0x00,0x00,0xa2,0x37,0x00,0x8b,
	0x5e,0x90,0x00,0x00,0x39,0x27,0xe7,0x88,0x5e,0xbc,0x01,0x00,
	0x00,0x00,0xf0,0x02,0xde,0x02,0x00,0x00,0xe4,0x91,0x3c,0x06,
	0x60,0x80,0x01,0x00,0xe6,0xd1,0x3c,0x06,0x60,0x87,0x01,0x00,
	0xe6,0xd1,0x3c,0x02,0x60,0xa8,0x01,0x00,0xe6,0xd1,0x3c,0x02,
	0x60,0x8b,0x01,0x00,0x63,0x10,0x00,0x8f,0x5e,0xb0,0x00,0x00,
	0xe7,0x11,0x00,0x03,0x56,0xb0,0x00,0x00,0xe7,0x11,0x00,0x07,
	0x56,0xb0,0x00,0x00,0xe7,0x11,0x00,0x0b,0x56,0xb0,0x00,0x00,
	0xe7,0x11,0x00,0x0f,0x56,0xb0,0x00,0x00,0xe4,0x91,0x3c,0x42,
	0x60,0xa9,0x01,0x00,0xe6,0xd1,0x3c,0x02,0x60,0xa8,0x01,0x00,
	0xe6,0xd1,0x3c,0x06,0x60,0x8b,0x01,0x00,0x63,0x10,0x00,0x8b,
	0x5e,0xb0,0x00,0x00,0xa1,0x57,0x00,0x03,0x60,0xbc,0x01,0x00,
	0x8c,0x0e,0x00,0x03,0x56,0x04,0x02,0x00,0xa1,0x17,0x01,0x03,
	0x60,0xbc,0x01,0x00,0x63,0x30,0xf4,0x8e,0x41,0xe0,0x00,0x00,
	0xe7,0x11,0x00,0x03,0x56,0xb0,0x00,0x00,0xe7,0x11,0x00,0x07,
	0x56,0xb0,0x00,0x00,0xe7,0x11,0x00,0x0b,0x56,0xb0,0x00,0x00,
	0x63,0x10,0x00,0x8b,0x5e,0xb0,0x00,0x00,0xa1,0xb7,0x00,0x03,
	0x60,0xbc,0x01,0x00,0x96,0x0e,0x00,0x03,0xd6,0x04,0x02,0x00,
	0xa1,0x17,0x01,0x03,0x60,0xbc,0x01,0x00,0x96,0x0e,0x00,0x53,
	0x5e,0x06,0x02,0x00,0xa1,0x97,0x01,0x03,0x60,0xbc,0x01,0x00,
	0x63,0x30,0xf4,0x8e,0x41,0xe0,0x00,0x00,0xe7,0x11,0x00,0x03,
	0x56,0xb0,0x00,0x00,0xe7,0x11,0x00,0x07,0x56,0xb0,0x00,0x00,
	0xe7,0x11,0x00,0x0b,0x56,0xb0,0x00,0x00,0xa1,0x17,0x00,0x03,
	0x60,0xbc,0x01,0x00,0xa1,0x0e,0x00,0x53,0xde,0x06,0x02,0x00,
	0x63,0x10,0x00,0x8b,0x5e,0xb0,0x00,0x00,0xa0,0x0e,0x00,0x53,
	0x5e,0x06,0x02,0x00,0xa1,0xf7,0x01,0x3f,0x56,0xa0,0x00,0x00,
	0xa1,0x0e,0xf0,0x02,0xde,0xbf,0x03,0x00,0xa1,0xf7,0x01,0x33,
	0x56,0xa0,0x00,0x00,0xe7,0x11,0x00,0x87,0x5e,0xb0,0x00,0x00,
	0xe7,0x11,0x00,0x03,0x60,0xbc,0x01,0x00,0x00,0x00,0xf0,0x02,
	0xde,0x02,0x00,0x00,0xe3,0x11,0x02,0x07,0x60,0xbc,0x01,0x00,
	0xb0,0x4e,0x00,0x9b,0xde,0x68,0x00,0x00,0xe1,0x11,0x01,0x87,
	0x47,0xe8,0x00,0x00,0xe2,0x11,0x00,0x03,0x60,0xbc,0x01,0x00,
	0xe2,0x11,0x00,0x03,0x60,0xbc,0x01,0x00,0xe2,0x11,0x00,0x03,
	0x60,0xbc,0x01,0x00,0xe2,0x11,0x00,0x03,0x60,0xbc,0x01,0x00,
	0xe2,0x11,0x00,0x03,0x60,0xbc,0x01,0x00,0xe2,0x11,0x00,0x03,
	0x60,0xbc,0x01,0x00,0xe2,0x11,0x00,0x03,0x60,0xbc,0x01,0x00,
	0xe2,0x11,0x00,0x03,0x60,0xbc,0x01,0x00,0xe0,0x51,0xf4,0x42,
	0x61,0xb0,0x00,0x00,0xe2,0x11,0x00,0x03,0x58,0xb0,0x00,0x00,
	0xe2,0x11,0x00,0x07,0x58,0xb0,0x00,0x00,0xe2,0x11,0x00,0x0b,
	0x58,0xb0,0x00,0x00,0xe2,0x11,0x00,0x0f,0x58,0xb0,0x00,0x00,
	0xe2,0x11,0x00,0x13,0x58,0xb0,0x00,0x00,0xe2,0x11,0x00,0x17,
	0x58,0xb0,0x00,0x00,0xe2,0x11,0x00,0x1b,0x58,0xb0,0x00,0x00,
	0xe2,0x11,0x00,0x1f,0x58,0xb0,0x00,0x00,0xa4,0x17,0x00,0x9b,
	0x5e,0xb0,0x00,0x00,0xbb,0xae,0x00,0x9b,0xde,0x68,0x00,0x00,
	0xa4,0x77,0x00,0x03,0x60,0xbc,0x01,0x00,0xa3,0x17,0x02,0x93,
	0xde,0x92,0x01,0x00,0x00,0x00,0xf0,0x02,0xde,0x02,0x00,0x00,
	0xbd,0x0e,0x00,0xc3,0x40,0x87,0x02,0x00,0x30,0x10,0xf0,0x06,
	0x60,0x86,0x01,0x00,0xbf,0x0e,0x00,0xc3,0x40,0x86,0x02,0x00,
	0x81,0x17,0x00,0xc7,0x40,0xb0,0x00,0x00,0x00,0x00,0xf0,0x02,
	0xde,0x02,0x00,0x00,0xc2,0x0e,0x00,0xc3,0x40,0x87,0x02,0x00,
	0x31,0x10,0x00,0x07,0x5e,0xb0,0x00,0x00,0x30,0x10,0xf0,0x06,
	0xe0,0x86,0x01,0x00,0x00,0x00,0xf0,0x02,0xde,0x02,0x00,0x00,
	0x4b,0x13,0x01,0xa7,0x00,0x68,0x00,0x00,0xdc,0x0e,0xf0,0x02,
	0xde,0xbf,0x03,0x00,0xcb,0x0e,0xf0,0x02,0x5e,0x02,0x00,0x00,
	0xdd,0x0e,0xf0,0x02,0x5e,0x02,0x00,0x00,0x00,0x00,0xf0,0x02,
	0xde,0x02,0x00,0x00,0x17,0x13,0x01,0xa7,0x00,0x68,0x00,0x00,
	0x00,0x00,0xf0,0x02,0xde,0x02,0x00,0x00,0x49,0x30,0x09,0x06,
	0x60,0x81,0x01,0x00,0xd0,0x8e,0x00,0xa7,0x00,0x68,0x00,0x00,
	0xed,0x0e,0xf0,0x02,0x5e,0x02,0x00,0x00,0x00,0x00,0xf0,0x02,
	0xde,0x02,0x00,0x00,0xed,0x0e,0xf0,0x02,0x5e,0x02,0x00,0x00,
	0x49,0x30,0x09,0x02,0x60,0x81,0x01,0x00,0x00,0x00,0xf0,0x02,
	0xde,0x02,0x00,0x00,0x49,0x30,0x09,0x0e,0xe0,0x88,0x01,0x00,
	0x00,0x18,0x00,0x27,0x41,0xb0,0x00,0x00,0x02,0x10,0x00,0x2b,
	0x00,0xb0,0x00,0x00,0x00,0x00,0xf0,0x02,0xde,0x02,0x00,0x00,
	0x02,0x10,0x00,0x03,0x60,0xbc,0x01,0x00,0x78,0x10,0x0f,0x02,
	0xe0,0x82,0x01,0x00,0x49,0x10,0x00,0x03,0x60,0xbc,0x01,0x00,
	0x00,0x18,0x00,0x27,0x41,0xb0,0x00,0x00,0x00,0x00,0xf0,0x02,
	0xde,0x02,0x00,0x00,0xde,0x0e,0x01,0xa7,0x00,0x68,0x00,0x00,
	0xe4,0x0e,0x00,0x53,0xde,0x80,0x02,0x00,0xa1,0x77,0x07,0x13,
	0x60,0xbc,0x01,0x00,0xd3,0x00,0xf0,0x02,0x5e,0x02,0x00,0x00,
	0xa2,0x37,0x03,0x02,0x60,0x90,0x01,0x00,0xd8,0x00,0xf0,0x02,
	0x5e,0x02,0x00,0x00,0x00,0x00,0xf0,0x02,0xde,0x02,0x00,0x00,
	0xa1,0x97,0x07,0x13,0x60,0xbc,0x01,0x00,0xd3,0x00,0xf0,0x02,
	0x5e,0x02,0x00,0x00,0xa2,0x37,0x03,0x1e,0x60,0x90,0x01,0x00,
	0xd8,0x00,0xf0,0x02,0x5e,0x02,0x00,0x00,0xa1,0x77,0x07,0x13,
	0x60,0xbc,0x01,0x00,0xd3,0x00,0xf0,0x02,0x5e,0x02,0x00,0x00,
	0xa2,0x37,0x03,0x1e,0x60,0x90,0x01,0x00,0xd8,0x00,0xf0,0x02,
	0x5e,0x02,0x00,0x00,0x00,0x00,0xf0,0x02,0xde,0x02,0x00,0x00,
	0xa6,0x17,0x00,0x53,0xde,0x00,0x01,0x00,0x49,0x30,0x09,0x9a,
	0xde,0x81,0x01,0x00,0x00,0x18,0x00,0x27,0x41,0xb0,0x00,0x00,
	0x00,0x00,0xf0,0x02,0xde,0x02,0x00,0x00,0x00,0x00,0xf0,0x02,
	0xde,0x02,0x00,0x00,0x2e,0x0f,0x00,0x1f,0x41,0x02,0x02,0x00,
	0xf7,0x0e,0x00,0x53,0x5e,0x82,0x02,0x00,0x94,0x97,0xf2,0x06,
	0x60,0x82,0x01,0x00,0x00,0x18,0x00,0x67,0x44,0xb0,0x00,0x00,
	0x21,0x07,0x00,0x6b,0x44,0xb0,0x00,0x00,0x00,0x18,0x00,0x67,
	0x44,0xb0,0x00,0x00,0xa4,0x37,0xe4,0x68,0x44,0xe8,0x00,0x00,
	0x29,0x8f,0x00,0xa7,0x00,0x68,0x00,0x00,0x27,0x4f,0x00,0x93,
	0xde,0x6d,0x00,0x00,0xa1,0xf7,0x0b,0x17,0x60,0xbc,0x01,0x00,
	0xd3,0x00,0xf0,0x02,0x5e,0x02,0x00,0x00,0xa3,0x17,0x00,0x67,
	0x40,0xb0,0x00,0x00,0x0d,0x0f,0x00,0xb7,0x5e,0x82,0x02,0x00,
	0x45,0x20,0x00,0x17,0x01,0xe0,0x00,0x00,0x44,0x00,0x00,0x8f,
	0x5e,0x38,0x01,0x00,0x2e,0x8f,0x08,0x13,0x81,0x68,0x00,0x00,
	0xa1,0x57,0x1b,0x1b,0x60,0xbc,0x01,0x00,0xd3,0x00,0xf0,0x02,
	0x5e,0x02,0x00,0x00,0xa2,0x37,0x03,0x06,0xe0,0x82,0x01,0x00,
	0xd8,0x00,0xf0,0x02,0x5e,0x02,0x00,0x00,0xa1,0x57,0x10,0x13,
	0x60,0xbc,0x01,0x00,0xa2,0x17,0x08,0x03,0x60,0xbc,0x01,0x00,
	0xd8,0x00,0xf0,0x02,0x5e,0x02,0x00,0x00,0xa1,0x37,0x10,0x13,
	0x60,0xbc,0x01,0x00,0xa2,0x17,0x00,0x0b,0x60,0xbc,0x01,0x00,
	0xd8,0x00,0xf0,0x02,0x5e,0x02,0x00,0x00,0xad,0xb7,0xf5,0x06,
	0x60,0x82,0x01,0x00,0xa1,0x17,0x00,0x8f,0x5e,0x38,0x01,0x00,
	0x10,0x8f,0x08,0x87,0x5e,0x68,0x00,0x00,0x44,0x20,0xf4,0x06,
	0xe0,0x87,0x01,0x00,0xa1,0x37,0x10,0x13,0x60,0xbc,0x01,0x00,
	0xd3,0x00,0xf0,0x02,0x5e,0x02,0x00,0x00,0x2e,0x0f,0x00,0x67,
	0xc0,0x84,0x02,0x00,0xa1,0x57,0x1b,0x1b,0x60,0xbc,0x01,0x00,
	0xd3,0x00,0xf0,0x02,0x5e,0x02,0x00,0x00,0xa2,0x37,0x03,0x02,
	0xe0,0x82,0x01,0x00,0xd8,0x00,0xf0,0x02,0x5e,0x02,0x00,0x00,
	0xad,0xb7,0xf5,0x02,0x60,0x82,0x01,0x00,0x2e,0x0f,0x00,0x13,
	0x81,0x87,0x02,0x00,0x65,0x90,0x10,0x07,0x60,0xbc,0x01,0x00,
	0xa1,0xb7,0x10,0x13,0x60,0xbc,0x01,0x00,0xd3,0x00,0xf0,0x02,
	0x5e,0x02,0x00,0x00,0x81,0x16,0x00,0x67,0x40,0xb0,0x00,0x00,
	0xa1,0xd7,0x10,0x13,0x60,0xbc,0x01,0x00,0xd3,0x00,0xf0,0x02,
	0x5e,0x02,0x00,0x00,0x80,0x16,0x00,0x67,0x40,0xb0,0x00,0x00,
	0xa1,0xf7,0x10,0x13,0x60,0xbc,0x01,0x00,0xd3,0x00,0xf0,0x02,
	0x5e,0x02,0x00,0x00,0x83,0x16,0x00,0x67,0x40,0xb0,0x00,0x00,
	0xa1,0x17,0x11,0x13,0x60,0xbc,0x01,0x00,0xd3,0x00,0xf0,0x02,
	0x5e,0x02,0x00,0x00,0x82,0x16,0x00,0x67,0x40,0xb0,0x00,0x00,
	0x44,0x80,0x08,0x04,0x60,0x87,0x01,0x00,0x46,0x00,0x00,0x43,
	0x01,0xb0,0x00,0x00,0x2a,0x0f,0xf0,0x02,0xde,0xbf,0x03,0x00,
	0x2a,0x4f,0x00,0x93,0xde,0x6d,0x00,0x00,0x47,0x10,0x02,0x03,
	0x60,0xbc,0x01,0x00,0x43,0x90,0x00,0x03,0x60,0xbc,0x01,0x00,
	0x94,0x97,0xf2,0x02,0x60,0x82,0x01,0x00,0xad,0xb7,0xf5,0x02,
	0x60,0x82,0x01,0x00,0x00,0x00,0xf0,0x02,0xde,0x02,0x00,0x00,
	0x41,0x0f,0x00,0x1f,0xc1,0x01,0x02,0x00,0x34,0x0f,0x00,0xaf,
	0x5e,0x85,0x02,0x00,0xab,0x77,0xf5,0x06,0x60,0x85,0x01,0x00,
	0x24,0x07,0x00,0x67,0x44,0xb0,0x00,0x00,0x25,0x07,0x00,0x6b,
	0x44,0xb0,0x00,0x00,0xa1,0x97,0xe4,0x64,0x44,0xe9,0x00,0x00,
	0xa2,0xb7,0xe4,0x68,0xc4,0xe8,0x00,0x00,0xa1,0x77,0x00,0x87,
	0x5e,0xd0,0x00,0x00,0xa2,0x37,0xf4,0x8a,0xde,0xe1,0x01,0x00,
	0xa1,0x97,0x26,0x86,0x5e,0xe9,0x00,0x00,0xa2,0xb7,0x26,0x8a,
	0xde,0xe8,0x00,0x00,0x41,0x0f,0x00,0x8b,0x5e,0x69,0x00,0x00,
	0x33,0x11,0x00,0x03,0x61,0xbc,0x01,0x00,0x36,0x31,0xf4,0xda,
	0x44,0xe1,0x00,0x00,0x37,0x51,0xf4,0xde,0x44,0xe1,0x00,0x00,
	0xab,0x77,0xf5,0x02,0x60,0x85,0x01,0x00,0x47,0x10,0x01,0x03,
	0x60,0xbc,0x01,0x00,0x43,0x50,0x00,0x03,0x60,0xbc,0x01,0x00,
	0x00,0x00,0xf0,0x02,0xde,0x02,0x00,0x00,0x65,0x10,0x0c,0x0f,
	0x60,0xbc,0x01,0x00,0x65,0xb0,0x4e,0x95,0x41,0xe0,0x00,0x00,
	0x46,0x0f,0x00,0xd7,0x29,0x00,0x02,0x00,0x65,0xb0,0x00,0x97,
	0x41,0xe0,0x00,0x00,0xa1,0x17,0x0d,0x0f,0x60,0xbc,0x01,0x00,
	0x4a,0x2f,0xf4,0x96,0x41,0x6e,0x00,0x00,0x80,0x36,0x29,0x02,
	0x5a,0xe1,0x00,0x00,0x81,0x16,0x00,0x07,0xda,0xe0,0x00,0x00,
	0x75,0x0a,0x00,0x03,0x60,0xbc,0x01,0x00,0x00,0x00,0xf0,0x02,
	0xde,0x02,0x00,0x00,0x81,0x17,0x00,0x1f,0x45,0xb0,0x00,0x00,
	0xa6,0x17,0x00,0xb7,0x05,0xb0,0x00,0x00,0x64,0x10,0x04,0x07,
	0x60,0xbc,0x01,0x00,0x65,0x90,0x19,0x13,0x60,0xbc,0x01,0x00,
	0xa1,0x17,0x00,0x03,0x60,0xbc,0x01,0x00,0x64,0x0f,0x00,0xaf,
	0xde,0x05,0x02,0x00,0x80,0x17,0x00,0x0f,0x58,0xb0,0x00,0x00,
	0x6c,0x2f,0x2c,0x84,0x5e,0x68,0x00,0x00,0x64,0x0f,0x00,0x9b,
	0x5e,0x00,0x02,0x00,0x5a,0x0f,0x00,0x03,0xda,0x80,0x02,0x00,
	0x82,0x17,0x00,0x1f,0x58,0x18,0x01,0x00,0x82,0x37,0x00,0x0b,
	0x5e,0xe0,0x00,0x00,0x07,0xf6,0xc0,0x0a,0x5e,0x98,0x01,0x00,
	0x5d,0x0f,0xf0,0x02,0xde,0xbf,0x03,0x00,0x82,0x17,0x00,0x1f,
	0xd8,0x19,0x01,0x00,0x82,0x37,0x00,0x03,0x5e,0xe0,0x00,0x00,
	0x07,0xf6,0xc0,0x0a,0xde,0x99,0x01,0x00,0x80,0x37,0x00,0x03,
	0xde,0xf0,0x01,0x00,0x80,0x57,0xc0,0x02,0x5e,0xa0,0x00,0x00,
	0x03,0x16,0x00,0x03,0x5e,0xb0,0x00,0x00,0x82,0x17,0xf0,0xb6,
	0x44,0xa0,0x00,0x00,0x05,0x16,0x00,0x0b,0x5e,0xb0,0x00,0x00,
	0x06,0x96,0xc0,0x0a,0x5e,0xe0,0x00,0x00,0x6c,0x0f,0xf0,0x02,
	0xde,0xbf,0x03,0x00,0x82,0x17,0x00,0x13,0x58,0xb0,0x00,0x00,
	0xa5,0x57,0xf0,0x06,0x5e,0xe8,0x00,0x00,0x6a,0x0f,0x00,0x97,
	0xde,0x6a,0x00,0x00,0x05,0xb6,0xf4,0x16,0x58,0xe8,0x00,0x00,
	0x6a,0x0f,0x00,0x17,0xd8,0x69,0x00,0x00,0x05,0x16,0x00,0x03,
	0x60,0xbc,0x01,0x00,0xa5,0x17,0x00,0x17,0x58,0xb0,0x00,0x00,
	0x06,0xb6,0xf4,0x12,0x58,0xe0,0x00,0x00,0x64,0x10,0x02,0x93,
	0x41,0xe0,0x00,0x00,0x65,0xd0,0x06,0x97,0x41,0xe0,0x00,0x00,
	0xa1,0x37,0x00,0x87,0x5e,0xe0,0x00,0x00,0xa6,0x37,0x00,0x9b,
	0x5e,0x90,0x00,0x00,0x51,0x8f,0x00,0x87,0xde,0x68,0x00,0x00,
	0x47,0x11,0x00,0x03,0x60,0xbc,0x01,0x00,0x00,0x00,0xf0,0x02,
	0xde,0x02,0x00,0x00,0x6c,0x01,0x00,0x03,0x60,0xbc,0x01,0x00,
	0x6d,0x01,0x00,0x03,0x60,0xbc,0x01,0x00,0x64,0x10,0x0a,0x07,
	0x60,0xbc,0x01,0x00,0xa4,0xd7,0x0d,0x17,0x60,0xbc,0x01,0x00,
	0xa1,0x77,0x00,0x03,0x60,0xbc,0x01,0x00,0x80,0x17,0x00,0x8f,
	0x42,0xb0,0x00,0x00,0x80,0xf7,0x01,0x03,0x5e,0xa0,0x00,0x00,
	0x6e,0x01,0x00,0x03,0x5e,0xb0,0x00,0x00,0xa2,0xf7,0x1f,0xff,
	0x63,0xbc,0x01,0x00,0x7e,0x0f,0x00,0x03,0xde,0x68,0x00,0x00,
	0xa2,0x17,0x00,0x03,0x60,0xbc,0x01,0x00,0x81,0x37,0xf4,0x06,
	0x60,0x88,0x00,0x00,0x83,0x2f,0xf0,0xba,0x05,0x20,0x00,0x00,
	0x83,0xcf,0xc0,0x8a,0xde,0x68,0x00,0x00,0x6c,0x21,0x00,0xb3,
	0x05,0xe0,0x00,0x00,0x6d,0x21,0xf0,0xb6,0x05,0xb0,0x00,0x00,
	0x87,0x0f,0x00,0x03,0x5e,0x68,0x00,0x00,0x8e,0x0f,0xf0,0x06,
	0x5e,0x20,0x00,0x00,0x8e,0xcf,0xc0,0x8a,0xde,0x6e,0x00,0x00,
	0x88,0x0f,0xf0,0x02,0xde,0xbf,0x03,0x00,0x8e,0xcf,0xc0,0x8a,
	0xde,0x6d,0x00,0x00,0xa3,0x17,0x00,0x87,0x5e,0xb0,0x00,0x00,
	0x66,0x01,0x00,0x93,0x41,0xb0,0x00,0x00,0x67,0x01,0x00,0x93,
	0x5e,0xb0,0x00,0x00,0xa2,0x17,0x00,0x1b,0x58,0xb0,0x00,0x00,
	0x6c,0x01,0x00,0x03,0x60,0xbc,0x01,0x00,0x6d,0x01,0x00,0x03,
	0x60,0xbc,0x01,0x00,0x64,0x10,0x02,0x93,0x41,0xe8,0x00,0x00,
	0xa4,0xd7,0x06,0x93,0x5e,0xe8,0x00,0x00,0xa1,0x37,0x00,0x87,
	0x5e,0xe8,0x00,0x00,0x7e,0x0f,0x00,0x87,0xde,0x69,0x00,0x00,
	0x65,0x01,0x00,0x8f,0x5e,0xb0,0x00,0x00,0x64,0x01,0x00,0x8b,
	0x5e,0xb0,0x00,0x00,0x00,0x00,0xf0,0x02,0xde,0x02,0x00,0x00,
	0x64,0x10,0x00,0x9b,0x05,0xb0,0x00,0x00,0x99,0x2f,0x00,0x1b,
	0x58,0x6e,0x00,0x00,0x45,0x31,0x00,0x1b,0x58,0xe0,0x00,0x00,
	0x9a,0x0f,0xf0,0x02,0xde,0xbf,0x03,0x00,0x45,0x11,0x00,0x1b,
	0x58,0xb0,0x00,0x00,0x60,0x01,0x00,0x93,0x05,0xb0,0x00,0x00,
	0x62,0x01,0x00,0x9b,0x05,0xb0,0x00,0x00,0x63,0x01,0x00,0x9f,
	0x05,0xb0,0x00,0x00,0x61,0x01,0x00,0x97,0x05,0xb0,0x00,0x00,
	0x85,0x17,0x00,0x0f,0x58,0xb0,0x00,0x00,0x83,0x17,0x00,0x07,
	0x58,0xb0,0x00,0x00,0x84,0x17,0x00,0x0b,0x58,0xb0,0x00,0x00,
	0x8c,0x97,0xf1,0x1e,0x58,0x98,0x01,0x00,0x8d,0xb7,0xf1,0x1e,
	0xd8,0x99,0x01,0x00,0x00,0x00,0xf0,0x02,0xde,0x02,0x00,0x00,
	0x80,0x17,0x00,0x97,0x05,0xb0,0x00,0x00,0xc7,0x2f,0x2c,0x00,
	0x5e,0x68,0x00,0x00,0x12,0x11,0x00,0x03,0x60,0xbc,0x01,0x00,
	0x15,0x11,0x00,0x03,0x60,0xbc,0x01,0x00,0x64,0x10,0x00,0x9b,
	0x05,0xb0,0x00,0x00,0xb1,0x0f,0x00,0x23,0x45,0x00,0x02,0x00,
	0x81,0x17,0x00,0x1f,0x45,0xb0,0x00,0x00,0x80,0x37,0xf0,0x92,
	0x05,0xe8,0x00,0x00,0xaf,0x0f,0x00,0x03,0xde,0x6a,0x00,0x00,
	0x45,0x11,0x00,0x03,0x5e,0xb0,0x00,0x00,0xb2,0x0f,0xf0,0x02,
	0xde,0xbf,0x03,0x00,0x45,0x31,0x00,0x03,0x60,0xbc,0x01,0x00,
	0xb2,0x0f,0xf0,0x02,0xde,0xbf,0x03,0x00,0x45,0x11,0x00,0x93,
	0x05,0xb0,0x00,0x00,0x69,0x01,0x00,0x83,0x05,0xb0,0x00,0x00,
	0x6a,0x01,0x00,0x8b,0x05,0xb0,0x00,0x00,0x6b,0x01,0x00,0x8f,
	0x05,0xb0,0x00,0x00,0x68,0x01,0x00,0x87,0x05,0xb0,0x00,0x00,
	0x65,0x10,0x00,0xab,0x05,0xb0,0x00,0x00,0xbb,0x0f,0x00,0x1f,
	0x5a,0x84,0x02,0x00,0x83,0x16,0x00,0x17,0x5e,0xb0,0x00,0x00,
	0x87,0xf6,0xd0,0x32,0x5e,0x98,0x01,0x00,0x87,0xf6,0xd0,0x36,
	0xde,0x99,0x01,0x00,0x87,0xf6,0xd0,0x02,0x60,0x84,0x01,0x00,
	0x60,0x01,0x00,0x93,0x05,0xb0,0x00,0x00,0x62,0x01,0x00,0x9b,
	0x05,0xb0,0x00,0x00,0x63,0x01,0x00,0x9f,0x05,0xb0,0x00,0x00,
	0x61,0x01,0x00,0x97,0x05,0xb0,0x00,0x00,0x64,0x10,0x00,0x8b,
	0x05,0xb0,0x00,0x00,0x85,0x17,0x00,0x0f,0x58,0xb0,0x00,0x00,
	0x83,0x17,0x00,0x07,0x58,0xb0,0x00,0x00,0x84,0x17,0x00,0x0b,
	0x58,0xb0,0x00,0x00,0x8c,0x97,0xf1,0x1e,0x58,0x98,0x01,0x00,
	0x8d,0xb7,0xf1,0x1e,0xd8,0x99,0x01,0x00,0xc7,0x0f,0xf0,0x02,
	0xde,0xbf,0x03,0x00,0x00,0x00,0xf0,0x02,0xde,0x02,0x00,0x00,
	0x64,0x10,0x00,0x8b,0x05,0xb0,0x00,0x00,0xd3,0x0f,0x2a,0x93,
	0x41,0x6e,0x00,0x00,0xa1,0xb7,0xf0,0xb6,0x44,0xa0,0x00,0x00,
	0x05,0x16,0x00,0x87,0x5e,0xb0,0x00,0x00,0x06,0x36,0xf4,0x12,
	0x58,0xe0,0x00,0x00,0xd0,0x0f,0x00,0xf3,0x00,0x00,0x02,0x00,
	0xd0,0x0f,0x28,0x93,0x41,0x6d,0x00,0x00,0x42,0x51,0x02,0x0b,
	0x60,0xbc,0x01,0x00,0x6f,0x01,0x00,0x87,0x5e,0xb0,0x00,0x00,
	0xd3,0x0f,0x00,0xaf,0x5e,0x01,0x02,0x00,0x03,0x16,0x00,0x17,
	0x5e,0xb0,0x00,0x00,0xab,0x77,0xf5,0x02,0x60,0x81,0x01,0x00,
	0x00,0x00,0xf0,0x02,0xde,0x02,0x00,0x00,0xdd,0x0f,0x00,0x23,
	0x45,0x01,0x02,0x00,0xd8,0x0f,0x00,0xbf,0x00,0x01,0x02,0x00,
	0xd9,0x0f,0xf0,0x02,0x5e,0x9f,0x03,0x00,0xdd,0x0f,0x00,0x93,
	0xc4,0x87,0x02,0x00,0xdd,0x0f,0x00,0xb7,0x5e,0x05,0x02,0x00,
	0xae,0xd7,0xf5,0x02,0x60,0x82,0x01,0x00,0xcf,0x29,0x00,0x3f,
	0x27,0xe0,0x00,0x00,0xad,0xb7,0xf5,0x02,0x60,0x85,0x01,0x00,
	0x00,0x00,0xf0,0x02,0xde,0x02,0x00,0x00,0xea,0x0f,0x00,0xbf,
	0x00,0x02,0x02,0x00,0x14,0x10,0xf0,0x02,0x5e,0x02,0x00,0x00,
	0xe3,0x0f,0x00,0xb3,0xde,0x02,0x02,0x00,0x28,0x0d,0x00,0x8f,
	0x42,0x20,0x00,0x00,0x02,0x00,0xf0,0x02,0xde,0xbf,0x03,0x00,
	0xe1,0x0f,0x00,0xff,0x5e,0x84,0x02,0x00,0xe1,0x0f,0x00,0xb3,
	0x5e,0x84,0x02,0x00,0xe1,0x0f,0x00,0xff,0xde,0x82,0x02,0x00,
	0xe8,0x0f,0x00,0x97,0x27,0x82,0x02,0x00,0xea,0x0f,0x00,0x03,
	0x27,0x68,0x00,0x00,0xe1,0x0f,0x00,0xaf,0xde,0x84,0x02,0x00,
	0xe1,0x0f,0x00,0xb7,0x5e,0x83,0x02,0x00,0xa1,0x17,0x00,0x87,
	0x5e,0xb0,0x00,0x00,0x00,0x00,0xf0,0x02,0xde,0x02,0x00,0x00,
	0xac,0x97,0xf5,0x02,0xe0,0x82,0x01,0x00,0xf7,0x0f,0x00,0xff,
	0xde,0x03,0x02,0x00,0x5c,0x91,0x2b,0x06,0x60,0x83,0x01,0x00,
	0xf1,0x0f,0x00,0xab,0x01,0x00,0x02,0x00,0x4e,0xd0,0x09,0x0a,
	0xe0,0x8a,0x01,0x00,0xf7,0x0f,0x00,0x23,0x45,0x84,0x02,0x00,
	0xf7,0x0f,0x00,0x97,0x27,0x01,0x02,0x00,0x94,0x97,0xf2,0x06,
	0xe0,0x80,0x01,0x00,0xed,0x0e,0xf0,0x02,0x5e,0x02,0x00,0x00,
	0x94,0x97,0xf2,0x02,0xe0,0x80,0x01,0x00,0xed,0x0e,0xf0,0x02,
	0x5e,0x02,0x00,0x00,0x94,0x97,0xf2,0x02,0xe0,0x80,0x01,0x00,
	0xc8,0x0e,0xf0,0x02,0xde,0xbf,0x03,0x00,0x5c,0x91,0x2b,0x02,
	0x60,0x83,0x01,0x00,0xfc,0x0f,0x00,0xab,0x01,0x00,0x02,0x00,
	0x4e,0xd0,0x09,0x06,0xe0,0x8a,0x01,0x00,0x02,0x10,0x00,0xc7,
	0x00,0x04,0x02,0x00,0xff,0x0f,0x00,0x23,0x45,0x84,0x02,0x00,
	0x12,0x10,0x00,0x03,0x42,0x00,0x02,0x00,0x12,0xb0,0x04,0x4b,
	0x5e,0x68,0x00,0x00,0x12,0xb0,0x06,0x4b,0x5e,0x68,0x00,0x00,
	0x12,0x30,0x06,0x4b,0x5e,0x68,0x00,0x00,0xac,0x97,0xf5,0x06,
	0xe0,0x82,0x01,0x00,0x05,0x10,0x00,0x23,0x45,0x84,0x02,0x00,
	0x06,0x10,0xf0,0x02,0xde,0x23,0x03,0x00,0xac,0x97,0xf5,0x06,
	0xe0,0x83,0x01,0x00,0x94,0x97,0xf2,0x06,0xe0,0x80,0x01,0x00,
	0xa2,0x17,0x00,0x3f,0x27,0xb0,0x00,0x00,0xc6,0x4e,0x38,0x89,
	0xde,0x6d,0x00,0x00,0xc8,0x0e,0x00,0x97,0x27,0x87,0x02,0x00,
	0xc6,0x0e,0x00,0xff,0x5e,0x00,0x02,0x00,0xc8,0x0e,0x00,0x97,
	0xa7,0x87,0x02,0x00,0xc6,0x0e,0xf0,0x02,0xde,0xbf,0x03,0x00,
	0xa1,0x37,0x02,0x23,0x60,0xbc,0x01,0x00,0xd3,0x00,0xf0,0x02,
	0x5e,0x02,0x00,0x00,0xa2,0x37,0x03,0x8e,0x5e,0x81,0x01,0x00,
	0xd8,0x00,0xf0,0x02,0x5e,0x02,0x00,0x00,0xac,0x97,0xf5,0x8e,
	0xde,0x82,0x01,0x00,0x00,0x00,0xf0,0x02,0xde,0x02,0x00,0x00,
	0x9f,0x10,0x00,0xbf,0x00,0x02,0x02,0x00,0x19,0x10,0x00,0x53,
	0x27,0x68,0x00,0x00,0xa1,0x97,0x3a,0x65,0x44,0xe8,0x00,0x00,
	0xa2,0x17,0x1d,0xf7,0x63,0xbc,0x01,0x00,0x19,0x50,0xf4,0x86,
	0x5e,0x6d,0x00,0x00,0xd4,0x49,0xf4,0x66,0x44,0xe8,0x00,0x00,
	0x34,0x10,0x00,0x6f,0x45,0x80,0x02,0x00,0x9f,0x10,0x00,0xb7,
	0xde,0x03,0x02,0x00,0xad,0xb7,0xf5,0x02,0xe0,0x83,0x01,0x00,
	0x1e,0x10,0x00,0xb3,0xde,0x02,0x02,0x00,0xec,0x0f,0xf0,0x02,
	0x5e,0x02,0x00,0x00,0x21,0x10,0x00,0xbb,0x5e,0x83,0x02,0x00,
	0xa1,0x37,0x3e,0x89,0x45,0xe8,0x00,0x00,0x28,0xf0,0x37,0x85,
	0x5e,0x6e,0x00,0x00,0x24,0x10,0x00,0xb7,0xde,0x04,0x02,0x00,
	0xff,0x29,0x00,0xff,0x27,0xe0,0x00,0x00,0x01,0x0a,0x00,0x03,
	0x60,0xbc,0x01,0x00,0x9f,0x10,0x00,0xff,0x5e,0x02,0x02,0x00,
	0x9f,0x10,0x00,0x53,0xa7,0x68,0x00,0x00,0xd4,0x09,0x00,0x2f,
	0x27,0xb0,0x00,0x00,0x00,0x00,0xf0,0x02,0xde,0x02,0x00,0x00,
	0xbf,0xf7,0xf7,0x02,0xe0,0x82,0x01,0x00,0xd9,0x09,0x00,0x67,
	0x44,0xb0,0x00,0x00,0x2b,0x10,0x00,0xc7,0x00,0x06,0x02,0x00,
	0x2d,0x10,0x00,0xff,0x5e,0x02,0x02,0x00,0xd4,0x09,0x00,0x67,
	0x44,0xb0,0x00,0x00,0x9f,0x10,0x00,0xb7,0xde,0x04,0x02,0x00,
	0xd0,0x09,0x39,0x65,0x44,0xe8,0x00,0x00,0x01,0x2a,0x00,0x07,
	0x28,0xe0,0x00,0x00,0xa1,0x17,0x00,0x0b,0x28,0xb0,0x00,0x00,
	0x33,0x30,0xf4,0x06,0x28,0x6d,0x00,0x00,0xff,0x09,0x00,0x03,
	0x60,0xbc,0x01,0x00,0x00,0x00,0xf0,0x02,0xde,0x02,0x00,0x00,
	0x3b,0x10,0x00,0xb7,0xde,0x03,0x02,0x00,0x9f,0x10,0x00,0xb3,
	0xde,0x82,0x02,0x00,0x90,0x10,0x00,0x73,0xc5,0x03,0x02,0x00,
	0xa1,0x77,0x39,0x65,0x44,0xe8,0x00,0x00,0x9f,0xf0,0x38,0x85,
	0x5e,0x6d,0x00,0x00,0xae,0xd7,0xf5,0x06,0x60,0x83,0x01,0x00,
	0x9f,0x10,0xf0,0x02,0xde,0xbf,0x03,0x00,0xae,0xd7,0xf5,0x02,
	0x60,0x83,0x01,0x00,0xf1,0x09,0x00,0x03,0x60,0xbc,0x01,0x00,
	0x3f,0x50,0x1f,0x87,0x45,0x6d,0x00,0x00,0xf1,0x09,0x00,0x87,
	0x45,0xb0,0x00,0x00,0xbb,0x37,0x3e,0x65,0x44,0xe0,0x00,0x00,
	0xcb,0x29,0x2c,0xee,0x5e,0xe8,0x00,0x00,0xad,0xb7,0xf5,0x06,
	0xe0,0x83,0x01,0x00,0xad,0xb7,0xf5,0x02,0xe0,0x84,0x01,0x00,
	0xa0,0x10,0xf0,0x02,0x5e,0x02,0x00,0x00,0xad,0xb7,0xf5,0x02,
	0x60,0x84,0x01,0x00,0xa1,0x77,0x39,0x65,0x44,0xe8,0x00,0x00,
	0x44,0x10,0x41,0x85,0x5e,0x6d,0x00,0x00,0x49,0xf0,0x38,0x85,
	0x5e,0x6d,0x00,0x00,0xf2,0x29,0x00,0xcb,0x27,0xe0,0x00,0x00,
	0xb3,0x17,0x00,0xfb,0x26,0xb0,0x00,0x00,0xbf,0xf7,0xf7,0x02,
	0x60,0x82,0x01,0x00,0x4d,0x10,0x00,0xc7,0x80,0x06,0x02,0x00,
	0x4f,0x10,0x00,0x6f,0x45,0x81,0x02,0x00,0xbf,0xf7,0xf7,0x06,
	0x60,0x82,0x01,0x00,0xd3,0x09,0x00,0x2f,0x27,0xb0,0x00,0x00,
	0x51,0x10,0x00,0x6f,0xc5,0x00,0x02,0x00,0xad,0xb7,0xf5,0x06,
	0x60,0x84,0x01,0x00,0xb3,0xf7,0x37,0xcd,0x5e,0xe0,0x00,0x00,
	0xae,0xd7,0xf5,0x02,0x60,0x82,0x01,0x00,0x60,0x10,0x00,0xc7,
	0x80,0x04,0x02,0x00,0xa1,0x17,0x00,0x3f,0x27,0xb0,0x00,0x00,
	0x60,0x50,0x38,0x85,0x5e,0x6d,0x00,0x00,0x5e,0x10,0x00,0xb7,
	0x5e,0x85,0x02,0x00,0xa1,0x17,0x00,0x0b,0x44,0xb0,0x00,0x00,
	0xa2,0x17,0x00,0x0f,0x44,0xb0,0x00,0x00,0xa1,0x37,0x23,0x86,
	0x5e,0xe9,0x00,0x00,0xa2,0x57,0x23,0x8a,0xde,0xe8,0x00,0x00,
	0x60,0x10,0x00,0x8b,0x5e,0x69,0x00,0x00,0x60,0x10,0x00,0x8b,
	0xde,0x68,0x00,0x00,0x60,0x70,0xf6,0x86,0x5e,0x6e,0x00,0x00,
	0xae,0xd7,0xf5,0x06,0x60,0x82,0x01,0x00,0xa4,0x11,0xf0,0x02,
	0x5e,0x02,0x00,0x00,0x74,0x10,0x00,0xb7,0x5e,0x04,0x02,0x00,
	0x63,0x10,0x00,0xc7,0x80,0x06,0x02,0x00,0x74,0x10,0x00,0x6f,
	0x45,0x01,0x02,0x00,0x6d,0x10,0x00,0x23,0x27,0x68,0x00,0x00,
	0xa2,0x17,0x39,0x65,0x44,0xe8,0x00,0x00,0xa3,0x97,0x15,0x37,
	0x60,0xbc,0x01,0x00,0x74,0x70,0xf4,0x8a,0x5e,0x6d,0x00,0x00,
	0x74,0x70,0x40,0x89,0x5e,0x6e,0x00,0x00,0xad,0xb7,0xf5,0x06,
	0xe0,0x84,0x01,0x00,0x6d,0x10,0x00,0x8b,0x5e,0x68,0x00,0x00,
	0xc0,0x09,0x00,0x8b,0x5e,0xb0,0x00,0x00,0xae,0xd7,0xf5,0x06,
	0xe0,0x82,0x01,0x00,0x04,0x2a,0x00,0x13,0x28,0xe0,0x00,0x00,
	0xa1,0x77,0x39,0x65,0x44,0xe8,0x00,0x00,0xa2,0x17,0x00,0x6b,
	0x44,0xb0,0x00,0x00,0xa3,0x17,0x00,0x67,0x44,0xb0,0x00,0x00,
	0x6d,0x50,0x23,0x8a,0xde,0x68,0x00,0x00,0xc8,0x29,0xf4,0x8e,
	0x5e,0xe9,0x00,0x00,0xc9,0x09,0x00,0x8b,0xde,0xe8,0x00,0x00,
	0xbf,0xf7,0xf7,0x02,0x60,0x84,0x01,0x00,0x9f,0x10,0x00,0xb3,
	0xde,0x82,0x02,0x00,0x90,0x10,0x00,0x73,0xc5,0x03,0x02,0x00,
	0x9f,0x10,0x00,0xbf,0x80,0x80,0x02,0x00,0x8e,0x10,0x00,0xaf,
	0xa7,0x68,0x00,0x00,0xa2,0x17,0x00,0x13,0x27,0xb0,0x00,0x00,
	0xa3,0x17,0x00,0x1b,0x27,0xb0,0x00,0x00,0x7f,0x10,0x00,0x8f,
	0x5e,0x68,0x00,0x00,0x7f,0x10,0x00,0x53,0x27,0x68,0x00,0x00,
	0xa1,0x97,0x3a,0x65,0x44,0xe8,0x00,0x00,0xa2,0x57,0xf4,0x8e,
	0x5e,0xe0,0x00,0x00,0x8f,0x50,0xf4,0x86,0xde,0x6d,0x00,0x00,
	0x8e,0x10,0x00,0xab,0x81,0x80,0x02,0x00,0x8e,0x10,0x00,0xab,
	0x01,0x81,0x02,0x00,0x86,0x10,0x00,0xff,0xde,0x84,0x02,0x00,
	0x86,0x10,0x00,0xff,0xde,0x86,0x02,0x00,0x86,0x10,0x00,0xc7,
	0x80,0x06,0x02,0x00,0x86,0x10,0x00,0xc7,0x80,0x06,0x02,0x00,
	0x8e,0x10,0x00,0x6f,0x45,0x81,0x02,0x00,0x8a,0x10,0x00,0x97,
	0xa7,0x81,0x02,0x00,0x8a,0x10,0x00,0xff,0x5e,0x00,0x02,0x00,
	0x8a,0x10,0x00,0x23,0x45,0x04,0x02,0x00,0x8e,0x10,0xf0,0x02,
	0xde,0x20,0x03,0x00,0x9f,0x10,0x00,0xff,0xde,0x86,0x02,0x00,
	0x9f,0x10,0x00,0xb7,0x5e,0x04,0x02,0x00,0x8e,0x10,0x00,0xc3,
	0x80,0x84,0x02,0x00,0x9f,0x10,0xf0,0x02,0xde,0xbf,0x03,0x00,
	0x9f,0x10,0x00,0xbb,0x5e,0x82,0x02,0x00,0x5c,0x91,0x2b,0x02,
	0xe0,0x83,0x01,0x00,0xa1,0x77,0x39,0x65,0x44,0xe8,0x00,0x00,
	0x9f,0xf0,0x37,0x85,0x5e,0x6d,0x00,0x00,0x96,0x10,0x00,0xab,
	0x01,0x81,0x02,0x00,0x9a,0x10,0x00,0xab,0x81,0x00,0x02,0x00,
	0x96,0x10,0x00,0xc7,0x80,0x06,0x02,0x00,0x9a,0x10,0x00,0x6f,
	0x45,0x81,0x02,0x00,0x5c,0x91,0x2b,0x02,0x60,0x83,0x01,0x00,
	0x99,0x10,0x00,0xab,0x01,0x00,0x02,0x00,0x4e,0xd0,0x09,0x06,
	0xe0,0x8a,0x01,0x00,0x9f,0x10,0xf0,0x02,0xde,0xbf,0x03,0x00,
	0xf9,0x0f,0xf0,0x02,0x5e,0x02,0x00,0x00,0x9f,0x10,0x00,0xb7,
	0x5e,0x83,0x02,0x00,0xab,0x77,0xf5,0x06,0xe0,0x84,0x01,0x00,
	0xe3,0x29,0x00,0x8f,0x27,0xe0,0x00,0x00,0x7c,0x11,0xf0,0x02,
	0xde,0xbf,0x03,0x00,0x00,0x00,0xf0,0x02,0xde,0x02,0x00,0x00,
	0xa9,0x10,0x00,0x57,0x28,0x87,0x02,0x00,0xa1,0x17,0x02,0x13,
	0x60,0xbc,0x01,0x00,0xd3,0x00,0xf0,0x02,0x5e,0x02,0x00,0x00,
	0xa6,0x10,0x00,0x57,0xa8,0x87,0x02,0x00,0x15,0x0a,0x00,0x67,
	0x40,0x08,0x01,0x00,0x15,0xaa,0x42,0x05,0xe0,0x87,0x01,0x00,
	0xa2,0x37,0x03,0x02,0x60,0x88,0x01,0x00,0xd8,0x00,0xf0,0x02,
	0x5e,0x02,0x00,0x00,0x15,0xaa,0x42,0x05,0x60,0x87,0x01,0x00,
	0x00,0x00,0xf0,0x02,0xde,0x02,0x00,0x00,0xad,0xb7,0xf5,0x02,
	0xe0,0x84,0x01,0x00,0xae,0xd7,0xf5,0x02,0x60,0x83,0x01,0x00,
	0xae,0xd7,0xf5,0x02,0xe0,0x82,0x01,0x00,0xbf,0xf7,0xf7,0x02,
	0xe0,0x82,0x01,0x00,0xbf,0xf7,0xf7,0x02,0xe0,0x84,0x01,0x00,
	0xed,0x09,0x00,0x03,0x60,0xbc,0x01,0x00,0xe2,0x09,0x00,0x03,
	0x60,0xbc,0x01,0x00,0xda,0x09,0x00,0x03,0x60,0xbc,0x01,0x00,
	0x04,0x0a,0x00,0x03,0x60,0xbc,0x01,0x00,0x09,0x0a,0x00,0x03,
	0x60,0xbc,0x01,0x00,0x15,0xaa,0x42,0x01,0x60,0x87,0x01,0x00,
	0x00,0x00,0xf0,0x02,0xde,0x02,0x00,0x00,0xdc,0x10,0x00,0xbf,
	0x00,0x02,0x02,0x00,0xe4,0x10,0x00,0xff,0xde,0x83,0x02,0x00,
	0xbf,0xf7,0xf7,0x06,0xe0,0x83,0x01,0x00,0x5d,0x11,0x02,0x03,
	0x60,0xbc,0x01,0x00,0x5e,0x11,0x00,0xff,0x26,0xb0,0x00,0x00,
	0x5b,0x70,0x0b,0x06,0x60,0x85,0x01,0x00,0x5f,0xf0,0x0b,0x06,
	0x60,0x85,0x01,0x00,0xc2,0x10,0x00,0x6b,0x45,0x80,0x02,0x00,
	0x5c,0x91,0x2b,0x02,0x60,0x8b,0x01,0x00,0xc1,0x10,0x00,0xab,
	0x01,0x00,0x02,0x00,0x4e,0xd0,0x09,0x06,0xe0,0x8a,0x01,0x00,
	0x5a,0x51,0x2b,0x0e,0x60,0x88,0x01,0x00,0xce,0x89,0x37,0x65,
	0x44,0xe0,0x00,0x00,0xc6,0x10,0x00,0x23,0x27,0x68,0x00,0x00,
	0xbf,0xf7,0xf7,0x06,0x60,0x84,0x01,0x00,0xc8,0x09,0x00,0x03,
	0x60,0xbc,0x01,0x00,0xaa,0x10,0xf0,0x02,0x5e,0x02,0x00,0x00,
	0xd4,0x09,0x00,0x03,0x60,0xbc,0x01,0x00,0xce,0x10,0x00,0x4f,
	0x27,0x68,0x00,0x00,0xd4,0x09,0x00,0x67,0x44,0xb0,0x00,0x00,
	0xd3,0x09,0x00,0x67,0x44,0xb0,0x00,0x00,0xce,0x10,0x00,0x73,
	0xc5,0x03,0x02,0x00,0xd4,0x89,0x38,0x65,0x44,0xe8,0x00,0x00,
	0x0a,0x0a,0x00,0x3f,0x28,0xb0,0x00,0x00,0xd2,0x10,0x00,0xbf,
	0x80,0x80,0x02,0x00,0xd8,0x10,0x00,0xbb,0xde,0x81,0x02,0x00,
	0xd2,0x10,0x00,0x6f,0x45,0x00,0x02,0x00,0xd8,0x10,0x00,0x73,
	0xc5,0x03,0x02,0x00,0x5c,0x91,0x2b,0x0e,0x60,0x8b,0x01,0x00,
	0xd5,0x10,0x00,0xab,0x01,0x00,0x02,0x00,0x4e,0xd0,0x09,0x0a,
	0xe0,0x8a,0x01,0x00,0xad,0xb7,0xf5,0x02,0xe0,0x83,0x01,0x00,
	0xab,0x77,0xf5,0x02,0xe0,0x84,0x01,0x00,0x87,0x11,0xf0,0x02,
	0xde,0xbf,0x03,0x00,0xf9,0x0f,0xf0,0x02,0x5e,0x02,0x00,0x00,
	0xad,0xb7,0xf5,0x06,0xe0,0x83,0x01,0x00,0xab,0x77,0xf5,0x06,
	0xe0,0x84,0x01,0x00,0x87,0x11,0xf0,0x02,0xde,0xbf,0x03,0x00,
	0x5f,0xf0,0x0b,0x02,0x60,0x8d,0x01,0x00,0x5a,0x51,0x2b,0x0e,
	0x60,0x88,0x01,0x00,0x5c,0x91,0x2b,0x06,0x60,0x8b,0x01,0x00,
	0xe1,0x10,0x00,0xab,0x01,0x00,0x02,0x00,0x4e,0xd0,0x09,0x0a,
	0xe0,0x8a,0x01,0x00,0xad,0xb7,0xf5,0x02,0xe0,0x83,0x01,0x00,
	0xab,0x77,0xf5,0x02,0xe0,0x84,0x01,0x00,0xaa,0x10,0xf0,0x02,
	0x5e,0x02,0x00,0x00,0x00,0x00,0xf0,0x02,0xde,0x02,0x00,0x00,
	0xe7,0x10,0x00,0xb3,0xde,0x02,0x02,0x00,0xec,0x0f,0xf0,0x02,
	0x5e,0x02,0x00,0x00,0xf3,0x10,0x00,0xbf,0x00,0x02,0x02,0x00,
	0xbf,0xf7,0xf7,0x02,0xe0,0x83,0x01,0x00,0xef,0x10,0x00,0x73,
	0xc5,0x03,0x02,0x00,0xef,0x10,0x00,0xbf,0x80,0x00,0x02,0x00,
	0x5c,0x91,0x2b,0x0e,0x60,0x8b,0x01,0x00,0xee,0x10,0x00,0xab,
	0x01,0x00,0x02,0x00,0x4e,0xd0,0x09,0x0a,0xe0,0x8a,0x01,0x00,
	0xf2,0x10,0xf0,0x02,0xde,0xbf,0x03,0x00,0x5c,0x91,0x2b,0x02,
	0x60,0x8b,0x01,0x00,0xf2,0x10,0x00,0xab,0x01,0x00,0x02,0x00,
	0x4e,0xd0,0x09,0x06,0xe0,0x8a,0x01,0x00,0xac,0x97,0xf5,0x02,
	0xe0,0x82,0x01,0x00,0x00,0x00,0xf0,0x02,0xde,0x02,0x00,0x00,
	0x10,0x70,0x00,0x03,0x60,0xbc,0x01,0x00,0xc5,0xf0,0x1f,0xff,
	0x63,0xbc,0x01,0x00,0xcb,0xf0,0x1f,0xff,0x63,0xbc,0x01,0x00,
	0xe5,0x10,0x00,0x47,0x40,0xb0,0x00,0x00,0xeb,0x10,0x00,0x47,
	0x40,0xb0,0x00,0x00,0x10,0x90,0x00,0x03,0x60,0xbc,0x01,0x00,
	0xc6,0xf0,0x1f,0xff,0x63,0xbc,0x01,0x00,0xcc,0xf0,0x1f,0xff,
	0x63,0xbc,0x01,0x00,0xe6,0x10,0x00,0x47,0x40,0xb0,0x00,0x00,
	0xec,0x10,0x00,0x47,0x40,0xb0,0x00,0x00,0x10,0xb0,0x00,0x03,
	0x60,0xbc,0x01,0x00,0xc7,0xf0,0x1f,0xff,0x63,0xbc,0x01,0x00,
	0xcd,0xf0,0x1f,0xff,0x63,0xbc,0x01,0x00,0xe7,0x10,0x00,0x47,
	0x40,0xb0,0x00,0x00,0xed,0x10,0x00,0x47,0x40,0xb0,0x00,0x00,
	0x10,0x10,0x00,0x03,0x60,0xbc,0x01,0x00,0x00,0x18,0x00,0x43,
	0x40,0xb0,0x00,0x00,0xc8,0xf0,0x1f,0xff,0x63,0xbc,0x01,0x00,
	0xe8,0x10,0x00,0x47,0x40,0xb0,0x00,0x00,0x10,0x30,0x00,0x03,
	0x60,0xbc,0x01,0x00,0x00,0x18,0x00,0x43,0x40,0xb0,0x00,0x00,
	0xc9,0xf0,0x1f,0xff,0x63,0xbc,0x01,0x00,0xe9,0x10,0x00,0x47,
	0x40,0xb0,0x00,0x00,0x10,0x50,0x00,0x03,0x60,0xbc,0x01,0x00,
	0x00,0x18,0x00,0x43,0x40,0xb0,0x00,0x00,0xca,0xf0,0x1f,0xff,
	0x63,0xbc,0x01,0x00,0xea,0x10,0x00,0x47,0x40,0xb0,0x00,0x00,
	0x00,0x00,0xf0,0x02,0xde,0x02,0x00,0x00,0xa2,0x57,0x00,0x03,
	0x60,0xbc,0x01,0x00,0x13,0x11,0xf0,0x02,0xde,0xbf,0x03,0x00,
	0xa2,0x37,0x00,0x03,0x60,0xbc,0x01,0x00,0x5a,0x11,0x09,0xfe,
	0xe3,0x20,0x00,0x00,0x5a,0x91,0x0d,0x42,0xe0,0x20,0x00,0x00,
	0x5a,0x11,0x00,0x03,0x42,0x80,0x02,0x00,0x5a,0x11,0x00,0x23,
	0x45,0x84,0x02,0x00,0x5a,0x11,0xf0,0x02,0x5e,0x91,0x03,0x00,
	0x5a,0x11,0x00,0xb7,0xa7,0x68,0x00,0x00,0x5a,0x11,0x00,0xff,
	0xde,0x82,0x02,0x00,0x4a,0x51,0x00,0x8b,0x5e,0x68,0x00,0x00,
	0x90,0x11,0x00,0xff,0x5e,0x80,0x02,0x00,0x87,0x11,0x00,0xc7,
	0x80,0x01,0x02,0x00,0x5a,0x11,0x00,0xb3,0xde,0x82,0x02,0x00,
	0x3d,0x11,0x00,0xc7,0x80,0x04,0x02,0x00,0x29,0x11,0x00,0x8b,
	0x5e,0x68,0x00,0x00,0xa1,0x17,0x00,0xeb,0x27,0xb0,0x00,0x00,
	0x29,0x31,0xf4,0xd2,0xa7,0x6e,0x00,0x00,0x3d,0x11,0x00,0x73,
	0xc5,0x03,0x02,0x00,0x28,0x11,0x00,0x03,0x27,0x68,0x00,0x00,
	0xa1,0x17,0x00,0x03,0x27,0xb0,0x00,0x00,0xa1,0x17,0x3a,0x85,
	0x5e,0xe8,0x00,0x00,0x3d,0x31,0x38,0x85,0xde,0x6e,0x00,0x00,
	0x3d,0x91,0x3d,0x85,0xde,0x6e,0x00,0x00,0x3d,0x11,0x00,0x4f,
	0x27,0x68,0x00,0x00,0x2c,0x11,0x00,0x53,0xde,0x03,0x02,0x00,
	0xc1,0x09,0x00,0xef,0x27,0xb0,0x00,0x00,0x87,0x11,0xf0,0x02,
	0xde,0xbf,0x03,0x00,0x92,0x57,0x02,0x03,0x60,0xbc,0x01,0x00,
	0xc3,0xf0,0x1f,0xff,0x63,0xbc,0x01,0x00,0xe3,0x10,0x09,0x03,
	0x60,0xbc,0x01,0x00,0xe3,0x70,0x1c,0x8a,0x5e,0x86,0x01,0x00,
	0xe3,0x70,0x1c,0x06,0x60,0x84,0x01,0x00,0x33,0x11,0x00,0x57,
	0x27,0x68,0x00,0x00,0xe3,0x70,0x1c,0x06,0xe0,0x85,0x01,0x00,
	0x82,0x97,0x03,0x03,0x60,0xbc,0x01,0x00,0x67,0x11,0xf0,0x02,
	0x5e,0x02,0x00,0x00,0xc4,0xf0,0x1f,0xff,0x63,0xbc,0x01,0x00,
	0xe4,0x10,0x00,0x13,0x54,0xb0,0x00,0x00,0xe4,0x70,0x3e,0x91,
	0x43,0xe0,0x00,0x00,0xf4,0x10,0xf0,0x02,0x5e,0x02,0x00,0x00,
	0xee,0x10,0x00,0x03,0x60,0xbc,0x01,0x00,0xce,0xf0,0x1f,0xff,
	0x63,0xbc,0x01,0x00,0xd5,0x29,0x00,0x57,0x27,0xe0,0x00,0x00,
	0x54,0x11,0xf0,0x02,0xde,0xbf,0x03,0x00,0x5a,0x11,0x00,0xb7,
	0x5e,0x83,0x02,0x00,0x03,0x01,0xf0,0x02,0x5e,0x02,0x00,0x00,
	0xe4,0x10,0x00,0xcf,0x5e,0xb0,0x00,0x00,0x47,0x11,0x00,0x03,
	0x27,0x68,0x00,0x00,0xe4,0x10,0x00,0x43,0x27,0xb0,0x00,0x00,
	0x47,0x11,0x00,0x6f,0x45,0x80,0x02,0x00,0xa1,0x17,0x39,0x65,
	0x44,0xe8,0x00,0x00,0xa1,0x37,0xf4,0x02,0x27,0xe8,0x00,0x00,
	0x47,0x11,0x00,0x87,0x5e,0x69,0x00,0x00,0xe4,0x10,0x3a,0x85,
	0x5e,0xe0,0x00,0x00,0x82,0xd7,0x01,0x03,0x60,0xbc,0x01,0x00,
	0x67,0x11,0xf0,0x02,0x5e,0x02,0x00,0x00,0x54,0x11,0xf0,0x02,
	0xde,0xbf,0x03,0x00,0x92,0x37,0x05,0x03,0x60,0xbc,0x01,0x00,
	0xc3,0xf0,0x1f,0xff,0x63,0xbc,0x01,0x00,0xe3,0x90,0x14,0x03,
	0x60,0xbc,0x01,0x00,0xe3,0x70,0x1c,0x06,0x60,0x86,0x01,0x00,
	0x82,0x97,0x02,0x03,0x60,0xbc,0x01,0x00,0x67,0x11,0xf0,0x02,
	0x5e,0x02,0x00,0x00,0xc4,0xf0,0x1f,0xff,0x63,0xbc,0x01,0x00,
	0xe4,0x10,0x00,0x03,0x63,0xbc,0x01,0x00,0xe4,0x50,0x0c,0x90,
	0x43,0xb0,0x00,0x00,0xf4,0x10,0xf0,0x02,0x5e,0x02,0x00,0x00,
	0x86,0x10,0x00,0x47,0x00,0xb0,0x00,0x00,0xfc,0x11,0xf0,0x02,
	0x5e,0x02,0x00,0x00,0xd5,0x0d,0xf0,0x02,0x5e,0x02,0x00,0x00,
	0x48,0x10,0x09,0x0a,0x60,0x90,0x01,0x00,0xac,0x97,0xf5,0x06,
	0x60,0x84,0x01,0x00,0x80,0x70,0x00,0x23,0x61,0xbc,0x01,0x00,
	0x00,0x00,0xf0,0x02,0xde,0x02,0x00,0x00,0x5e,0x11,0x00,0xff,
	0x5e,0x00,0x02,0x00,0x61,0x11,0x00,0xff,0xde,0x01,0x02,0x00,
	0x87,0x11,0xf0,0x02,0xde,0xbf,0x03,0x00,0x61,0x11,0x00,0xbb,
	0xde,0x81,0x02,0x00,0x87,0x11,0x00,0xc7,0x80,0x01,0x02,0x00,
	0x87,0x11,0x00,0xc7,0x80,0x04,0x02,0x00,0xbf,0xf7,0xf7,0x02,
	0x60,0x80,0x01,0x00,0xbf,0xf7,0xf7,0x02,0xe0,0x81,0x01,0x00,
	0x88,0x11,0x00,0x8f,0xc2,0x80,0x02,0x00,0x88,0x11,0x00,0xbb,
	0xde,0x01,0x02,0x00,0xa2,0x17,0x00,0x03,0x60,0xbc,0x01,0x00,
	0x13,0x11,0xf0,0x02,0xde,0xbf,0x03,0x00,0xc0,0xf0,0x1f,0xff,
	0x63,0xbc,0x01,0x00,0xc1,0xf0,0x1f,0xff,0x63,0xbc,0x01,0x00,
	0x76,0x11,0x00,0xff,0xde,0x85,0x02,0x00,0x70,0x31,0x06,0x4b,
	0x5e,0x68,0x00,0x00,0xa1,0x17,0x00,0x9f,0x27,0xb0,0x00,0x00,
	0x76,0x31,0xf4,0x56,0xa7,0x6d,0x00,0x00,0x80,0x37,0x01,0x03,
	0x60,0xbc,0x01,0x00,0xa1,0x17,0x00,0xa3,0x27,0xb0,0x00,0x00,
	0x71,0x31,0xf4,0x56,0x27,0x6d,0x00,0x00,0x80,0x77,0x01,0x03,
	0x60,0xbc,0x01,0x00,0x81,0x37,0x00,0x03,0x60,0xbc,0x01,0x00,
	0xde,0x00,0xf0,0x02,0x5e,0x02,0x00,0x00,0xe0,0x30,0xa0,0x0a,
	0xde,0xd2,0x01,0x00,0xe1,0x10,0x00,0x0b,0x54,0xb0,0x00,0x00,
	0x7b,0x11,0xf0,0x02,0xde,0xbf,0x03,0x00,0x80,0x57,0x01,0x03,
	0x60,0xbc,0x01,0x00,0x81,0x17,0x00,0x03,0x60,0xbc,0x01,0x00,
	0xde,0x00,0xf0,0x02,0x5e,0x02,0x00,0x00,0xe0,0x10,0x00,0x07,
	0x54,0xb0,0x00,0x00,0xe1,0x70,0x00,0x0b,0x5e,0x88,0x00,0x00,
	0x00,0x00,0xf0,0x02,0xde,0x02,0x00,0x00,0x87,0x11,0x00,0x5b,
	0x27,0x68,0x00,0x00,0x87,0x11,0x00,0xaf,0xde,0x04,0x02,0x00,
	0xa4,0xd7,0x3a,0x65,0x44,0xe8,0x00,0x00,0x87,0x31,0x38,0x91,
	0x5e,0x6e,0x00,0x00,0xa4,0x37,0x00,0x93,0x5e,0x88,0x00,0x00,
	0x87,0x31,0x38,0x91,0x5e,0x6d,0x00,0x00,0xb2,0x11,0xf0,0x02,
	0x5e,0x02,0x00,0x00,0x94,0x11,0xf0,0x02,0xde,0xbf,0x03,0x00,
	0xa4,0xd7,0x3a,0x65,0x44,0xe8,0x00,0x00,0xa4,0x37,0x00,0x93,
	0x5e,0x88,0x00,0x00,0xb2,0x11,0xf0,0x02,0x5e,0x02,0x00,0x00,
	0x94,0x11,0xf0,0x02,0xde,0xbf,0x03,0x00,0x8b,0x11,0x00,0xaf,
	0xde,0x84,0x02,0x00,0xae,0xd7,0xf5,0x02,0xe0,0x81,0x01,0x00,
	0x94,0x11,0xf0,0x02,0xde,0xbf,0x03,0x00,0x90,0x11,0x00,0xcf,
	0x27,0x68,0x00,0x00,0xed,0x69,0x3e,0x65,0x44,0xe0,0x00,0x00,
	0x8f,0x11,0x00,0xd3,0x27,0x68,0x00,0x00,0xed,0x89,0x3d,0x65,
	0x44,0xe0,0x00,0x00,0x00,0x00,0xf0,0x02,0xde,0x02,0x00,0x00,
	0xbf,0xf7,0xf7,0x06,0x60,0x80,0x01,0x00,0x94,0x11,0x00,0x5b,
	0x27,0x68,0x00,0x00,0xa4,0xd7,0x3a,0x65,0x44,0xe8,0x00,0x00,
	0xb2,0x11,0xf0,0x02,0x5e,0x02,0x00,0x00,0xac,0x97,0xf5,0x02,
	0x60,0x84,0x01,0x00,0xd6,0x09,0x00,0x03,0x60,0xbc,0x01,0x00,
	0xed,0x09,0x00,0x03,0x60,0xbc,0x01,0x00,0xd5,0x09,0x00,0x03,
	0x60,0xbc,0x01,0x00,0xa1,0x17,0x00,0xaf,0xde,0x04,0x01,0x00,
	0xad,0xb7,0xf5,0x86,0x5e,0x83,0x01,0x00,0x9e,0x11,0x00,0xaf,
	0xde,0x84,0x02,0x00,0xce,0x89,0x37,0x65,0x44,0xe0,0x00,0x00,
	0x6c,0x90,0x0d,0x06,0x60,0x80,0x01,0x00,0x00,0x00,0xf0,0x02,
	0xde,0x02,0x00,0x00,0xa3,0x17,0x00,0xf7,0x26,0xb0,0x00,0x00,
	0xa1,0x11,0x00,0xc3,0x00,0x04,0x02,0x00,0xa3,0x17,0x00,0x17,
	0x27,0xb0,0x00,0x00,0xcd,0x69,0xf4,0x66,0x44,0xe0,0x00,0x00,
	0x5c,0x91,0x2b,0x02,0xe0,0x83,0x01,0x00,0x00,0x00,0xf0,0x02,
	0xde,0x02,0x00,0x00,0xa6,0x11,0x00,0xb3,0xde,0x02,0x02,0x00,
	0xec,0x0f,0xf0,0x02,0x5e,0x02,0x00,0x00,0xab,0x11,0x00,0x73,
	0xc5,0x03,0x02,0x00,0xab,0x11,0x00,0xaf,0xde,0x84,0x02,0x00,
	0xab,0x11,0x00,0xbb,0xde,0x81,0x02,0x00,0xab,0x11,0x00,0xff,
	0x5e,0x80,0x02,0x00,0xb1,0x11,0x00,0xb7,0x5e,0x03,0x02,0x00,
	0x5c,0x91,0x2b,0x0e,0x60,0x8b,0x01,0x00,0xae,0x11,0x00,0xab,
	0x01,0x00,0x02,0x00,0x4e,0xd0,0x09,0x0a,0xe0,0x8a,0x01,0x00,
	0xad,0xb7,0xf5,0x06,0x60,0x83,0x01,0x00,0xab,0x77,0xf5,0x02,
	0xe0,0x84,0x01,0x00,0xd5,0x09,0x00,0x03,0x60,0xbc,0x01,0x00,
	0x00,0x00,0xf0,0x02,0xde,0x02,0x00,0x00,0xb4,0x11,0x00,0xc3,
	0x27,0x68,0x00,0x00,0xa4,0x17,0x00,0xc3,0x27,0xb0,0x00,0x00,
	0xb6,0x91,0x38,0x91,0x5e,0x6d,0x00,0x00,0xa4,0x17,0x00,0x13,
	0x27,0xb0,0x00,0x00,0xa5,0x17,0x00,0x6f,0x27,0xb0,0x00,0x00,
	0xdc,0xa9,0xf4,0x72,0x27,0xe8,0x00,0x00,0xa4,0xb7,0x00,0x93,
	0x5e,0x90,0x00,0x00,0xdc,0x89,0xf4,0x72,0x27,0xe0,0x00,0x00,
	0xdb,0xa9,0x00,0x73,0x27,0x90,0x00,0x00,0xc1,0xa9,0x00,0x6f,
	0x27,0x88,0x00,0x00,0x00,0x00,0xf0,0x02,0xde,0x02,0x00,0x00,
	0xa1,0x17,0x09,0x13,0x60,0xbc,0x01,0x00,0xd3,0x00,0xf0,0x02,
	0x5e,0x02,0x00,0x00,0xa2,0x37,0x03,0x06,0x60,0x87,0x01,0x00,
	0xd8,0x00,0xf0,0x02,0x5e,0x02,0x00,0x00,0xa2,0x57,0xf4,0x02,
	0x60,0x87,0x01,0x00,0xd8,0x00,0xf0,0x02,0x5e,0x02,0x00,0x00,
	0xab,0x8a,0x55,0x65,0x44,0xe0,0x00,0x00,0x00,0x00,0xf0,0x02,
	0xde,0x02,0x00,0x00,0xd0,0x11,0x00,0x37,0xc0,0x06,0x02,0x00,
	0xad,0xb7,0xf5,0x02,0xe0,0x85,0x01,0x00,0xd0,0x11,0x00,0x37,
	0x40,0x86,0x02,0x00,0xbf,0xf7,0xf7,0x02,0x60,0x86,0x01,0x00,
	0xce,0x11,0x00,0xb7,0xde,0x82,0x02,0x00,0xad,0xb7,0xf5,0x06,
	0xe0,0x82,0x01,0x00,0xa1,0x17,0x06,0xd7,0x61,0xbc,0x01,0x00,
	0x2c,0x27,0xf4,0x66,0x44,0xe0,0x00,0x00,0x00,0x00,0xf0,0x02,
	0xde,0x02,0x00,0x00,0xe1,0x91,0xe5,0x64,0xc4,0x6c,0x00,0x00,
	0xbd,0x11,0xf0,0x02,0x5e,0x02,0x00,0x00,0xae,0xd7,0xf5,0x02,
	0x60,0x80,0x01,0x00,0xad,0xb7,0xf5,0x02,0xe0,0x82,0x01,0x00,
	0xdf,0x11,0x00,0x37,0x40,0x06,0x02,0x00,0xe2,0x11,0x00,0x37,
	0xc0,0x86,0x02,0x00,0xd8,0x11,0x00,0xb7,0xde,0x80,0x02,0x00,
	0xbf,0xf7,0xf7,0x02,0x60,0x86,0x01,0x00,0xad,0xb7,0xf5,0x06,
	0xe0,0x80,0x01,0x00,0x2c,0xc7,0x01,0x67,0x44,0xe0,0x00,0x00,
	0xe1,0x91,0xe5,0x64,0xc4,0x6c,0x00,0x00,0xb9,0x0b,0xf0,0x02,
	0x5e,0x02,0x00,0x00,0xbd,0x11,0xf0,0x02,0x5e,0x02,0x00,0x00,
	0x7b,0x0b,0xf0,0x02,0x5e,0x02,0x00,0x00,0xac,0x20,0x00,0xb3,
	0x02,0xe0,0x00,0x00,0xad,0xb7,0xf5,0x02,0xe0,0x80,0x01,0x00,
	0x15,0x00,0xf0,0x02,0xde,0xbf,0x03,0x00,0xad,0xb7,0xf5,0x02,
	0xe0,0x80,0x01,0x00,0xbf,0xf7,0xf7,0x02,0x60,0x86,0x01,0x00,
	0x00,0x00,0xf0,0x02,0xde,0x02,0x00,0x00,0xe4,0x11,0x00,0xb7,
	0xde,0x00,0x02,0x00,0xd9,0x11,0xf0,0x02,0xde,0xbf,0x03,0x00,
	0xe1,0x11,0x01,0xa7,0x80,0x68,0x00,0x00,0xeb,0x11,0x00,0xff,
	0x5e,0x86,0x02,0x00,0xbf,0xf7,0xf7,0x06,0x60,0x86,0x01,0x00,
	0xa1,0xb7,0x01,0x7b,0x00,0x88,0x00,0x00,0xa2,0x77,0x00,0x7b,
	0x00,0x90,0x00,0x00,0x2c,0x27,0xf4,0x66,0x44,0xe1,0x00,0x00,
	0xa9,0x4a,0xf4,0x6a,0xc4,0xe0,0x00,0x00,0xee,0x31,0x55,0x69,
	0x44,0x6c,0x00,0x00,0xe1,0x31,0x55,0x69,0x44,0x6b,0x00,0x00,
	0xe1,0x91,0xe5,0x64,0xc4,0x6e,0x00,0x00,0xaa,0x2a,0x00,0xab,
	0x2a,0xe0,0x00,0x00,0xbd,0x11,0xf0,0x02,0x5e,0x02,0x00,0x00,
	0xdf,0x11,0xf0,0x02,0xde,0xbf,0x03,0x00,0xfa,0x11,0x00,0x37,
	0xc0,0x86,0x02,0x00,0xf7,0x11,0x00,0xb7,0xde,0x85,0x02,0x00,
	0xad,0xb7,0xf5,0x06,0xe0,0x85,0x01,0x00,0xa1,0x17,0x06,0xd7,
	0x61,0xbc,0x01,0x00,0x17,0x2a,0xf4,0x66,0x44,0xe0,0x00,0x00,
	0x00,0x00,0xf0,0x02,0xde,0x02,0x00,0x00,0xfb,0xf1,0x42,0x65,
	0xc4,0x6c,0x00,0x00,0x18,0x2a,0x00,0x63,0x28,0xe0,0x00,0x00,
	0xbd,0x11,0xf0,0x02,0x5e,0x02,0x00,0x00,0xad,0xb7,0xf5,0x02,
	0xe0,0x85,0x01,0x00,0x00,0x00,0xf0,0x02,0xde,0x02,0x00,0x00,
	0xa1,0x17,0x00,0x43,0x81,0x0c,0x01,0x00,0x8a,0x10,0x00,0x03,
	0x60,0xbc,0x01,0x00,0x02,0x52,0x00,0x87,0x5e,0x68,0x00,0x00,
	0x8a,0x50,0x00,0x03,0x60,0xbc,0x01,0x00,0x0a,0x12,0x00,0x07,
	0x5e,0x68,0x00,0x00,0x02,0x12,0x00,0x87,0x5e,0x68,0x00,0x00,
	0x0a,0x12,0x00,0x07,0x5e,0x68,0x00,0x00,0x8a,0x30,0xa1,0x2a,
	0x42,0x90,0x01,0x00,0x0a,0x32,0x00,0x07,0x5e,0x68,0x00,0x00,
	0x8a,0x10,0xa0,0x2a,0x42,0x90,0x01,0x00,0xa2,0x17,0x00,0x03,
	0xde,0x09,0x01,0x00,0x8a,0x50,0x11,0x8a,0x5e,0x8f,0x01,0x00,
	0x0a,0x12,0x00,0x8b,0x5e,0x68,0x00,0x00,0x8a,0x50,0x11,0x0e,
	0xe0,0x91,0x01,0x00,0x00,0x00,0xf0,0x02,0xde,0x02,0x00,0x00,
	0xa4,0x17,0x00,0x03,0xde,0x09,0x01,0x00,0xa5,0x97,0xf4,0x06,
	0x5a,0xe0,0x00,0x00,0xa5,0x97,0xf4,0x96,0x5e,0x90,0x00,0x00,
	0x11,0x12,0x00,0x03,0xde,0x03,0x02,0x00,0x11,0x12,0x00,0x03,
	0xde,0x82,0x02,0x00,0xa5,0xf7,0x0a,0x94,0xde,0x80,0x00,0x00,
	0xa3,0x17,0x00,0x87,0xde,0x16,0x01,0x00,0xa1,0x77,0x00,0x87,
	0x5e,0x88,0x00,0x00,0xa1,0xd7,0x02,0x87,0x5e,0xe1,0x00,0x00,
	0xa3,0x17,0x00,0x8f,0xde,0xe0,0x00,0x00,0xa2,0x17,0x00,0x03,
	0x60,0xbc,0x01,0x00,0x18,0x12,0x00,0x03,0x5e,0x0e,0x02,0x00,
	0xa2,0x37,0x00,0x03,0x60,0xbc,0x01,0x00,0xa5,0x57,0xf4,0x96,
	0x5e,0x90,0x00,0x00,0xa1,0x37,0xf4,0x96,0xde,0x80,0x00,0x00,
	0xa6,0xf7,0xff,0xb7,0x41,0xe1,0x00,0x00,0xa1,0xf7,0x01,0x87,
	0xde,0xe1,0x00,0x00,0xa3,0x77,0xf4,0x96,0xde,0x80,0x00,0x00,
	0xa1,0xb7,0x0d,0x86,0xde,0xe1,0x00,0x00,0xa3,0x17,0x00,0x8f,
	0xde,0xe0,0x00,0x00,0xa1,0x77,0xf4,0x86,0x5e,0x7a,0x01,0x00,
	0xa1,0x57,0xf4,0x86,0x5e,0x88,0x00,0x00,0xa2,0x17,0x00,0x87,
	0x5e,0xb0,0x00,0x00,0x25,0x12,0x00,0x03,0xde,0x87,0x02,0x00,
	0xa1,0x57,0x00,0x87,0x5e,0x88,0x00,0x00,0x32,0x12,0xf0,0x02,
	0xde,0xbf,0x03,0x00,0x2c,0x12,0x00,0x03,0x5e,0x87,0x02,0x00,
	0xa5,0xd7,0x0c,0x9b,0x63,0xbc,0x01,0x00,0xa1,0xb7,0xf4,0x86,
	0xde,0x80,0x00,0x00,0xa5,0xf7,0xff,0xb7,0x41,0xe1,0x00,0x00,
	0xa1,0x17,0x00,0x87,0xde,0xe0,0x00,0x00,0xa1,0x57,0x00,0x87,
	0x5e,0x88,0x00,0x00,0x32,0x12,0xf0,0x02,0xde,0xbf,0x03,0x00,
	0xa1,0x57,0x00,0x87,0x5e,0x88,0x00,0x00,0xa5,0xf7,0x0c,0x9b,
	0x63,0xbc,0x01,0x00,0xa1,0xb7,0xf4,0x86,0xde,0x80,0x00,0x00,
	0xa5,0x17,0x00,0x03,0x62,0xbc,0x01,0x00,0xa5,0xb7,0xf4,0xb6,
	0x41,0xe1,0x00,0x00,0xa1,0x17,0x00,0x87,0xde,0xe0,0x00,0x00,
	0xa1,0xd7,0x00,0x84,0x5e,0xe0,0x00,0x00,0x00,0x00,0xf0,0x02,
	0xde,0x02,0x00,0x00,0x15,0x00,0x00,0x17,0x1c,0x00,0x02,0x00,
	0x3a,0x12,0x00,0x53,0xde,0x82,0x02,0x00,0x24,0x90,0x04,0x02,
	0x60,0x88,0x01,0x00,0x2a,0x07,0xf3,0xaa,0x1c,0xe0,0x00,0x00,
	0x29,0x07,0xf3,0xa6,0x1c,0xe8,0x00,0x00,0x0c,0x0a,0xf0,0x02,
	0xde,0xbf,0x03,0x00,0x24,0x90,0x04,0x16,0x60,0xb8,0x01,0x00,
	0x25,0xd0,0x01,0x03,0x60,0xbc,0x01,0x00,0x4d,0x12,0xf0,0x02,
	0x5e,0x05,0x03,0x00,0x37,0x0b,0x00,0x37,0xc0,0x87,0x02,0x00,
	0x38,0x0b,0xf0,0x02,0xde,0x86,0x03,0x00,0x13,0x10,0xf0,0x02,
	0x5e,0x02,0x00,0x00,0xc5,0x11,0xf0,0x02,0x5e,0x02,0x00,0x00,
	0x57,0x13,0xf0,0x02,0x5e,0x02,0x00,0x00,0x3c,0x12,0xf0,0x02,
	0xde,0x5c,0x03,0x00,0xa1,0x17,0x01,0x9b,0x40,0xd8,0x00,0x00,
	0x98,0x37,0x02,0x87,0x5e,0xe0,0x00,0x00,0x98,0x77,0x00,0x63,
	0x5e,0xa8,0x00,0x00,0xa1,0x17,0x00,0x53,0xde,0x02,0x01,0x00,
	0x94,0x97,0xf2,0x02,0xe0,0x82,0x01,0x00,0x05,0xa7,0xe0,0x84,
	0xde,0x88,0x01,0x00,0x4d,0x12,0xf3,0xa6,0x9c,0x6e,0x00,0x00,
	0x25,0xd0,0x01,0x63,0x5e,0xe8,0x00,0x00,0x24,0x90,0x04,0x06,
	0x60,0xb8,0x01,0x00,0x02,0x00,0xf0,0x02,0xde,0xbf,0x03,0x00,
	0x05,0xa7,0xe0,0x04,0x60,0x81,0x01,0x00,0x24,0x90,0x04,0x0a,
	0x60,0xb8,0x01,0x00,0x02,0x00,0xf0,0x02,0xde,0xbf,0x03,0x00,
	0x63,0x12,0x00,0x87,0x5e,0x28,0x02,0x00,0xa4,0x17,0x00,0x93,
	0x41,0xb0,0x00,0x00,0x64,0x70,0x00,0x93,0x41,0xe0,0x00,0x00,
	0xa2,0x17,0x00,0x87,0x5e,0x0a,0x01,0x00,0x63,0x50,0xf4,0x92,
	0x41,0xe8,0x00,0x00,0xa1,0x17,0x00,0x87,0x5e,0x18,0x01,0x00,
	0xa2,0x37,0xf4,0x42,0x60,0xe8,0x00,0x00,0x00,0x36,0xf4,0x02,
	0x56,0x88,0x00,0x00,0x5f,0x92,0xf4,0x8e,0x41,0x68,0x00,0x00,
	0x63,0x30,0x00,0x8f,0x41,0xe8,0x00,0x00,0x64,0x30,0x00,0x93,
	0x41,0xe8,0x00,0x00,0x57,0x12,0x02,0x8b,0x5e,0x68,0x00,0x00,
	0xa3,0x57,0xf4,0x02,0x56,0x90,0x00,0x00,0x01,0x76,0xf4,0x06,
	0x58,0xb0,0x00,0x00,0x57,0x12,0xf0,0x02,0xde,0xbf,0x03,0x00,
	0x63,0x92,0xf4,0x92,0x41,0x68,0x00,0x00,0x64,0x30,0x00,0x93,
	0x41,0xe8,0x00,0x00,0x00,0x16,0x00,0x03,0x60,0xbc,0x01,0x00,
	0x5f,0x12,0xf0,0x02,0xde,0xbf,0x03,0x00,0xa1,0x17,0x00,0x87,
	0x5e,0xb0,0x00,0x00,0x00,0x00,0xf0,0x02,0xde,0x02,0x00,0x00,
	0x65,0x10,0x00,0xcb,0x50,0xb0,0x00,0x00,0xa1,0x17,0x00,0x0b,
	0x5a,0xb0,0x00,0x00,0x7d,0x20,0x00,0xf7,0x01,0xe0,0x00,0x00,
	0x74,0x20,0xf4,0xd2,0x01,0xe0,0x00,0x00,0xa1,0x17,0x00,0x83,
	0x50,0x38,0x01,0x00,0xa3,0xf7,0x1f,0xff,0x63,0xbc,0x01,0x00,
	0x6d,0x32,0xf4,0x32,0x5a,0x6d,0x00,0x00,0xa3,0x17,0x00,0x37,
	0x5a,0xb0,0x00,0x00,0x64,0x10,0x00,0xcf,0x50,0xb0,0x00,0x00,
	0x82,0x17,0x00,0x13,0x58,0xb0,0x00,0x00,0x04,0x16,0x00,0x03,
	0x60,0xbc,0x01,0x00,0xb6,0x17,0x0d,0x1b,0x60,0xbc,0x01,0x00,
	0xa1,0x17,0x00,0xc7,0xd0,0x02,0x01,0x00,0x65,0x30,0xf4,0x96,
	0x41,0xe0,0x00,0x00,0x64,0xd0,0x00,0xcb,0x50,0xe0,0x00,0x00,
	0xb4,0x17,0x00,0x03,0x60,0xbc,0x01,0x00,0x80,0x17,0x00,0x03,
	0x60,0xbc,0x01,0x00,0x81,0x37,0x00,0x03,0x60,0xbc,0x01,0x00,
	0xa0,0x10,0x03,0x04,0x60,0x87,0x01,0x00,0xa4,0x97,0x00,0x33,
	0x52,0x90,0x00,0x00,0xb5,0xb7,0x01,0x87,0x41,0xe0,0x00,0x00,
	0x95,0x52,0xf0,0xd2,0x5e,0x68,0x00,0x00,0x63,0x90,0xf6,0xda,
	0x5e,0xe0,0x00,0x00,0x89,0x32,0xf0,0x02,0xd8,0x20,0x00,0x00,
	0x8f,0x12,0x00,0xc7,0x50,0x02,0x02,0x00,0xa1,0x97,0x00,0x03,
	0x56,0x90,0x00,0x00,0xa1,0x97,0xf4,0x86,0x5e,0xe8,0x00,0x00,
	0xa1,0x37,0xf4,0x02,0x60,0x9e,0x01,0x00,0x8f,0x12,0x08,0x87,
	0xde,0x6d,0x00,0x00,0xa2,0x17,0x00,0x87,0x5e,0x0a,0x01,0x00,
	0xa1,0x37,0xf4,0x02,0x60,0xda,0x01,0x00,0x63,0x50,0xf4,0xd6,
	0x5e,0xe0,0x00,0x00,0xa1,0x37,0xf4,0x06,0x60,0x88,0x00,0x00,
	0x8f,0x32,0xf4,0x02,0x56,0x20,0x00,0x00,0x00,0x36,0xf0,0x02,
	0x58,0xb0,0x00,0x00,0x8a,0x36,0x00,0x2b,0x5a,0xe0,0x00,0x00,
	0x8b,0x72,0xf4,0xd2,0xde,0x6a,0x00,0x00,0x90,0x12,0xf0,0xd2,
	0xde,0x68,0x00,0x00,0x80,0x37,0x00,0x03,0x5e,0xe0,0x00,0x00,
	0x90,0x32,0x00,0x03,0x5e,0x68,0x00,0x00,0xa0,0x10,0x03,0x04,
	0xe0,0x86,0x01,0x00,0x90,0x12,0xf0,0x02,0xde,0xbf,0x03,0x00,
	0x8b,0x72,0xf4,0xd2,0xde,0x6a,0x00,0x00,0xb4,0x37,0x00,0xd3,
	0x5e,0xe0,0x00,0x00,0x81,0x37,0x00,0x07,0x5e,0xd0,0x00,0x00,
	0x7a,0x12,0x00,0xd3,0x5e,0x98,0x02,0x00,0x64,0x30,0x00,0x93,
	0x41,0xe0,0x00,0x00,0x7a,0x12,0xf0,0x02,0xde,0xbf,0x03,0x00,
	0x30,0x14,0x86,0x02,0x60,0x80,0x01,0x00,0x15,0x00,0x00,0x03,
	0x5e,0x68,0x00,0x00,0x18,0x06,0xf0,0x02,0xde,0xbf,0x03,0x00,
	0x9e,0x12,0x00,0xc7,0xd0,0x82,0x02,0x00,0xa1,0x17,0x00,0x83,
	0x50,0x3c,0x01,0x00,0xa4,0x17,0x00,0xa7,0x50,0xb0,0x00,0x00,
	0x1a,0x14,0x00,0x53,0x26,0xb0,0x00,0x00,0xa5,0x32,0xf4,0x32,
	0x5a,0x6d,0x00,0x00,0x31,0x34,0x86,0x06,0xe0,0x82,0x01,0x00,
	0xa3,0x12,0x00,0x2b,0x50,0x88,0x02,0x00,0xa1,0x17,0x00,0x33,
	0x5a,0xb0,0x00,0x00,0x27,0xf4,0x84,0x86,0x5e,0x9e,0x01,0x00,
	0x31,0x34,0x86,0x06,0x60,0x83,0x01,0x00,0x00,0x00,0xf0,0x02,
	0xde,0x02,0x00,0x00,0xa4,0x17,0x00,0xab,0x50,0xb0,0x00,0x00,
	0x1a,0x14,0x00,0x7b,0x50,0xb0,0x00,0x00,0x80,0x97,0xc0,0x06,
	0x60,0xd0,0x00,0x00,0xb5,0xd7,0x00,0x97,0x41,0xe0,0x00,0x00,
	0xa1,0x17,0x00,0x13,0x58,0x0a,0x01,0x00,0xb5,0x37,0xf4,0xd6,
	0x5e,0xe0,0x00,0x00,0x63,0x10,0x00,0x0f,0x58,0xb0,0x00,0x00,
	0x81,0x17,0x00,0x03,0x56,0x16,0x01,0x00,0xba,0x12,0x00,0x13,
	0xd8,0x68,0x00,0x00,0xa1,0x17,0x00,0x63,0x00,0x14,0x01,0x00,
	0xb0,0x12,0x00,0x87,0xde,0x68,0x00,0x00,0x80,0x16,0x01,0x3b,
	0x01,0x88,0x00,0x00,0xb5,0x12,0xf0,0x02,0xde,0xbf,0x03,0x00,
	0xb3,0x72,0x00,0x87,0xde,0x68,0x00,0x00,0x80,0x16,0xe0,0x3b,
	0x01,0xa0,0x00,0x00,0xb5,0x12,0xf0,0x02,0xde,0xbf,0x03,0x00,
	0x62,0x70,0x09,0x87,0x5e,0xe0,0x00,0x00,0x80,0x16,0x01,0x03,
	0x54,0x88,0x00,0x00,0x80,0x16,0x30,0x03,0x5a,0xe8,0x00,0x00,
	0x81,0x16,0x00,0x03,0x60,0xbc,0x01,0x00,0x82,0x16,0x00,0x03,
	0x60,0xbc,0x01,0x00,0x83,0x16,0x00,0x03,0x60,0xbc,0x01,0x00,
	0xbf,0x12,0xf0,0x02,0xde,0xbf,0x03,0x00,0x63,0x90,0xc0,0x8e,
	0x41,0xe0,0x00,0x00,0xbf,0x32,0xc0,0x8e,0xc1,0x6e,0x00,0x00,
	0x63,0x30,0xc0,0x8e,0x41,0xe8,0x00,0x00,0xa1,0x37,0x00,0x03,
	0x58,0xe8,0x00,0x00,0x63,0x30,0xf4,0x8e,0x41,0xe0,0x00,0x00,
	0xa5,0x17,0x00,0xa3,0x50,0xb0,0x00,0x00,0xda,0xf2,0x03,0x13,
	0x58,0x68,0x00,0x00,0xda,0x52,0xc0,0x8e,0x41,0x68,0x00,0x00,
	0xda,0xb2,0xf4,0x0a,0xda,0x6d,0x00,0x00,0xa1,0x17,0x00,0x03,
	0x56,0x16,0x01,0x00,0xda,0x32,0xf0,0x86,0xde,0x68,0x00,0x00,
	0xa1,0x17,0x00,0x03,0x56,0x58,0x01,0x00,0xa2,0xd7,0x0d,0x87,
	0x5e,0xe0,0x00,0x00,0x62,0x10,0x00,0xd7,0x5e,0xb0,0x00,0x00,
	0xd1,0x12,0xa0,0x02,0xde,0x20,0x00,0x00,0xa3,0x37,0xd0,0x86,
	0x5e,0xe0,0x00,0x00,0xa3,0x77,0xd0,0x8e,0x5e,0xe0,0x00,0x00,
	0xda,0x52,0xf4,0x02,0x5a,0x6d,0x00,0x00,0xda,0x92,0xf4,0x8e,
	0x5e,0x6e,0x00,0x00,0x83,0x36,0xf4,0x02,0x60,0xe8,0x00,0x00,
	0x81,0x16,0x00,0x8f,0x5e,0xb0,0x00,0x00,0x83,0x76,0x00,0x0f,
	0x5a,0xa0,0x00,0x00,0x82,0x36,0x00,0x0b,0x5a,0xe0,0x00,0x00,
	0x80,0x56,0xf4,0x02,0x5a,0xe8,0x00,0x00,0x80,0x37,0x00,0x03,
	0x5e,0xd0,0x00,0x00,0x04,0x36,0x00,0x13,0x58,0xe0,0x00,0x00,
	0x63,0x30,0x00,0x8f,0x41,0xe0,0x00,0x00,0xd7,0x12,0x00,0x13,
	0x58,0x98,0x02,0x00,0xb5,0x37,0x00,0xd7,0x5e,0xe0,0x00,0x00,
	0xc0,0x32,0xc0,0x8e,0xc1,0x6e,0x00,0x00,0x63,0x10,0x00,0x03,
	0x58,0xb0,0x00,0x00,0xc0,0x12,0xf0,0x02,0xde,0xbf,0x03,0x00,
	0x00,0x00,0xf0,0x02,0xde,0x02,0x00,0x00,0xa1,0x17,0x00,0x03,
	0x60,0xbc,0x01,0x00,0xa0,0x10,0x03,0x04,0x60,0x87,0x01,0x00,
	0xb5,0x90,0x09,0x03,0x60,0xbc,0x01,0x00,0xb4,0xf0,0x00,0x63,
	0x00,0xb0,0x00,0x00,0xb6,0x10,0x04,0x4f,0x60,0xbc,0x01,0x00,
	0xb5,0x90,0x00,0x03,0x60,0xbc,0x01,0x00,0xb4,0xb0,0x00,0x63,
	0x00,0xb0,0x00,0x00,0x00,0x18,0x00,0xd3,0x42,0xb0,0x00,0x00,
	0xe3,0x12,0xf0,0x02,0xde,0x17,0x03,0x00,0xe4,0x12,0xf0,0x02,
	0xde,0x97,0x03,0x00,0x2f,0x14,0x00,0x43,0x26,0xb0,0x00,0x00,
	0xa0,0x10,0x03,0x0c,0xe0,0x8e,0x01,0x00,0x01,0x13,0x00,0x57,
	0x5a,0x68,0x00,0x00,0x95,0x16,0xf0,0x56,0x5a,0xe8,0x00,0x00,
	0xa1,0x17,0x00,0x03,0x60,0xbc,0x01,0x00,0x63,0xb0,0x01,0x97,
	0x41,0xe0,0x00,0x00,0xa2,0x17,0x00,0x03,0x60,0xbc,0x01,0x00,
	0xa4,0x97,0xd2,0x8e,0x41,0xe0,0x00,0x00,0xfe,0x92,0xd2,0x86,
	0x5e,0x68,0x00,0x00,0xa2,0x17,0xb0,0x8a,0x5e,0xe0,0x00,0x00,
	0xf3,0x12,0xf0,0x8a,0x5e,0x6e,0x00,0x00,0xa1,0x37,0x00,0x87,
	0x5e,0xe0,0x00,0x00,0x63,0x30,0x00,0x8f,0x41,0xe0,0x00,0x00,
	0xed,0x12,0xf0,0x02,0xde,0xbf,0x03,0x00,0x80,0x15,0xf0,0x8a,
	0x5e,0xe8,0x00,0x00,0xff,0x12,0x00,0x87,0x5e,0x68,0x00,0x00,
	0x8c,0x36,0xf4,0x32,0x5a,0xe8,0x00,0x00,0xa3,0x17,0x00,0x93,
	0x41,0xb0,0x00,0x00,0x64,0xb0,0x01,0x97,0x41,0xe0,0x00,0x00,
	0xfd,0x92,0xf4,0x8e,0x41,0x68,0x00,0x00,0x00,0x16,0x00,0x03,
	0x56,0xb0,0x00,0x00,0x63,0x30,0x00,0x8f,0x41,0xe0,0x00,0x00,
	0x64,0x30,0x00,0x93,0x41,0xe0,0x00,0x00,0xf8,0x12,0xf0,0x02,
	0xde,0xbf,0x03,0x00,0x64,0x10,0x00,0x8f,0x5e,0xb0,0x00,0x00,
	0x94,0x36,0xf4,0x52,0x5a,0xe8,0x00,0x00,0x01,0x13,0x00,0x57,
	0xda,0x68,0x00,0x00,0x8c,0x16,0x00,0x03,0x60,0xbc,0x01,0x00,
	0xa1,0x17,0x00,0x07,0x58,0xb0,0x00,0x00,0x03,0x16,0xf0,0x0e,
	0x58,0xe0,0x00,0x00,0x07,0x33,0xf4,0x0e,0xd8,0x6e,0x00,0x00,
	0xa1,0x17,0xc0,0x86,0x5e,0xe8,0x00,0x00,0x03,0x36,0xf4,0x0e,
	0x58,0xe8,0x00,0x00,0x03,0x36,0x00,0x0f,0x58,0xe8,0x00,0x00,
	0xa1,0x17,0x00,0x03,0x5e,0x18,0x01,0x00,0x0f,0x13,0x02,0x03,
	0xde,0x6d,0x00,0x00,0xa2,0x37,0xf4,0x42,0x60,0xe8,0x00,0x00,
	0x86,0x36,0xf4,0x1a,0x5a,0x90,0x00,0x00,0xa2,0x57,0xf4,0x1e,
	0x5a,0x88,0x00,0x00,0x87,0x36,0xf4,0x1e,0x5a,0x90,0x00,0x00,
	0x86,0x56,0xf4,0x1a,0x5a,0xb0,0x00,0x00,0x11,0x13,0xf0,0x02,
	0xde,0xbf,0x03,0x00,0x86,0x36,0xf4,0x1e,0x5a,0x90,0x00,0x00,
	0x87,0x16,0x00,0x03,0x60,0xbc,0x01,0x00,0x00,0x00,0xf0,0x02,
	0xde,0x02,0x00,0x00,0x2a,0x10,0x00,0x03,0x60,0x58,0x01,0x00,
	0x04,0x90,0x02,0x03,0x60,0xbc,0x01,0x00,0x24,0x90,0x04,0x0a,
	0x60,0xb8,0x01,0x00,0x6c,0x90,0x0d,0x02,0xe0,0x89,0x01,0x00,
	0x00,0x00,0xf0,0x02,0xde,0x02,0x00,0x00,0x3b,0x13,0x00,0x53,
	0xde,0x00,0x02,0x00,0xa1,0xb7,0x09,0x13,0x60,0xbc,0x01,0x00,
	0xd3,0x00,0xf0,0x02,0x5e,0x02,0x00,0x00,0xa2,0x37,0x03,0x02,
	0x60,0xa5,0x01,0x00,0xa2,0x57,0xf4,0x02,0xe0,0x99,0x01,0x00,
	0xd8,0x00,0xf0,0x02,0x5e,0x02,0x00,0x00,0xa1,0x97,0x09,0x13,
	0x60,0xbc,0x01,0x00,0xd3,0x00,0xf0,0x02,0x5e,0x02,0x00,0x00,
	0xa2,0x37,0x03,0x7e,0x60,0xa4,0x01,0x00,0xa2,0x57,0xf4,0x3e,
	0xe0,0x99,0x01,0x00,0xd8,0x00,0xf0,0x02,0x5e,0x02,0x00,0x00,
	0xa1,0xf7,0x16,0x13,0x60,0xbc,0x01,0x00,0xd3,0x00,0xf0,0x02,
	0x5e,0x02,0x00,0x00,0xa2,0x37,0x03,0x02,0x60,0xb4,0x01,0x00,
	0xd8,0x00,0xf0,0x02,0x5e,0x02,0x00,0x00,0xa1,0x37,0x16,0x13,
	0x60,0xbc,0x01,0x00,0xd3,0x00,0xf0,0x02,0x5e,0x02,0x00,0x00,
	0xa2,0x37,0x03,0x02,0xe0,0x86,0x01,0x00,0xa2,0x57,0xf4,0x02,
	0x60,0x85,0x01,0x00,0xd8,0x00,0xf0,0x02,0x5e,0x02,0x00,0x00,
	0xa1,0x17,0x16,0x13,0x60,0xbc,0x01,0x00,0xd3,0x00,0xf0,0x02,
	0x5e,0x02,0x00,0x00,0xa2,0x37,0x03,0x06,0xe0,0x81,0x01,0x00,
	0xa2,0x57,0xf4,0x06,0xe0,0x85,0x01,0x00,0xa2,0x57,0xf4,0x06,
	0x60,0x83,0x01,0x00,0xd8,0x00,0xf0,0x02,0x5e,0x02,0x00,0x00,
	0x3a,0x13,0x00,0xc7,0x00,0x06,0x02,0x00,0xa1,0x57,0x1f,0x13,
	0x60,0xbc,0x01,0x00,0xd3,0x00,0xf0,0x02,0x5e,0x02,0x00,0x00,
	0xa2,0x37,0x03,0x02,0xe0,0x81,0x01,0x00,0xd8,0x00,0xf0,0x02,
	0x5e,0x02,0x00,0x00,0xa1,0x37,0x1f,0x13,0x60,0xbc,0x01,0x00,
	0xd3,0x00,0xf0,0x02,0x5e,0x02,0x00,0x00,0xa2,0x37,0x03,0x06,
	0xe0,0x81,0x01,0x00,0xd8,0x00,0xf0,0x02,0x5e,0x02,0x00,0x00,
	0x00,0x00,0xf0,0x02,0xde,0x02,0x00,0x00,0xa1,0x97,0x09,0x13,
	0x60,0xbc,0x01,0x00,0xd3,0x00,0xf0,0x02,0x5e,0x02,0x00,0x00,
	0xa2,0x37,0x03,0x02,0x60,0xa4,0x01,0x00,0xa2,0x57,0xf4,0x02,
	0xe0,0x99,0x01,0x00,0xd8,0x00,0xf0,0x02,0x5e,0x02,0x00,0x00,
	0xa1,0x17,0x16,0x13,0x60,0xbc,0x01,0x00,0xd3,0x00,0xf0,0x02,
	0x5e,0x02,0x00,0x00,0xa2,0x37,0x03,0x02,0xe0,0x81,0x01,0x00,
	0xa2,0x57,0xf4,0x02,0xe0,0x85,0x01,0x00,0xa2,0x57,0xf4,0x02,
	0x60,0x83,0x01,0x00,0xd8,0x00,0xf0,0x02,0x5e,0x02,0x00,0x00,
	0xa1,0x37,0x1f,0x13,0x60,0xbc,0x01,0x00,0xd3,0x00,0xf0,0x02,
	0x5e,0x02,0x00,0x00,0xa2,0x37,0x03,0x02,0xe0,0x81,0x01,0x00,
	0xd8,0x00,0xf0,0x02,0x5e,0x02,0x00,0x00,0x00,0x00,0xf0,0x02,
	0xde,0x02,0x00,0x00,0x3b,0x13,0x00,0x53,0xde,0x00,0x02,0x00,
	0xa1,0xb7,0x09,0x13,0x60,0xbc,0x01,0x00,0xd3,0x00,0xf0,0x02,
	0x5e,0x02,0x00,0x00,0xa2,0x37,0x03,0x02,0x60,0x87,0x01,0x00,
	0xa2,0x57,0xf4,0x02,0xe0,0x81,0x01,0x00,0xd8,0x00,0xf0,0x02,
	0x5e,0x02,0x00,0x00,0xa1,0x97,0x09,0x13,0x60,0xbc,0x01,0x00,
	0xd3,0x00,0xf0,0x02,0x5e,0x02,0x00,0x00,0xa2,0x37,0x03,0x06,
	0x60,0x86,0x01,0x00,0xa2,0x57,0xf4,0x06,0xe0,0x81,0x01,0x00,
	0xd8,0x00,0xf0,0x02,0x5e,0x02,0x00,0x00,0x31,0x13,0xf0,0x02,
	0xde,0xbf,0x03,0x00,0x5a,0x13,0x00,0x23,0x45,0x04,0x02,0x00,
	0xa3,0x37,0x00,0x8f,0x5e,0xe0,0x00,0x00,0x7f,0x13,0xf0,0x02,
	0xde,0xbf,0x03,0x00,0x60,0x13,0x00,0x37,0x40,0x06,0x02,0x00,
	0x60,0x13,0x00,0x37,0xc0,0x05,0x02,0x00,0xb1,0x26,0xd6,0x04,
	0x60,0x80,0x01,0x00,0x00,0x18,0x00,0x67,0x44,0xb0,0x00,0x00,
	0xae,0x06,0x00,0x67,0x44,0xb0,0x00,0x00,0x6d,0x13,0xf0,0x02,
	0xde,0xbf,0x03,0x00,0x6d,0x13,0x00,0xc7,0x1a,0x00,0x02,0x00,
	0xa1,0xd7,0xd5,0x64,0x44,0xe8,0x00,0x00,0x6d,0x13,0x00,0x4b,
	0x1a,0x68,0x00,0x00,0x65,0x53,0xd2,0x84,0x5e,0x6e,0x00,0x00,
	0x6d,0x13,0xf0,0x02,0xde,0xbf,0x03,0x00,0xb1,0x26,0xd6,0x00,
	0x60,0x80,0x01,0x00,0x6b,0x13,0x00,0x1f,0x42,0x83,0x02,0x00,
	0x6b,0x13,0x00,0x23,0xc5,0x85,0x02,0x00,0x6d,0x13,0x00,0xc7,
	0x9a,0x81,0x02,0x00,0xb1,0x26,0xd6,0x04,0x60,0x82,0x01,0x00,
	0x6e,0x13,0xf0,0x02,0xde,0xbf,0x03,0x00,0xac,0x26,0x00,0xb3,
	0x1a,0xe0,0x00,0x00,0xb1,0x26,0xd6,0x00,0x60,0x80,0x01,0x00,
	0x80,0x13,0xf0,0x02,0xde,0xbf,0x03,0x00,0x7f,0x13,0xf0,0x02,
	0xde,0xa0,0x03,0x00,0x7f,0x13,0x00,0xc7,0x9a,0x81,0x02,0x00,
	0x00,0x18,0x00,0x67,0x44,0xb0,0x00,0x00,0x49,0x30,0x09,0x06,
	0xe0,0x81,0x01,0x00,0x73,0x33,0x00,0x03,0xe0,0x6e,0x00,0x00,
	0x49,0x30,0x09,0x02,0xe0,0x81,0x01,0x00,0x7f,0x13,0x00,0xc7,
	0x1a,0x82,0x02,0x00,0xaa,0x26,0x00,0xab,0x1a,0xe0,0x00,0x00,
	0x7f,0x13,0x00,0xc7,0x9a,0x82,0x02,0x00,0x7f,0x13,0xf0,0x02,
	0xde,0xa9,0x03,0x00,0x7f,0x13,0xf0,0x02,0x5e,0xa9,0x03,0x00,
	0xb3,0x26,0x00,0xcf,0x1a,0xe0,0x00,0x00,0xb1,0x26,0xd6,0x00,
	0x60,0xb0,0x01,0x00,0x7b,0x0b,0xf0,0x02,0x5e,0x02,0x00,0x00,
	0x00,0x00,0xf0,0x02,0x5e,0x01,0x00,0x00,0x48,0x10,0x09,0x06,
	0xe0,0x84,0x01,0x00,0x3f,0x0a,0xf0,0x02,0xde,0xbf,0x03,0x00,
	0xb1,0x26,0xd6,0x00,0x60,0xb0,0x01,0x00,0x00,0x00,0xf0,0x02,
	0xde,0x02,0x00,0x00,0xa2,0x13,0x00,0xcf,0xc4,0x87,0x02,0x00,
	0xba,0x17,0x00,0x03,0x60,0xbc,0x01,0x00,0xab,0x77,0xf5,0x02,
	0x60,0x84,0x01,0x00,0x80,0xb7,0x08,0x03,0x60,0xbc,0x01,0x00,
	0xbd,0x0e,0xf0,0x02,0x5e,0x02,0x00,0x00,0x99,0xb3,0x00,0x07,
	0xde,0x68,0x00,0x00,0x80,0xd7,0x08,0x03,0x60,0xbc,0x01,0x00,
	0xbd,0x0e,0xf0,0x02,0x5e,0x02,0x00,0x00,0x81,0xf7,0x14,0x07,
	0x5e,0xe8,0x00,0x00,0xa1,0xd7,0x0a,0x57,0x61,0xbc,0x01,0x00,
	0xa2,0x37,0xf4,0x06,0xde,0x80,0x00,0x00,0xa1,0xd7,0x0c,0x03,
	0x60,0xbc,0x01,0x00,0x91,0xd3,0x01,0x8b,0x5e,0x68,0x00,0x00,
	0xa1,0x77,0x06,0x03,0x60,0xbc,0x01,0x00,0xa2,0x37,0x00,0x8b,
	0x5e,0xe0,0x00,0x00,0x99,0xb3,0x01,0x8b,0x5e,0x6e,0x00,0x00,
	0x80,0xf7,0x08,0x03,0x60,0xbc,0x01,0x00,0xbd,0x0e,0xf0,0x02,
	0x5e,0x02,0x00,0x00,0x99,0x33,0xf4,0x06,0xde,0x68,0x00,0x00,
	0x80,0x17,0x09,0x03,0x60,0xbc,0x01,0x00,0xbd,0x0e,0xf0,0x02,
	0x5e,0x02,0x00,0x00,0x99,0x33,0xf4,0x06,0xde,0x68,0x00,0x00,
	0x98,0x13,0xf0,0x02,0xde,0xbf,0x03,0x00,0xba,0x17,0x00,0x8b,
	0x5e,0xb0,0x00,0x00,0xa3,0x13,0xf0,0x02,0x5e,0x02,0x00,0x00,
	0xa2,0x53,0x00,0x83,0x80,0x68,0x00,0x00,0xae,0x0a,0x02,0x47,
	0x60,0xbc,0x01,0x00,0xaf,0x2a,0x02,0x47,0x60,0xbc,0x01,0x00,
	0xb0,0x2a,0x02,0x47,0x60,0xbc,0x01,0x00,0xb1,0x4a,0x04,0x0b,
	0x60,0xbc,0x01,0x00,0x34,0x11,0x00,0x03,0x60,0xbc,0x01,0x00,
	0x35,0x11,0x10,0x0b,0x60,0xbc,0x01,0x00,0x33,0x11,0x00,0x03,
	0x63,0xbc,0x01,0x00,0x00,0x00,0xf0,0x02,0xde,0x02,0x00,0x00,
	0xa1,0xd7,0x15,0x2b,0x60,0xbc,0x01,0x00,0xa3,0x17,0x00,0xeb,
	0x5e,0x21,0x01,0x00,0x65,0x70,0xf4,0x86,0x5e,0xe0,0x00,0x00,
	0xa3,0x17,0x00,0xeb,0x5e,0x89,0x01,0x00,0xb9,0x77,0xf4,0x02,
	0x5a,0x90,0x00,0x00,0xaa,0x13,0x00,0xaf,0x5e,0x07,0x02,0x00,
	0xb9,0x57,0x00,0xe7,0x5e,0x90,0x00,0x00,0x00,0x00,0xf0,0x02,
	0xde,0x02,0x00,0x00,0x00,0x00,0x00,0x00,0x00,0x00,0x00,0x00,
	0x60,0x9d,0x00,0x00,0x00,0x00,0x00,0x00,0x00,0x00,0x00,0x00,
	0x00,0x00,0x00,0x00,0x00,0x00,0x00,0x00,0x00,0x00,0x00,0x00,
	0x00,0x00,0x00,0x00,0x00,0x00,0x00,0x00,0x60,0x01,0x04,0x00,
	0x05,0x00,0x01,0x03,0x64,0x01,0x04,0x00,0x00,0x00,0x18,0x00,
	0x24,0x01,0x04,0x00,0x04,0x00,0x00,0x00,0x28,0x01,0x04,0x00,
	0x00,0x00,0x00,0x00,0x2c,0x01,0x04,0x00,0x00,0x00,0x00,0x00,
	0x30,0x01,0x04,0x00,0x00,0x00,0x00,0x00,0x34,0x01,0x04,0x00,
	0x0a,0x04,0x70,0x00,0x34,0x01,0x04,0x00,0xef,0xbe,0xd4,0x00,
	0x34,0x01,0x04,0x00,0x05,0x00,0x00,0xff,0x34,0x01,0x04,0x00,
	0x01,0xff,0x02,0xff,0x30,0x01,0x04,0x00,0x18,0x00,0x00,0x00,
	0x34,0x01,0x04,0x00,0x0a,0x04,0xe0,0x00,0x34,0x01,0x04,0x00,
	0xef,0xbe,0x48,0x00,0x34,0x01,0x04,0x00,0x05,0x00,0x00,0xff,
	0x34,0x01,0x04,0x00,0x01,0xff,0x02,0xff,0x34,0x01,0x04,0x00,
	0x00,0x10,0x18,0x01,0x34,0x01,0x04,0x00,0x02,0x03,0x00,0x10,
	0x34,0x01,0x04,0x00,0x18,0xf1,0xf2,0xf3,0x34,0x01,0x04,0x00,
	0xbb,0xcc,0x00,0x00,0x30,0x01,0x04,0x00,0x38,0x00,0x00,0x00,
	0x34,0x01,0x04,0x00,0x00,0x00,0x00,0x00,0x30,0x01,0x04,0x00,
	0x58,0x00,0x00,0x00,0x34,0x01,0x04,0x00,0x00,0x00,0x00,0x00,
	0x30,0x01,0x04,0x00,0x38,0x00,0x00,0x00,0x34,0x01,0x04,0x00,
	0x0f,0x20,0x00,0x07,0x34,0x01,0x04,0x00,0x00,0x00,0x94,0x00,
	0x34,0x01,0x04,0x00,0x00,0x00,0x00,0x90,0x34,0x01,0x04,0x00,
	0x74,0x75,0x76,0x77,0x34,0x01,0x04,0x00,0x00,0x00,0x00,0x00,
	0x34,0x01,0x04,0x00,0x00,0x00,0x05,0x00,0x34,0x01,0x04,0x00,
	0xff,0xff,0xff,0xff,0x30,0x01,0x04,0x00,0x68,0x02,0x00,0x00,
	0x34,0x01,0x04,0x00,0x6e,0x84,0x33,0x00,0x34,0x01,0x04,0x00,
	0xdc,0xba,0x50,0x00,0x34,0x01,0x04,0x00,0xd4,0x00,0x00,0xab,
	0x34,0x01,0x04,0x00,0xba,0xda,0xba,0xda,0x34,0x01,0x04,0x00,
	0x00,0x10,0x18,0xf1,0x34,0x01,0x04,0x00,0xf2,0xf3,0x00,0x10,
	0x34,0x01,0x04,0x00,0x18,0xf1,0xf2,0xf3,0x34,0x01,0x04,0x00,
	0x10,0x00,0x00,0x00,0x34,0x01,0x04,0x00,0x00,0x00,0x00,0x00,
	0x34,0x01,0x04,0x00,0x00,0x00,0x0a,0x00,0x34,0x01,0x04,0x00,
	0x01,0x00,0x00,0x0e,0x34,0x01,0x04,0x00,0x42,0x52,0x43,0x4d,
	0x34,0x01,0x04,0x00,0x5f,0x54,0x45,0x53,0x34,0x01,0x04,0x00,
	0x54,0x5f,0x53,0x53,0x34,0x01,0x04,0x00,0x49,0x44,0x01,0x04,
	0x34,0x01,0x04,0x00,0x82,0x84,0x8b,0x96,0x34,0x01,0x04,0x00,
	0x03,0x01,0x01,0x06,0x34,0x01,0x04,0x00,0x02,0x00,0x00,0x00,
	0x30,0x01,0x04,0x00,0x68,0x00,0x00,0x00,0x34,0x01,0x04,0x00,
	0x0a,0x04,0x28,0x02,0x34,0x01,0x04,0x00,0xdc,0xba,0x80,0x00,
	0x34,0x01,0x04,0x00,0x00,0x00,0xff,0xff,0x34,0x01,0x04,0x00,
	0xff,0xff,0xff,0xff,0x34,0x01,0x04,0x00,0x00,0x10,0x18,0xf1,
	0x34,0x01,0x04,0x00,0xf2,0xf3,0x00,0x10,0x34,0x01,0x04,0x00,
	0x18,0xf1,0xf2,0xf3,0x34,0x01,0x04,0x00,0xd0,0xaf,0x00,0x00,
	0x34,0x01,0x04,0x00,0x00,0x00,0x00,0x00,0x34,0x01,0x04,0x00,
	0x00,0x00,0x00,0x01,0x34,0x01,0x04,0x00,0x02,0x00,0x00,0x0e,
	0x34,0x01,0x04,0x00,0x42,0x52,0x43,0x4d,0x34,0x01,0x04,0x00,
	0x5f,0x54,0x45,0x53,0x34,0x01,0x04,0x00,0x54,0x5f,0x53,0x53,
	0x34,0x01,0x04,0x00,0x49,0x44,0x01,0x04,0x34,0x01,0x04,0x00,
	0x82,0x84,0x8b,0x96,0x34,0x01,0x04,0x00,0x03,0x01,0x01,0x06,
	0x34,0x01,0x04,0x00,0x02,0x01,0x00,0x00,0x30,0x01,0x04,0x00,
	0x68,0x04,0x00,0x00,0x34,0x01,0x04,0x00,0x0a,0x04,0x28,0x02,
	0x34,0x01,0x04,0x00,0xdc,0xba,0x80,0x00,0x34,0x01,0x04,0x00,
	0x00,0x00,0xff,0xff,0x34,0x01,0x04,0x00,0xff,0xff,0xff,0xff,
	0x34,0x01,0x04,0x00,0x00,0x10,0x18,0xf1,0x34,0x01,0x04,0x00,
	0xf2,0xf3,0x00,0x10,0x34,0x01,0x04,0x00,0x18,0xf1,0xf2,0xf3,
	0x34,0x01,0x04,0x00,0xd0,0xaf,0x00,0x00,0x34,0x01,0x04,0x00,
	0x00,0x00,0x00,0x00,0x34,0x01,0x04,0x00,0x00,0x00,0x00,0x01,
	0x34,0x01,0x04,0x00,0x02,0x00,0x00,0x0e,0x34,0x01,0x04,0x00,
	0x42,0x52,0x43,0x4d,0x34,0x01,0x04,0x00,0x5f,0x54,0x45,0x53,
	0x34,0x01,0x04,0x00,0x54,0x5f,0x53,0x53,0x34,0x01,0x04,0x00,
	0x49,0x44,0x01,0x04,0x34,0x01,0x04,0x00,0x82,0x84,0x8b,0x96,
	0x34,0x01,0x04,0x00,0x03,0x01,0x01,0x06,0x34,0x01,0x04,0x00,
	0x02,0x01,0x00,0x00,0x00,0x01,0x04,0x00,0x00,0x00,0x00,0x01,
	0x90,0x04,0x02,0x00,0x00,0x00,0x00,0x00,0xa0,0x04,0x02,0x00,
	0xf1,0xf3,0x00,0x00,0xb0,0x04,0x02,0x00,0xef,0xfd,0x00,0x00,
	0xa8,0x04,0x02,0x00,0xff,0xff,0x00,0x00,0xa8,0x04,0x02,0x00,
	0x00,0x00,0x00,0x00,0xaa,0x04,0x02,0x00,0x00,0x00,0x00,0x00,
	0xa4,0x04,0x02,0x00,0xcf,0x1a,0x00,0x00,0xac,0x04,0x02,0x00,
	0x00,0x00,0x00,0x00,0xbc,0x04,0x02,0x00,0x00,0x00,0x00,0x00,
	0xa6,0x04,0x02,0x00,0xd7,0x02,0x00,0x00,0xb6,0x04,0x02,0x00,
	0xff,0xfd,0x00,0x00,0xae,0x04,0x02,0x00,0xff,0xff,0x00,0x00,
	0x06,0x04,0x02,0x00,0x01,0x00,0x00,0x00,0x06,0x04,0x02,0x00,
	0x00,0x00,0x00,0x00,0x0c,0x04,0x02,0x00,0x18,0x00,0x00,0x00,
	0x06,0x04,0x02,0x00,0x00,0x00,0x00,0x00,0x48,0x04,0x02,0x00,
	0x00,0x0c,0x00,0x00,0x02,0x04,0x02,0x00,0xbc,0x06,0x00,0x00,
	0x02,0x05,0x02,0x00,0x00,0x00,0x00,0x00,0x00,0x05,0x02,0x00,
	0x00,0x40,0x00,0x00,0x02,0x05,0x02,0x00,0x04,0x00,0x00,0x00,
	0x00,0x05,0x02,0x00,0x00,0x40,0x00,0x00,0x02,0x05,0x02,0x00,
	0x08,0x00,0x00,0x00,0x00,0x05,0x02,0x00,0x00,0x40,0x00,0x00,
	0x02,0x05,0x02,0x00,0x0c,0x00,0x00,0x00,0x00,0x05,0x02,0x00,
	0x00,0x40,0x00,0x00,0x02,0x05,0x02,0x00,0xc0,0x00,0x00,0x00,
	0x80,0x05,0x02,0x00,0xff,0xff,0x00,0x00,0x82,0x05,0x02,0x00,
	0xff,0xff,0x00,0x00,0x84,0x05,0x02,0x00,0xff,0xff,0x00,0x00,
	0x86,0x05,0x02,0x00,0xff,0xff,0x00,0x00,0x88,0x05,0x02,0x00,
	0xff,0xff,0x00,0x00,0x9c,0x05,0x02,0x00,0xf0,0xff,0x00,0x00,
	0x40,0x05,0x02,0x00,0x00,0x80,0x00,0x00,0x20,0x05,0x02,0x00,
	0x06,0x0f,0x00,0x00,0x40,0x05,0x02,0x00,0x00,0x80,0x00,0x00,
	0x40,0x05,0x02,0x00,0x00,0x81,0x00,0x00,0x20,0x05,0x02,0x00,
	0x10,0x1d,0x00,0x00,0x40,0x05,0x02,0x00,0x00,0x81,0x00,0x00,
	0x40,0x05,0x02,0x00,0x00,0x82,0x00,0x00,0x20,0x05,0x02,0x00,
	0x1e,0x28,0x00,0x00,0x40,0x05,0x02,0x00,0x00,0x82,0x00,0x00,
	0x40,0x05,0x02,0x00,0x00,0x83,0x00,0x00,0x20,0x05,0x02,0x00,
	0x29,0x31,0x00,0x00,0x40,0x05,0x02,0x00,0x00,0x83,0x00,0x00,
	0x40,0x05,0x02,0x00,0x00,0x84,0x00,0x00,0x20,0x05,0x02,0x00,
	0x32,0x3f,0x00,0x00,0x40,0x05,0x02,0x00,0x00,0x84,0x00,0x00,
	0x40,0x05,0x02,0x00,0x00,0x85,0x00,0x00,0x20,0x05,0x02,0x00,
	0x40,0x41,0x00,0x00,0x40,0x05,0x02,0x00,0x00,0x85,0x00,0x00,
	0x12,0x06,0x02,0x00,0x01,0x00,0x00,0x00,0x2e,0x06,0x02,0x00,
	0xcd,0xcc,0x00,0x00,0x30,0x06,0x02,0x00,0x0c,0x00,0x00,0x00,
	0x00,0x06,0x02,0x00,0x04,0x80,0x00,0x00,0x96,0x06,0x02,0x00,
	0x08,0x00,0x00,0x00,0x9a,0x06,0x02,0x00,0xe4,0x00,0x00,0x00,
	0x88,0x06,0x02,0x00,0x00,0x00,0x00,0x00,0x9c,0x06,0x02,0x00,
	0x02,0x00,0x00,0x00,0x88,0x06,0x02,0x00,0x00,0x10,0x00,0x00,
	0x9c,0x06,0x02,0x00,0x02,0x00,0x00,0x00,0x88,0x06,0x02,0x00,
	0x00,0x20,0x00,0x00,0x9c,0x06,0x02,0x00,0x02,0x00,0x00,0x00,
	0x88,0x06,0x02,0x00,0x00,0x30,0x00,0x00,0x9c,0x06,0x02,0x00,
	0x02,0x00,0x00,0x00,0x88,0x06,0x02,0x00,0x0b,0x0f,0x00,0x00,
	0x9e,0x06,0x02,0x00,0x07,0x00,0x00,0x00,0x10,0x05,0x02,0x00,
	0x0b,0x00,0x00,0x00,0x50,0x04,0x02,0x00,0x01,0x4e,0x00,0x00,
	0x52,0x04,0x02,0x00,0x5b,0x01,0x00,0x00,0xe4,0x04,0x02,0x00,
	0x90,0x00,0x00,0x00,0x54,0x05,0x02,0x00,0xff,0x3f,0x00,0x00,
	0x60,0x01,0x04,0x00,0x04,0x00,0x01,0x03,0x64,0x01,0x04,0x00,
	0x00,0x00,0x00,0x00,0x64,0x01,0x04,0x00,0x80,0x00,0x00,0x00,
	0x64,0x01,0x04,0x00,0x47,0x00,0x47,0x00,0x64,0x01,0x04,0x00,
	0x00,0x00,0x64,0x00,0x64,0x01,0x04,0x00,0x30,0x09,0x40,0x00,
	0x60,0x01,0x04,0x00,0x0d,0x00,0x01,0x03,0x64,0x01,0x04,0x00,
	0x02,0x00,0x02,0x00,0x64,0x01,0x04,0x00,0x01,0x00,0x04,0x00,
	0x64,0x01,0x04,0x00,0x05,0x00,0x00,0x00,0x60,0x01,0x04,0x00,
	0x11,0x00,0x01,0x03,0x64,0x01,0x04,0x00,0x64,0x00,0x64,0x00,
	0x64,0x01,0x04,0x00,0x0e,0x00,0x47,0x00,0x64,0x01,0x04,0x00,
	0x00,0x05,0x00,0x00,0x60,0x01,0x04,0x00,0x15,0x00,0x01,0x03,
	0x64,0x01,0x04,0x00,0x00,0x00,0x40,0x07,0x64,0x01,0x04,0x00,
	0xff,0xff,0xff,0xff,0x64,0x01,0x04,0x00,0x0a,0x00,0x00,0x00,
	0x60,0x01,0x04,0x00,0x1d,0x00,0x01,0x03,0x64,0x01,0x04,0x00,
	0x10,0x27,0x00,0x00,0x60,0x01,0x04,0x00,0x20,0x00,0x01,0x03,
	0x64,0x01,0x04,0x00,0x06,0x00,0x10,0x27,0x60,0x01,0x04,0x00,
	0x24,0x00,0x01,0x03,0x64,0x01,0x04,0x00,0x00,0x00,0xbc,0x09,
	0x64,0x01,0x04,0x00,0x00,0x00,0x32,0x00,0x64,0x01,0x04,0x00,
	0x0a,0x0e,0x0b,0x09,0x64,0x01,0x04,0x00,0x0e,0x02,0x00,0x00,
	0x64,0x01,0x04,0x00,0x00,0x00,0x50,0x09,0x64,0x01,0x04,0x00,
	0x00,0x00,0x3f,0x01,0x64,0x01,0x04,0x00,0xff,0xff,0x00,0x0c,
	0x64,0x01,0x04,0x00,0x76,0x04,0x42,0x7b,0x64,0x01,0x04,0x00,
	0x02,0x00,0xf0,0x08,0x60,0x01,0x04,0x00,0x2e,0x00,0x01,0x03,
	0x64,0x01,0x04,0x00,0x00,0x00,0x00,0x80,0x60,0x01,0x04,0x00,
	0x32,0x00,0x01,0x03,0x64,0x01,0x04,0x00,0x00,0x00,0x7c,0x0a,
	0x60,0x01,0x04,0x00,0x34,0x00,0x01,0x03,0x64,0x01,0x04,0x00,
	0x00,0x00,0xb4,0x03,0x60,0x01,0x04,0x00,0x58,0x00,0x01,0x03,
	0x64,0x01,0x04,0x00,0x42,0x52,0x43,0x4d,0x64,0x01,0x04,0x00,
	0x5f,0x54,0x45,0x53,0x64,0x01,0x04,0x00,0x54,0x5f,0x53,0x53,
	0x64,0x01,0x04,0x00,0x49,0x44,0x00,0x00,0x60,0x01,0x04,0x00,
	0x60,0x00,0x01,0x03,0x64,0x01,0x04,0x00,0x39,0x00,0x00,0x00,
	0x64,0x01,0x04,0x00,0x50,0x00,0x00,0x00,0x64,0x01,0x04,0x00,
	0xc0,0x00,0x00,0x00,0x60,0x01,0x04,0x00,0x70,0x00,0x01,0x03,
	0x64,0x01,0x04,0x00,0xfa,0x03,0xfa,0x03,0x64,0x01,0x04,0x00,
	0xfa,0x03,0xfa,0x03,0x64,0x01,0x04,0x00,0xfa,0x03,0xfa,0x03,
	0x64,0x01,0x04,0x00,0xfa,0x03,0xfa,0x03,0x64,0x01,0x04,0x00,
	0x36,0x04,0x22,0x04,0x64,0x01,0x04,0x00,0x0e,0x04,0xfa,0x03,
	0x64,0x01,0x04,0x00,0x40,0x04,0x2c,0x04,0x64,0x01,0x04,0x00,
	0x18,0x04,0x04,0x04,0x64,0x01,0x04,0x00,0xfa,0x03,0xfa,0x03,
	0x64,0x01,0x04,0x00,0xfa,0x03,0xfa,0x03,0x64,0x01,0x04,0x00,
	0xfa,0x03,0xfa,0x03,0x64,0x01,0x04,0x00,0xfa,0x03,0xfa,0x03,
	0x64,0x01,0x04,0x00,0x36,0x04,0x22,0x04,0x64,0x01,0x04,0x00,
	0x0e,0x04,0xfa,0x03,0x64,0x01,0x04,0x00,0x40,0x04,0x2c,0x04,
	0x64,0x01,0x04,0x00,0x18,0x04,0x04,0x04,0x64,0x01,0x04,0x00,
	0x4a,0x04,0x4a,0x04,0x64,0x01,0x04,0x00,0x4a,0x04,0x4a,0x04,
	0x64,0x01,0x04,0x00,0x55,0x04,0x4a,0x04,0x64,0x01,0x04,0x00,
	0x4a,0x04,0x60,0x04,0x64,0x01,0x04,0x00,0x4a,0x04,0x4a,0x04,
	0x64,0x01,0x04,0x00,0x4a,0x04,0x4a,0x04,0x64,0x01,0x04,0x00,
	0x4a,0x04,0x4a,0x04,0x64,0x01,0x04,0x00,0x6b,0x04,0x4a,0x04,
	0x64,0x01,0x04,0x00,0x4a,0x04,0x4a,0x04,0x64,0x01,0x04,0x00,
	0x4a,0x04,0x4a,0x04,0x64,0x01,0x04,0x00,0x55,0x04,0x4a,0x04,
	0x64,0x01,0x04,0x00,0x4a,0x04,0x60,0x04,0x64,0x01,0x04,0x00,
	0x4a,0x04,0x4a,0x04,0x64,0x01,0x04,0x00,0x4a,0x04,0x4a,0x04,
	0x64,0x01,0x04,0x00,0x4a,0x04,0x4a,0x04,0x64,0x01,0x04,0x00,
	0x6b,0x04,0x4a,0x04,0x64,0x01,0x04,0x00,0x00,0x00,0x1f,0x00,
	0x64,0x01,0x04,0x00,0xff,0x03,0x1f,0x00,0x64,0x01,0x04,0x00,
	0x02,0x00,0x00,0x00,0x64,0x01,0x04,0x00,0x02,0x00,0x00,0x00,
	0x60,0x01,0x04,0x00,0x98,0x00,0x01,0x03,0x64,0x01,0x04,0x00,
	0x00,0x00,0x1f,0x00,0x64,0x01,0x04,0x00,0xff,0x03,0x1f,0x00,
	0x64,0x01,0x04,0x00,0x01,0x00,0x00,0x00,0x64,0x01,0x04,0x00,
	0x01,0x00,0x00,0x00,0x60,0x01,0x04,0x00,0xa0,0x00,0x01,0x03,
	0x64,0x01,0x04,0x00,0x00,0x00,0x1f,0x00,0x64,0x01,0x04,0x00,
	0xff,0x03,0x1f,0x00,0x64,0x01,0x04,0x00,0x01,0x00,0x00,0x00,
	0x64,0x01,0x04,0x00,0x01,0x00,0x00,0x00,0x60,0x01,0x04,0x00,
	0xa8,0x00,0x01,0x03,0x64,0x01,0x04,0x00,0x00,0x00,0x1f,0x00,
	0x64,0x01,0x04,0x00,0xff,0x03,0x1f,0x00,0x64,0x01,0x04,0x00,
	0x01,0x00,0x00,0x00,0x64,0x01,0x04,0x00,0x01,0x00,0x00,0x00,
	0x60,0x01,0x04,0x00,0xc0,0x00,0x01,0x03,0x64,0x01,0x04,0x00,
	0x37,0x24,0x37,0x24,0x64,0x01,0x04,0x00,0x37,0x24,0x37,0x24,
	0x60,0x01,0x04,0x00,0x92,0x01,0x01,0x03,0x64,0x01,0x04,0x00,
	0x8e,0x04,0x00,0x00,0x64,0x01,0x04,0x00,0x0f,0x00,0x00,0x00,
	0x60,0x01,0x04,0x00,0xa0,0x01,0x01,0x03,0x64,0x01,0x04,0x00,
	0xff,0xff,0xff,0xff,0x64,0x01,0x04,0x00,0xff,0xff,0xff,0xff,
	0x64,0x01,0x04,0x00,0xff,0xff,0xff,0xff,0x64,0x01,0x04,0x00,
	0xff,0xff,0xff,0xff,0x64,0x01,0x04,0x00,0xff,0xff,0xff,0xff,
	0x64,0x01,0x04,0x00,0xff,0xff,0xff,0xff,0x64,0x01,0x04,0x00,
	0xff,0xff,0xff,0xff,0x64,0x01,0x04,0x00,0xff,0xff,0xff,0xff,
	0x60,0x01,0x04,0x00,0xd9,0x01,0x01,0x03,0x64,0x01,0x04,0x00,
	0x00,0x00,0x03,0x00,0x60,0x01,0x04,0x00,0xfd,0x01,0x01,0x03,
	0x64,0x01,0x04,0x00,0x20,0x00,0xcb,0x01,0x64,0x01,0x04,0x00,
	0x00,0x00,0x54,0x00,0x64,0x01,0x04,0x00,0x00,0x00,0xab,0x08,
	0x64,0x01,0x04,0x00,0x00,0x00,0x10,0x04,0x64,0x01,0x04,0x00,
	0x84,0x00,0x02,0x00,0x64,0x01,0x04,0x00,0x14,0x00,0xcf,0x01,
	0x64,0x01,0x04,0x00,0x02,0x00,0x44,0x00,0x64,0x01,0x04,0x00,
	0x00,0x00,0xaf,0x08,0x64,0x01,0x04,0x00,0x02,0x00,0x10,0x04,
	0x64,0x01,0x04,0x00,0x64,0x00,0x02,0x02,0x64,0x01,0x04,0x00,
	0x10,0x00,0xca,0x01,0x64,0x01,0x04,0x00,0x02,0x00,0x3c,0x00,
	0x64,0x01,0x04,0x00,0x00,0x00,0xaa,0x08,0x64,0x01,0x04,0x00,
	0x02,0x00,0x10,0x04,0x64,0x01,0x04,0x00,0x54,0x00,0x02,0x08,
	0x64,0x01,0x04,0x00,0x08,0x00,0xce,0x01,0x64,0x01,0x04,0x00,
	0x00,0x00,0x34,0x00,0x64,0x01,0x04,0x00,0x00,0x00,0xae,0x08,
	0x64,0x01,0x04,0x00,0x00,0x00,0x10,0x04,0x64,0x01,0x04,0x00,
	0x44,0x00,0x02,0x0a,0x64,0x01,0x04,0x00,0x08,0x00,0xc9,0x01,
	0x64,0x01,0x04,0x00,0x02,0x00,0x30,0x00,0x64,0x01,0x04,0x00,
	0x00,0x00,0xa9,0x08,0x64,0x01,0x04,0x00,0x02,0x00,0x10,0x04,
	0x64,0x01,0x04,0x00,0x3c,0x00,0x02,0x10,0x64,0x01,0x04,0x00,
	0x04,0x00,0xcd,0x01,0x64,0x01,0x04,0x00,0x00,0x00,0x2c,0x00,
	0x64,0x01,0x04,0x00,0x00,0x00,0xad,0x08,0x64,0x01,0x04,0x00,
	0x00,0x00,0x10,0x04,0x64,0x01,0x04,0x00,0x34,0x00,0x02,0x12,
	0x64,0x01,0x04,0x00,0x04,0x00,0xc8,0x01,0x64,0x01,0x04,0x00,
	0x00,0x00,0x2c,0x00,0x64,0x01,0x04,0x00,0x00,0x00,0xa8,0x08,
	0x64,0x01,0x04,0x00,0x00,0x00,0x10,0x04,0x64,0x01,0x04,0x00,
	0x30,0x00,0x02,0x19,0x64,0x01,0x04,0x00,0x00,0x00,0xcc,0x01,
	0x64,0x01,0x04,0x00,0x02,0x00,0x2c,0x00,0x64,0x01,0x04,0x00,
	0x00,0x00,0xac,0x08,0x64,0x01,0x04,0x00,0x02,0x00,0x10,0x04,
	0x64,0x01,0x04,0x00,0x30,0x00,0x02,0x1a,0x64,0x01,0x04,0x00,
	0xc0,0x00,0x0a,0x04,0x64,0x01,0x04,0x00,0x70,0x00,0x00,0x00,
	0x64,0x01,0x04,0x00,0x3a,0x01,0x0a,0x04,0x64,0x01,0x04,0x00,
	0x28,0x02,0x2c,0xc0,0x64,0x01,0x04,0x00,0xf2,0x02,0x0a,0x04,
	0x64,0x01,0x04,0x00,0x00,0x01,0x60,0x00,0x64,0x01,0x04,0x00,
	0x14,0x04,0x38,0x00,0x64,0x01,0x04,0x00,0x00,0x00,0x02,0x01,
	0x64,0x01,0x04,0x00,0x14,0x04,0x14,0x01,0x64,0x01,0x04,0x00,
	0x2c,0xc0,0xde,0x01,0x64,0x01,0x04,0x00,0x14,0x04,0x80,0x00,
	0x64,0x01,0x04,0x00,0x22,0x00,0x37,0x04,0x64,0x01,0x04,0x00,
	0x15,0x00,0x00,0x00,0x64,0x01,0x04,0x00,0xdf,0x00,0x37,0x04,
	0x64,0x01,0x04,0x00,0x65,0x00,0x2c,0xc0,0x64,0x01,0x04,0x00,
	0x2e,0x01,0x37,0x04,0x64,0x01,0x04,0x00,0x2f,0x00,0x11,0x00,
	0x64,0x01,0x04,0x00,0x6e,0x84,0x0b,0x00,0x64,0x01,0x04,0x00,
	0x00,0x00,0xd4,0x00,0x64,0x01,0x04,0x00,0x6e,0x84,0x33,0x00,
	0x64,0x01,0x04,0x00,0x2c,0xc0,0xfc,0x00,0x64,0x01,0x04,0x00,
	0x6e,0x84,0x18,0x00,0x64,0x01,0x04,0x00,0x02,0x00,0x8a,0x9d,
	0x64,0x01,0x04,0x00,0xfb,0x00,0x02,0x08,0x64,0x01,0x04,0x00,
	0xc5,0x4e,0xfa,0x00,0x64,0x01,0x04,0x00,0x02,0x0a,0x83,0x34,
	0x64,0x01,0x04,0x00,0xfe,0x00,0x02,0x10,0x64,0x01,0x04,0x00,
	0x62,0x27,0xf9,0x00,0x64,0x01,0x04,0x00,0x02,0x12,0x42,0x1a,
	0x64,0x01,0x04,0x00,0xfd,0x00,0x02,0x19,0x64,0x01,0x04,0x00,
	0xb1,0x13,0xf8,0x00,0x64,0x01,0x04,0x00,0x02,0x1a,0x81,0x11,
	0x64,0x01,0x04,0x00,0xfc,0x00,0x02,0x1c,0x64,0x01,0x04,0x00,
	0xc1,0x0f,0xfc,0x00,0x60,0x01,0x04,0x00,0x49,0x03,0x01,0x03,
	0x64,0x01,0x04,0x00,0x05,0x00,0x00,0x00,0x60,0x01,0x04,0x00,
	0x8b,0x03,0x01,0x03,0x64,0x01,0x04,0x00,0x07,0x02,0x00,0x00,
	0x60,0x01,0x04,0x00,0x93,0x03,0x01,0x03,0x64,0x01,0x04,0x00,
	0x00,0x00,0x01,0x00,0x60,0x01,0x04,0x00,0x95,0x03,0x01,0x03,
	0x64,0x01,0x04,0x00,0x00,0x00,0x0c,0x00,0x60,0x01,0x04,0x00,
	0xdc,0x04,0x01,0x03,0x64,0x01,0x04,0x00,0x00,0x00,0x18,0x00,
	0x60,0x01,0x04,0x00,0xde,0x04,0x01,0x03,0x64,0x01,0x04,0x00,
	0xb8,0x0b,0x98,0x3a,0x64,0x01,0x04,0x00,0xa6,0x0e,0x64,0x00,
	0x64,0x01,0x04,0x00,0x00,0x00,0xf4,0x01,0x64,0x01,0x04,0x00,
	0x41,0x00,0x00,0x00,0x64,0x01,0x04,0x00,0xa8,0x61,0x98,0x3a,
	0x64,0x01,0x04,0x00,0x30,0x75,0x1e,0x00,0x60,0x01,0x04,0x00,
	0xe6,0x04,0x01,0x03,0x64,0x01,0x04,0x00,0x50,0xc3,0x00,0x00,
	0x60,0x01,0x04,0x00,0xe8,0x04,0x01,0x03,0x64,0x01,0x04,0x00,
	0x00,0x00,0x14,0x05,0x64,0x01,0x04,0x00,0xe2,0x04,0x00,0x00,
	0x60,0x01,0x04,0x00,0xec,0x04,0x01,0x03,0x64,0x01,0x04,0x00,
	0x20,0x4e,0x00,0x00,0x64,0x01,0x04,0x00,0x00,0x00,0x0f,0x00,
	0x64,0x01,0x04,0x00,0xf4,0x01,0x04,0x00,0x60,0x01,0x04,0x00,
	0xf2,0x04,0x01,0x03,0x64,0x01,0x04,0x00,0x01,0x00,0x13,0x00,
	0x64,0x01,0x04,0x00,0x00,0x00,0x03,0x00,0x64,0x01,0x04,0x00,
	0x01,0x00,0x07,0x00,0x64,0x01,0x04,0x00,0xc8,0xaf,0x00,0x00,
	0x64,0x01,0x04,0x00,0x88,0x13,0x00,0x00,0x64,0x01,0x04,0x00,
	0x2c,0x17,0x0f,0x00,0x60,0x01,0x04,0x00,0xf9,0x04,0x01,0x03,
	0x64,0x01,0x04,0x00,0x00,0x00,0x2c,0x01,0x64,0x01,0x04,0x00,
	0x00,0x00,0xa0,0x0f,0x60,0x01,0x04,0x00,0xfc,0x04,0x01,0x03,
	0x64,0x01,0x04,0x00,0x00,0x00,0x03,0x00,0x64,0x01,0x04,0x00,
	0x00,0x00,0x2c,0x01,0x64,0x01,0x04,0x00,0xc0,0x00,0x00,0x00,
	0x64,0x01,0x04,0x00,0x88,0x13,0x00,0x00,0x64,0x01,0x04,0x00,
	0x90,0x01,0x00,0x00,0x64,0x01,0x04,0x00,0xdc,0x05,0x40,0x1f,
	0x64,0x01,0x04,0x00,0x00,0x00,0x46,0x00,0x64,0x01,0x04,0x00,
	0x50,0x00,0x00,0x00,0x64,0x01,0x04,0x00,0x02,0x00,0x00,0x00,
	0x60,0x01,0x04,0x00,0x3a,0x05,0x01,0x03,0x64,0x01,0x04,0x00,
	0xbe,0x00,0x00,0x00,0x60,0x01,0x04,0x00,0x56,0x05,0x01,0x03,
	0x64,0x01,0x04,0x00,0x10,0x27,0x00,0x00,0x64,0x01,0x04,0x00,
	0x10,0x11,0x11,0x11,0x64,0x01,0x04,0x00,0x11,0x11,0x22,0x02,
	0x60,0x01,0x04,0x00,0x03,0x00,0x02,0x00,0x64,0x01,0x04,0x00,
	0x1f,0x00,0x00,0x00,0x60,0x01,0x04,0x00,0x04,0x00,0x02,0x00,
	0x64,0x01,0x04,0x00,0xff,0x03,0x00,0x00,0x60,0x01,0x04,0x00,
	0x05,0x00,0x02,0x00,0x64,0x01,0x04,0x00,0x1f,0x00,0x00,0x00,
	0x60,0x01,0x04,0x00,0x06,0x00,0x02,0x00,0x64,0x01,0x04,0x00,
	0x07,0x00,0x00,0x00,0x60,0x01,0x04,0x00,0x07,0x00,0x02,0x00,
	0x64,0x01,0x04,0x00,0x04,0x00,0x00,0x00,0x60,0x01,0x04,0x00,
	0x08,0x00,0x02,0x00,0x64,0x01,0x04,0x00,0xff,0xff,0x00,0x00,
	0x60,0x01,0x04,0x00,0x09,0x00,0x02,0x00,0x64,0x01,0x04,0x00,
	0x00,0x00,0x00,0x00,0x60,0x01,0x04,0x00,0x0a,0x00,0x02,0x00,
	0x64,0x01,0x04,0x00,0x00,0x00,0x00,0x00,0x60,0x01,0x04,0x00,
	0x0b,0x00,0x02,0x00,0x64,0x01,0x04,0x00,0x00,0x00,0x00,0x00,
	0x60,0x01,0x04,0x00,0x0c,0x00,0x02,0x00,0x64,0x01,0x04,0x00,
	0x00,0x00,0x00,0x00,0x60,0x01,0x04,0x00,0x0d,0x00,0x02,0x00,
	0x64,0x01,0x04,0x00,0x00,0x00,0x00,0x00,0x60,0x01,0x04,0x00,
	0x0e,0x00,0x02,0x00,0x64,0x01,0x04,0x00,0x00,0x00,0x00,0x00,
	0x60,0x01,0x04,0x00,0x0f,0x00,0x02,0x00,0x64,0x01,0x04,0x00,
	0x00,0x00,0x00,0x00,0x60,0x01,0x04,0x00,0x10,0x00,0x02,0x00,
	0x64,0x01,0x04,0x00,0x1f,0x00,0x00,0x00,0x60,0x01,0x04,0x00,
	0x11,0x00,0x02,0x00,0x64,0x01,0x04,0x00,0x00,0x00,0x00,0x00,
	0x60,0x01,0x04,0x00,0x12,0x00,0x02,0x00,0x64,0x01,0x04,0x00,
	0x00,0x00,0x00,0x00,0x60,0x01,0x04,0x00,0x13,0x00,0x02,0x00,
	0x64,0x01,0x04,0x00,0x00,0x00,0x00,0x00,0x60,0x01,0x04,0x00,
	0x15,0x00,0x02,0x00,0x64,0x01,0x04,0x00,0x00,0x00,0x00,0x00,
	0x60,0x01,0x04,0x00,0x16,0x00,0x02,0x00,0x64,0x01,0x04,0x00,
	0x00,0x00,0x00,0x00,0xff,0xff,0x00,0x00,0x00,0x00,0x00,0x00,
	0x00,0x00,0x00,0x00,0x00,0x00,0x00,0x00,0x86,0x06,0x02,0x00,
	0xd0,0x09,0x00,0x00,0x80,0x06,0x02,0x00,0x3e,0x3e,0x00,0x00,
	0x82,0x06,0x02,0x00,0x3e,0x02,0x00,0x00,0x00,0x07,0x02,0x00,
	0x3c,0x00,0x00,0x00,0x84,0x06,0x02,0x00,0x12,0x02,0x00,0x00,
	0x60,0x01,0x04,0x00,0x03,0x00,0x01,0x00,0x64,0x01,0x02,0x00,
	0xc0,0x00,0x00,0x00,0x60,0x01,0x04,0x00,0x03,0x00,0x01,0x00,
	0x66,0x01,0x02,0x00,0x0a,0x00,0x00,0x00,0x60,0x01,0x04,0x00,
	0x04,0x00,0x01,0x00,0x64,0x01,0x02,0x00,0x14,0x00,0x00,0x00,
	0x60,0x01,0x04,0x00,0x07,0x00,0x01,0x00,0x64,0x01,0x02,0x00,
	0x83,0x01,0x00,0x00,0x60,0x01,0x04,0x00,0x25,0x00,0x01,0x00,
	0x64,0x01,0x02,0x00,0xf4,0x01,0x00,0x00,0x60,0x01,0x04,0x00,
	0x3b,0x05,0x01,0x00,0x66,0x01,0x02,0x00,0x10,0x04,0x00,0x00,
	0x60,0x01,0x04,0x00,0x3c,0x05,0x01,0x00,0x64,0x01,0x02,0x00,
	0x01,0x00,0x00,0x00,0x60,0x01,0x04,0x00,0xff,0x01,0x01,0x00,
	0x64,0x01,0x02,0x00,0x3c,0x00,0x00,0x00,0x60,0x01,0x04,0x00,
	0x04,0x02,0x01,0x00,0x64,0x01,0x02,0x00,0x34,0x00,0x00,0x00,
	0x60,0x01,0x04,0x00,0x09,0x02,0x01,0x00,0x64,0x01,0x02,0x00,
	0x30,0x00,0x00,0x00,0x60,0x01,0x04,0x00,0x0e,0x02,0x01,0x00,
	0x64,0x01,0x02,0x00,0x2c,0x00,0x00,0x00,0x60,0x01,0x04,0x00,
	0x13,0x02,0x01,0x00,0x64,0x01,0x02,0x00,0x2c,0x00,0x00,0x00,
	0x60,0x01,0x04,0x00,0x18,0x02,0x01,0x00,0x64,0x01,0x02,0x00,
	0x28,0x00,0x00,0x00,0x60,0x01,0x04,0x00,0x1d,0x02,0x01,0x00,
	0x64,0x01,0x02,0x00,0x28,0x00,0x00,0x00,0x60,0x01,0x04,0x00,
	0x22,0x02,0x01,0x00,0x64,0x01,0x02,0x00,0x28,0x00,0x00,0x00,
	0xff,0xff,0x00,0x00,0x00,0x00,0x00,0x00,0x60,0x01,0x04,0x00,
	0x05,0x00,0x01,0x03,0x64,0x01,0x04,0x00,0x00,0x00,0x18,0x00,
	0x24,0x01,0x04,0x00,0x04,0x00,0x00,0x00,0x28,0x01,0x04,0x00,
	0x00,0x00,0x00,0x00,0x2c,0x01,0x04,0x00,0x00,0x00,0x00,0x00,
	0x30,0x01,0x04,0x00,0x00,0x00,0x00,0x00,0x34,0x01,0x04,0x00,
	0x0a,0x04,0x70,0x00,0x34,0x01,0x04,0x00,0xef,0xbe,0xd4,0x00,
	0x34,0x01,0x04,0x00,0x05,0x00,0x00,0xff,0x34,0x01,0x04,0x00,
	0x01,0xff,0x02,0xff,0x30,0x01,0x04,0x00,0x18,0x00,0x00,0x00,
	0x34,0x01,0x04,0x00,0x0a,0x04,0xe0,0x00,0x34,0x01,0x04,0x00,
	0xef,0xbe,0x48,0x00,0x34,0x01,0x04,0x00,0x05,0x00,0x00,0xff,
	0x34,0x01,0x04,0x00,0x01,0xff,0x02,0xff,0x34,0x01,0x04,0x00,
	0x00,0x10,0x18,0x01,0x34,0x01,0x04,0x00,0x02,0x03,0x00,0x10,
	0x34,0x01,0x04,0x00,0x18,0xf1,0xf2,0xf3,0x34,0x01,0x04,0x00,
	0xbb,0xcc,0x00,0x00,0x30,0x01,0x04,0x00,0x38,0x00,0x00,0x00,
	0x34,0x01,0x04,0x00,0x00,0x00,0x00,0x00,0x30,0x01,0x04,0x00,
	0x58,0x00,0x00,0x00,0x34,0x01,0x04,0x00,0x00,0x00,0x00,0x00,
	0x30,0x01,0x04,0x00,0x38,0x00,0x00,0x00,0x34,0x01,0x04,0x00,
	0x0f,0x20,0x00,0x07,0x34,0x01,0x04,0x00,0x00,0x00,0x94,0x00,
	0x34,0x01,0x04,0x00,0x00,0x00,0x00,0x90,0x34,0x01,0x04,0x00,
	0x74,0x75,0x76,0x77,0x34,0x01,0x04,0x00,0x00,0x00,0x00,0x00,
	0x34,0x01,0x04,0x00,0x00,0x00,0x05,0x00,0x34,0x01,0x04,0x00,
	0xff,0xff,0xff,0xff,0x30,0x01,0x04,0x00,0x68,0x02,0x00,0x00,
	0x34,0x01,0x04,0x00,0x6e,0x84,0x33,0x00,0x34,0x01,0x04,0x00,
	0xdc,0xba,0x50,0x00,0x34,0x01,0x04,0x00,0xd4,0x00,0x00,0xab,
	0x34,0x01,0x04,0x00,0xba,0xda,0xba,0xda,0x34,0x01,0x04,0x00,
	0x00,0x10,0x18,0xf1,0x34,0x01,0x04,0x00,0xf2,0xf3,0x00,0x10,
	0x34,0x01,0x04,0x00,0x18,0xf1,0xf2,0xf3,0x34,0x01,0x04,0x00,
	0x10,0x00,0x00,0x00,0x34,0x01,0x04,0x00,0x00,0x00,0x00,0x00,
	0x34,0x01,0x04,0x00,0x00,0x00,0x0a,0x00,0x34,0x01,0x04,0x00,
	0x01,0x00,0x00,0x0e,0x34,0x01,0x04,0x00,0x42,0x52,0x43,0x4d,
	0x34,0x01,0x04,0x00,0x5f,0x54,0x45,0x53,0x34,0x01,0x04,0x00,
	0x54,0x5f,0x53,0x53,0x34,0x01,0x04,0x00,0x49,0x44,0x01,0x04,
	0x34,0x01,0x04,0x00,0x82,0x84,0x8b,0x96,0x34,0x01,0x04,0x00,
	0x03,0x01,0x01,0x06,0x34,0x01,0x04,0x00,0x02,0x00,0x00,0x00,
	0x30,0x01,0x04,0x00,0x68,0x00,0x00,0x00,0x34,0x01,0x04,0x00,
	0x0a,0x04,0x28,0x02,0x34,0x01,0x04,0x00,0xdc,0xba,0x80,0x00,
	0x34,0x01,0x04,0x00,0x00,0x00,0xff,0xff,0x34,0x01,0x04,0x00,
	0xff,0xff,0xff,0xff,0x34,0x01,0x04,0x00,0x00,0x10,0x18,0xf1,
	0x34,0x01,0x04,0x00,0xf2,0xf3,0x00,0x10,0x34,0x01,0x04,0x00,
	0x18,0xf1,0xf2,0xf3,0x34,0x01,0x04,0x00,0xd0,0xaf,0x00,0x00,
	0x34,0x01,0x04,0x00,0x00,0x00,0x00,0x00,0x34,0x01,0x04,0x00,
	0x00,0x00,0x00,0x01,0x34,0x01,0x04,0x00,0x02,0x00,0x00,0x0e,
	0x34,0x01,0x04,0x00,0x42,0x52,0x43,0x4d,0x34,0x01,0x04,0x00,
	0x5f,0x54,0x45,0x53,0x34,0x01,0x04,0x00,0x54,0x5f,0x53,0x53,
	0x34,0x01,0x04,0x00,0x49,0x44,0x01,0x04,0x34,0x01,0x04,0x00,
	0x82,0x84,0x8b,0x96,0x34,0x01,0x04,0x00,0x03,0x01,0x01,0x06,
	0x34,0x01,0x04,0x00,0x02,0x01,0x00,0x00,0x30,0x01,0x04,0x00,
	0x68,0x04,0x00,0x00,0x34,0x01,0x04,0x00,0x0a,0x04,0x28,0x02,
	0x34,0x01,0x04,0x00,0xdc,0xba,0x80,0x00,0x34,0x01,0x04,0x00,
	0x00,0x00,0xff,0xff,0x34,0x01,0x04,0x00,0xff,0xff,0xff,0xff,
	0x34,0x01,0x04,0x00,0x00,0x10,0x18,0xf1,0x34,0x01,0x04,0x00,
	0xf2,0xf3,0x00,0x10,0x34,0x01,0x04,0x00,0x18,0xf1,0xf2,0xf3,
	0x34,0x01,0x04,0x00,0xd0,0xaf,0x00,0x00,0x34,0x01,0x04,0x00,
	0x00,0x00,0x00,0x00,0x34,0x01,0x04,0x00,0x00,0x00,0x00,0x01,
	0x34,0x01,0x04,0x00,0x02,0x00,0x00,0x0e,0x34,0x01,0x04,0x00,
	0x42,0x52,0x43,0x4d,0x34,0x01,0x04,0x00,0x5f,0x54,0x45,0x53,
	0x34,0x01,0x04,0x00,0x54,0x5f,0x53,0x53,0x34,0x01,0x04,0x00,
	0x49,0x44,0x01,0x04,0x34,0x01,0x04,0x00,0x82,0x84,0x8b,0x96,
	0x34,0x01,0x04,0x00,0x03,0x01,0x01,0x06,0x34,0x01,0x04,0x00,
	0x02,0x01,0x00,0x00,0x00,0x01,0x04,0x00,0x00,0x00,0x00,0x01,
	0x90,0x04,0x02,0x00,0x00,0x00,0x00,0x00,0xa0,0x04,0x02,0x00,
	0xf1,0xf3,0x00,0x00,0xb0,0x04,0x02,0x00,0xef,0xfd,0x00,0x00,
	0xa8,0x04,0x02,0x00,0xff,0xff,0x00,0x00,0xa8,0x04,0x02,0x00,
	0x00,0x00,0x00,0x00,0xaa,0x04,0x02,0x00,0x00,0x00,0x00,0x00,
	0xa4,0x04,0x02,0x00,0xcf,0x1a,0x00,0x00,0xac,0x04,0x02,0x00,
	0x00,0x00,0x00,0x00,0xbc,0x04,0x02,0x00,0x00,0x00,0x00,0x00,
	0xa6,0x04,0x02,0x00,0xd7,0x02,0x00,0x00,0xb6,0x04,0x02,0x00,
	0xff,0xfd,0x00,0x00,0xae,0x04,0x02,0x00,0xff,0xff,0x00,0x00,
	0x06,0x04,0x02,0x00,0x01,0x00,0x00,0x00,0x06,0x04,0x02,0x00,
	0x00,0x00,0x00,0x00,0x0c,0x04,0x02,0x00,0x18,0x00,0x00,0x00,
	0x06,0x04,0x02,0x00,0x00,0x00,0x00,0x00,0x48,0x04,0x02,0x00,
	0x00,0x0c,0x00,0x00,0x02,0x04,0x02,0x00,0xbc,0x06,0x00,0x00,
	0x02,0x05,0x02,0x00,0x00,0x00,0x00,0x00,0x00,0x05,0x02,0x00,
	0x00,0x40,0x00,0x00,0x02,0x05,0x02,0x00,0x04,0x00,0x00,0x00,
	0x00,0x05,0x02,0x00,0x00,0x40,0x00,0x00,0x02,0x05,0x02,0x00,
	0x08,0x00,0x00,0x00,0x00,0x05,0x02,0x00,0x00,0x40,0x00,0x00,
	0x02,0x05,0x02,0x00,0x0c,0x00,0x00,0x00,0x00,0x05,0x02,0x00,
	0x00,0x40,0x00,0x00,0x02,0x05,0x02,0x00,0xc0,0x00,0x00,0x00,
	0x80,0x05,0x02,0x00,0xff,0xff,0x00,0x00,0x82,0x05,0x02,0x00,
	0xff,0xff,0x00,0x00,0x84,0x05,0x02,0x00,0xff,0xff,0x00,0x00,
	0x86,0x05,0x02,0x00,0xff,0xff,0x00,0x00,0x88,0x05,0x02,0x00,
	0xff,0xff,0x00,0x00,0x9c,0x05,0x02,0x00,0xf0,0xff,0x00,0x00,
	0x40,0x05,0x02,0x00,0x00,0x80,0x00,0x00,0x20,0x05,0x02,0x00,
	0x06,0x0f,0x00,0x00,0x40,0x05,0x02,0x00,0x00,0x80,0x00,0x00,
	0x40,0x05,0x02,0x00,0x00,0x81,0x00,0x00,0x20,0x05,0x02,0x00,
	0x10,0x1d,0x00,0x00,0x40,0x05,0x02,0x00,0x00,0x81,0x00,0x00,
	0x40,0x05,0x02,0x00,0x00,0x82,0x00,0x00,0x20,0x05,0x02,0x00,
	0x1e,0x28,0x00,0x00,0x40,0x05,0x02,0x00,0x00,0x82,0x00,0x00,
	0x40,0x05,0x02,0x00,0x00,0x83,0x00,0x00,0x20,0x05,0x02,0x00,
	0x29,0x31,0x00,0x00,0x40,0x05,0x02,0x00,0x00,0x83,0x00,0x00,
	0x40,0x05,0x02,0x00,0x00,0x84,0x00,0x00,0x20,0x05,0x02,0x00,
	0x32,0x3f,0x00,0x00,0x40,0x05,0x02,0x00,0x00,0x84,0x00,0x00,
	0x40,0x05,0x02,0x00,0x00,0x85,0x00,0x00,0x20,0x05,0x02,0x00,
	0x40,0x41,0x00,0x00,0x40,0x05,0x02,0x00,0x00,0x85,0x00,0x00,
	0x12,0x06,0x02,0x00,0x01,0x00,0x00,0x00,0x2e,0x06,0x02,0x00,
	0xcd,0xcc,0x00,0x00,0x30,0x06,0x02,0x00,0x0c,0x00,0x00,0x00,
	0x00,0x06,0x02,0x00,0x04,0x80,0x00,0x00,0x96,0x06,0x02,0x00,
	0x08,0x00,0x00,0x00,0x9a,0x06,0x02,0x00,0xe4,0x00,0x00,0x00,
	0x88,0x06,0x02,0x00,0x00,0x00,0x00,0x00,0x9c,0x06,0x02,0x00,
	0x02,0x00,0x00,0x00,0x88,0x06,0x02,0x00,0x00,0x10,0x00,0x00,
	0x9c,0x06,0x02,0x00,0x02,0x00,0x00,0x00,0x88,0x06,0x02,0x00,
	0x00,0x20,0x00,0x00,0x9c,0x06,0x02,0x00,0x02,0x00,0x00,0x00,
	0x88,0x06,0x02,0x00,0x00,0x30,0x00,0x00,0x9c,0x06,0x02,0x00,
	0x02,0x00,0x00,0x00,0x88,0x06,0x02,0x00,0x0b,0x0f,0x00,0x00,
	0x9e,0x06,0x02,0x00,0x07,0x00,0x00,0x00,0x10,0x05,0x02,0x00,
	0x0b,0x00,0x00,0x00,0x50,0x04,0x02,0x00,0x01,0x4e,0x00,0x00,
	0x52,0x04,0x02,0x00,0x5b,0x01,0x00,0x00,0xe4,0x04,0x02,0x00,
	0x90,0x00,0x00,0x00,0x54,0x05,0x02,0x00,0xff,0x3f,0x00,0x00,
	0x60,0x01,0x04,0x00,0x04,0x00,0x01,0x03,0x64,0x01,0x04,0x00,
	0x00,0x00,0x00,0x00,0x64,0x01,0x04,0x00,0x80,0x00,0x00,0x00,
	0x64,0x01,0x04,0x00,0x47,0x00,0x47,0x00,0x64,0x01,0x04,0x00,
	0x00,0x00,0x64,0x00,0x64,0x01,0x04,0x00,0x30,0x09,0x40,0x00,
	0x60,0x01,0x04,0x00,0x0d,0x00,0x01,0x03,0x64,0x01,0x04,0x00,
	0x02,0x00,0x02,0x00,0x64,0x01,0x04,0x00,0x01,0x00,0x04,0x00,
	0x64,0x01,0x04,0x00,0x05,0x00,0x00,0x00,0x60,0x01,0x04,0x00,
	0x11,0x00,0x01,0x03,0x64,0x01,0x04,0x00,0x64,0x00,0x64,0x00,
	0x64,0x01,0x04,0x00,0x0e,0x00,0x47,0x00,0x64,0x01,0x04,0x00,
	0x00,0x05,0x00,0x00,0x60,0x01,0x04,0x00,0x15,0x00,0x01,0x03,
	0x64,0x01,0x04,0x00,0x00,0x00,0x40,0x07,0x64,0x01,0x04,0x00,
	0xff,0xff,0xff,0xff,0x64,0x01,0x04,0x00,0x0a,0x00,0x00,0x00,
	0x60,0x01,0x04,0x00,0x1d,0x00,0x01,0x03,0x64,0x01,0x04,0x00,
	0x10,0x27,0x00,0x00,0x60,0x01,0x04,0x00,0x20,0x00,0x01,0x03,
	0x64,0x01,0x04,0x00,0x06,0x00,0x10,0x27,0x60,0x01,0x04,0x00,
	0x24,0x00,0x01,0x03,0x64,0x01,0x04,0x00,0x00,0x00,0xbc,0x09,
	0x64,0x01,0x04,0x00,0x00,0x00,0x32,0x00,0x64,0x01,0x04,0x00,
	0x0a,0x0e,0x0b,0x09,0x64,0x01,0x04,0x00,0x0e,0x02,0x00,0x00,
	0x64,0x01,0x04,0x00,0x00,0x00,0x50,0x09,0x64,0x01,0x04,0x00,
	0x00,0x00,0x3f,0x01,0x64,0x01,0x04,0x00,0xff,0xff,0x00,0x0c,
	0x64,0x01,0x04,0x00,0x76,0x04,0x42,0x7b,0x64,0x01,0x04,0x00,
	0x02,0x00,0xf0,0x08,0x60,0x01,0x04,0x00,0x2e,0x00,0x01,0x03,
	0x64,0x01,0x04,0x00,0x00,0x00,0x00,0x80,0x60,0x01,0x04,0x00,
	0x32,0x00,0x01,0x03,0x64,0x01,0x04,0x00,0x00,0x00,0x7c,0x0a,
	0x60,0x01,0x04,0x00,0x34,0x00,0x01,0x03,0x64,0x01,0x04,0x00,
	0x00,0x00,0xb4,0x03,0x60,0x01,0x04,0x00,0x58,0x00,0x01,0x03,
	0x64,0x01,0x04,0x00,0x42,0x52,0x43,0x4d,0x64,0x01,0x04,0x00,
	0x5f,0x54,0x45,0x53,0x64,0x01,0x04,0x00,0x54,0x5f,0x53,0x53,
	0x64,0x01,0x04,0x00,0x49,0x44,0x00,0x00,0x60,0x01,0x04,0x00,
	0x60,0x00,0x01,0x03,0x64,0x01,0x04,0x00,0x39,0x00,0x00,0x00,
	0x64,0x01,0x04,0x00,0x50,0x00,0x00,0x00,0x64,0x01,0x04,0x00,
	0xc0,0x00,0x00,0x00,0x60,0x01,0x04,0x00,0x70,0x00,0x01,0x03,
	0x64,0x01,0x04,0x00,0xfa,0x03,0xfa,0x03,0x64,0x01,0x04,0x00,
	0xfa,0x03,0xfa,0x03,0x64,0x01,0x04,0x00,0xfa,0x03,0xfa,0x03,
	0x64,0x01,0x04,0x00,0xfa,0x03,0xfa,0x03,0x64,0x01,0x04,0x00,
	0x36,0x04,0x22,0x04,0x64,0x01,0x04,0x00,0x0e,0x04,0xfa,0x03,
	0x64,0x01,0x04,0x00,0x40,0x04,0x2c,0x04,0x64,0x01,0x04,0x00,
	0x18,0x04,0x04,0x04,0x64,0x01,0x04,0x00,0xfa,0x03,0xfa,0x03,
	0x64,0x01,0x04,0x00,0xfa,0x03,0xfa,0x03,0x64,0x01,0x04,0x00,
	0xfa,0x03,0xfa,0x03,0x64,0x01,0x04,0x00,0xfa,0x03,0xfa,0x03,
	0x64,0x01,0x04,0x00,0x36,0x04,0x22,0x04,0x64,0x01,0x04,0x00,
	0x0e,0x04,0xfa,0x03,0x64,0x01,0x04,0x00,0x40,0x04,0x2c,0x04,
	0x64,0x01,0x04,0x00,0x18,0x04,0x04,0x04,0x64,0x01,0x04,0x00,
	0x4a,0x04,0x4a,0x04,0x64,0x01,0x04,0x00,0x4a,0x04,0x4a,0x04,
	0x64,0x01,0x04,0x00,0x55,0x04,0x4a,0x04,0x64,0x01,0x04,0x00,
	0x4a,0x04,0x60,0x04,0x64,0x01,0x04,0x00,0x4a,0x04,0x4a,0x04,
	0x64,0x01,0x04,0x00,0x4a,0x04,0x4a,0x04,0x64,0x01,0x04,0x00,
	0x4a,0x04,0x4a,0x04,0x64,0x01,0x04,0x00,0x6b,0x04,0x4a,0x04,
	0x64,0x01,0x04,0x00,0x4a,0x04,0x4a,0x04,0x64,0x01,0x04,0x00,
	0x4a,0x04,0x4a,0x04,0x64,0x01,0x04,0x00,0x55,0x04,0x4a,0x04,
	0x64,0x01,0x04,0x00,0x4a,0x04,0x60,0x04,0x64,0x01,0x04,0x00,
	0x4a,0x04,0x4a,0x04,0x64,0x01,0x04,0x00,0x4a,0x04,0x4a,0x04,
	0x64,0x01,0x04,0x00,0x4a,0x04,0x4a,0x04,0x64,0x01,0x04,0x00,
	0x6b,0x04,0x4a,0x04,0x64,0x01,0x04,0x00,0x00,0x00,0x1f,0x00,
	0x64,0x01,0x04,0x00,0xff,0x03,0x1f,0x00,0x64,0x01,0x04,0x00,
	0x02,0x00,0x00,0x00,0x64,0x01,0x04,0x00,0x02,0x00,0x00,0x00,
	0x60,0x01,0x04,0x00,0x98,0x00,0x01,0x03,0x64,0x01,0x04,0x00,
	0x00,0x00,0x1f,0x00,0x64,0x01,0x04,0x00,0xff,0x03,0x1f,0x00,
	0x64,0x01,0x04,0x00,0x01,0x00,0x00,0x00,0x64,0x01,0x04,0x00,
	0x01,0x00,0x00,0x00,0x60,0x01,0x04,0x00,0xa0,0x00,0x01,0x03,
	0x64,0x01,0x04,0x00,0x00,0x00,0x1f,0x00,0x64,0x01,0x04,0x00,
	0xff,0x03,0x1f,0x00,0x64,0x01,0x04,0x00,0x01,0x00,0x00,0x00,
	0x64,0x01,0x04,0x00,0x01,0x00,0x00,0x00,0x60,0x01,0x04,0x00,
	0xa8,0x00,0x01,0x03,0x64,0x01,0x04,0x00,0x00,0x00,0x1f,0x00,
	0x64,0x01,0x04,0x00,0xff,0x03,0x1f,0x00,0x64,0x01,0x04,0x00,
	0x01,0x00,0x00,0x00,0x64,0x01,0x04,0x00,0x01,0x00,0x00,0x00,
	0x60,0x01,0x04,0x00,0xc0,0x00,0x01,0x03,0x64,0x01,0x04,0x00,
	0x37,0x24,0x37,0x24,0x64,0x01,0x04,0x00,0x37,0x24,0x37,0x24,
	0x60,0x01,0x04,0x00,0x92,0x01,0x01,0x03,0x64,0x01,0x04,0x00,
	0x8e,0x04,0x00,0x00,0x64,0x01,0x04,0x00,0x0f,0x00,0x00,0x00,
	0x60,0x01,0x04,0x00,0xa0,0x01,0x01,0x03,0x64,0x01,0x04,0x00,
	0xff,0xff,0xff,0xff,0x64,0x01,0x04,0x00,0xff,0xff,0xff,0xff,
	0x64,0x01,0x04,0x00,0xff,0xff,0xff,0xff,0x64,0x01,0x04,0x00,
	0xff,0xff,0xff,0xff,0x64,0x01,0x04,0x00,0xff,0xff,0xff,0xff,
	0x64,0x01,0x04,0x00,0xff,0xff,0xff,0xff,0x64,0x01,0x04,0x00,
	0xff,0xff,0xff,0xff,0x64,0x01,0x04,0x00,0xff,0xff,0xff,0xff,
	0x60,0x01,0x04,0x00,0xd9,0x01,0x01,0x03,0x64,0x01,0x04,0x00,
	0x00,0x00,0x03,0x00,0x60,0x01,0x04,0x00,0xfd,0x01,0x01,0x03,
	0x64,0x01,0x04,0x00,0x20,0x00,0xcb,0x01,0x64,0x01,0x04,0x00,
	0x00,0x00,0x54,0x00,0x64,0x01,0x04,0x00,0x00,0x00,0xab,0x08,
	0x64,0x01,0x04,0x00,0x00,0x00,0x10,0x04,0x64,0x01,0x04,0x00,
	0x84,0x00,0x02,0x00,0x64,0x01,0x04,0x00,0x14,0x00,0xcf,0x01,
	0x64,0x01,0x04,0x00,0x02,0x00,0x44,0x00,0x64,0x01,0x04,0x00,
	0x00,0x00,0xaf,0x08,0x64,0x01,0x04,0x00,0x02,0x00,0x10,0x04,
	0x64,0x01,0x04,0x00,0x64,0x00,0x02,0x02,0x64,0x01,0x04,0x00,
	0x10,0x00,0xca,0x01,0x64,0x01,0x04,0x00,0x02,0x00,0x3c,0x00,
	0x64,0x01,0x04,0x00,0x00,0x00,0xaa,0x08,0x64,0x01,0x04,0x00,
	0x02,0x00,0x10,0x04,0x64,0x01,0x04,0x00,0x54,0x00,0x02,0x08,
	0x64,0x01,0x04,0x00,0x08,0x00,0xce,0x01,0x64,0x01,0x04,0x00,
	0x00,0x00,0x34,0x00,0x64,0x01,0x04,0x00,0x00,0x00,0xae,0x08,
	0x64,0x01,0x04,0x00,0x00,0x00,0x10,0x04,0x64,0x01,0x04,0x00,
	0x44,0x00,0x02,0x0a,0x64,0x01,0x04,0x00,0x08,0x00,0xc9,0x01,
	0x64,0x01,0x04,0x00,0x02,0x00,0x30,0x00,0x64,0x01,0x04,0x00,
	0x00,0x00,0xa9,0x08,0x64,0x01,0x04,0x00,0x02,0x00,0x10,0x04,
	0x64,0x01,0x04,0x00,0x3c,0x00,0x02,0x10,0x64,0x01,0x04,0x00,
	0x04,0x00,0xcd,0x01,0x64,0x01,0x04,0x00,0x00,0x00,0x2c,0x00,
	0x64,0x01,0x04,0x00,0x00,0x00,0xad,0x08,0x64,0x01,0x04,0x00,
	0x00,0x00,0x10,0x04,0x64,0x01,0x04,0x00,0x34,0x00,0x02,0x12,
	0x64,0x01,0x04,0x00,0x04,0x00,0xc8,0x01,0x64,0x01,0x04,0x00,
	0x00,0x00,0x2c,0x00,0x64,0x01,0x04,0x00,0x00,0x00,0xa8,0x08,
	0x64,0x01,0x04,0x00,0x00,0x00,0x10,0x04,0x64,0x01,0x04,0x00,
	0x30,0x00,0x02,0x19,0x64,0x01,0x04,0x00,0x00,0x00,0xcc,0x01,
	0x64,0x01,0x04,0x00,0x02,0x00,0x2c,0x00,0x64,0x01,0x04,0x00,
	0x00,0x00,0xac,0x08,0x64,0x01,0x04,0x00,0x02,0x00,0x10,0x04,
	0x64,0x01,0x04,0x00,0x30,0x00,0x02,0x1a,0x64,0x01,0x04,0x00,
	0xc0,0x00,0x0a,0x04,0x64,0x01,0x04,0x00,0x70,0x00,0x00,0x00,
	0x64,0x01,0x04,0x00,0x3a,0x01,0x0a,0x04,0x64,0x01,0x04,0x00,
	0x28,0x02,0x2c,0xc0,0x64,0x01,0x04,0x00,0xf2,0x02,0x0a,0x04,
	0x64,0x01,0x04,0x00,0x00,0x01,0x60,0x00,0x64,0x01,0x04,0x00,
	0x14,0x04,0x38,0x00,0x64,0x01,0x04,0x00,0x00,0x00,0x02,0x01,
	0x64,0x01,0x04,0x00,0x14,0x04,0x14,0x01,0x64,0x01,0x04,0x00,
	0x2c,0xc0,0xde,0x01,0x64,0x01,0x04,0x00,0x14,0x04,0x80,0x00,
	0x64,0x01,0x04,0x00,0x22,0x00,0x37,0x04,0x64,0x01,0x04,0x00,
	0x15,0x00,0x00,0x00,0x64,0x01,0x04,0x00,0xdf,0x00,0x37,0x04,
	0x64,0x01,0x04,0x00,0x65,0x00,0x2c,0xc0,0x64,0x01,0x04,0x00,
	0x2e,0x01,0x37,0x04,0x64,0x01,0x04,0x00,0x2f,0x00,0x11,0x00,
	0x64,0x01,0x04,0x00,0x6e,0x84,0x0b,0x00,0x64,0x01,0x04,0x00,
	0x00,0x00,0xd4,0x00,0x64,0x01,0x04,0x00,0x6e,0x84,0x33,0x00,
	0x64,0x01,0x04,0x00,0x2c,0xc0,0xfc,0x00,0x64,0x01,0x04,0x00,
	0x6e,0x84,0x18,0x00,0x64,0x01,0x04,0x00,0x02,0x00,0x8a,0x9d,
	0x64,0x01,0x04,0x00,0xfb,0x00,0x02,0x08,0x64,0x01,0x04,0x00,
	0xc5,0x4e,0xfa,0x00,0x64,0x01,0x04,0x00,0x02,0x0a,0x83,0x34,
	0x64,0x01,0x04,0x00,0xfe,0x00,0x02,0x10,0x64,0x01,0x04,0x00,
	0x62,0x27,0xf9,0x00,0x64,0x01,0x04,0x00,0x02,0x12,0x42,0x1a,
	0x64,0x01,0x04,0x00,0xfd,0x00,0x02,0x19,0x64,0x01,0x04,0x00,
	0xb1,0x13,0xf8,0x00,0x64,0x01,0x04,0x00,0x02,0x1a,0x81,0x11,
	0x64,0x01,0x04,0x00,0xfc,0x00,0x02,0x1c,0x64,0x01,0x04,0x00,
	0xc1,0x0f,0xfc,0x00,0x60,0x01,0x04,0x00,0x49,0x03,0x01,0x03,
	0x64,0x01,0x04,0x00,0x05,0x00,0x00,0x00,0x60,0x01,0x04,0x00,
	0x8b,0x03,0x01,0x03,0x64,0x01,0x04,0x00,0x07,0x02,0x00,0x00,
	0x60,0x01,0x04,0x00,0x93,0x03,0x01,0x03,0x64,0x01,0x04,0x00,
	0x00,0x00,0x01,0x00,0x60,0x01,0x04,0x00,0x95,0x03,0x01,0x03,
	0x64,0x01,0x04,0x00,0x00,0x00,0x0c,0x00,0x60,0x01,0x04,0x00,
	0xdc,0x04,0x01,0x03,0x64,0x01,0x04,0x00,0x00,0x00,0x18,0x00,
	0x60,0x01,0x04,0x00,0xde,0x04,0x01,0x03,0x64,0x01,0x04,0x00,
	0xb8,0x0b,0x98,0x3a,0x64,0x01,0x04,0x00,0xa6,0x0e,0x64,0x00,
	0x64,0x01,0x04,0x00,0x00,0x00,0xf4,0x01,0x64,0x01,0x04,0x00,
	0x41,0x00,0x00,0x00,0x64,0x01,0x04,0x00,0xa8,0x61,0x98,0x3a,
	0x64,0x01,0x04,0x00,0x30,0x75,0x1e,0x00,0x60,0x01,0x04,0x00,
	0xe6,0x04,0x01,0x03,0x64,0x01,0x04,0x00,0x50,0xc3,0x00,0x00,
	0x60,0x01,0x04,0x00,0xe8,0x04,0x01,0x03,0x64,0x01,0x04,0x00,
	0x00,0x00,0x14,0x05,0x64,0x01,0x04,0x00,0xe2,0x04,0x00,0x00,
	0x60,0x01,0x04,0x00,0xec,0x04,0x01,0x03,0x64,0x01,0x04,0x00,
	0x20,0x4e,0x00,0x00,0x64,0x01,0x04,0x00,0x00,0x00,0x0f,0x00,
	0x64,0x01,0x04,0x00,0xf4,0x01,0x04,0x00,0x60,0x01,0x04,0x00,
	0xf2,0x04,0x01,0x03,0x64,0x01,0x04,0x00,0x01,0x00,0x13,0x00,
	0x64,0x01,0x04,0x00,0x00,0x00,0x03,0x00,0x64,0x01,0x04,0x00,
	0x01,0x00,0x07,0x00,0x64,0x01,0x04,0x00,0xc8,0xaf,0x00,0x00,
	0x64,0x01,0x04,0x00,0x88,0x13,0x00,0x00,0x64,0x01,0x04,0x00,
	0x2c,0x17,0x0f,0x00,0x60,0x01,0x04,0x00,0xf9,0x04,0x01,0x03,
	0x64,0x01,0x04,0x00,0x00,0x00,0x2c,0x01,0x64,0x01,0x04,0x00,
	0x00,0x00,0xa0,0x0f,0x60,0x01,0x04,0x00,0xfc,0x04,0x01,0x03,
	0x64,0x01,0x04,0x00,0x00,0x00,0x03,0x00,0x64,0x01,0x04,0x00,
	0x00,0x00,0x2c,0x01,0x64,0x01,0x04,0x00,0xc0,0x00,0x00,0x00,
	0x64,0x01,0x04,0x00,0x88,0x13,0x00,0x00,0x64,0x01,0x04,0x00,
	0x90,0x01,0x00,0x00,0x64,0x01,0x04,0x00,0xdc,0x05,0x40,0x1f,
	0x64,0x01,0x04,0x00,0x00,0x00,0x46,0x00,0x64,0x01,0x04,0x00,
	0x50,0x00,0x00,0x00,0x64,0x01,0x04,0x00,0x02,0x00,0x00,0x00,
	0x60,0x01,0x04,0x00,0x3a,0x05,0x01,0x03,0x64,0x01,0x04,0x00,
	0xbe,0x00,0x00,0x00,0x60,0x01,0x04,0x00,0x56,0x05,0x01,0x03,
	0x64,0x01,0x04,0x00,0x10,0x27,0x00,0x00,0x64,0x01,0x04,0x00,
	0x10,0x11,0x11,0x11,0x64,0x01,0x04,0x00,0x11,0x11,0x22,0x02,
	0x60,0x01,0x04,0x00,0x03,0x00,0x02,0x00,0x64,0x01,0x04,0x00,
	0x1f,0x00,0x00,0x00,0x60,0x01,0x04,0x00,0x04,0x00,0x02,0x00,
	0x64,0x01,0x04,0x00,0xff,0x03,0x00,0x00,0x60,0x01,0x04,0x00,
	0x05,0x00,0x02,0x00,0x64,0x01,0x04,0x00,0x1f,0x00,0x00,0x00,
	0x60,0x01,0x04,0x00,0x06,0x00,0x02,0x00,0x64,0x01,0x04,0x00,
	0x07,0x00,0x00,0x00,0x60,0x01,0x04,0x00,0x07,0x00,0x02,0x00,
	0x64,0x01,0x04,0x00,0x04,0x00,0x00,0x00,0x60,0x01,0x04,0x00,
	0x08,0x00,0x02,0x00,0x64,0x01,0x04,0x00,0xff,0xff,0x00,0x00,
	0x60,0x01,0x04,0x00,0x09,0x00,0x02,0x00,0x64,0x01,0x04,0x00,
	0x00,0x00,0x00,0x00,0x60,0x01,0x04,0x00,0x0a,0x00,0x02,0x00,
	0x64,0x01,0x04,0x00,0x00,0x00,0x00,0x00,0x60,0x01,0x04,0x00,
	0x0b,0x00,0x02,0x00,0x64,0x01,0x04,0x00,0x00,0x00,0x00,0x00,
	0x60,0x01,0x04,0x00,0x0c,0x00,0x02,0x00,0x64,0x01,0x04,0x00,
	0x00,0x00,0x00,0x00,0x60,0x01,0x04,0x00,0x0d,0x00,0x02,0x00,
	0x64,0x01,0x04,0x00,0x00,0x00,0x00,0x00,0x60,0x01,0x04,0x00,
	0x0e,0x00,0x02,0x00,0x64,0x01,0x04,0x00,0x00,0x00,0x00,0x00,
	0x60,0x01,0x04,0x00,0x0f,0x00,0x02,0x00,0x64,0x01,0x04,0x00,
	0x00,0x00,0x00,0x00,0x60,0x01,0x04,0x00,0x10,0x00,0x02,0x00,
	0x64,0x01,0x04,0x00,0x1f,0x00,0x00,0x00,0x60,0x01,0x04,0x00,
	0x11,0x00,0x02,0x00,0x64,0x01,0x04,0x00,0x00,0x00,0x00,0x00,
	0x60,0x01,0x04,0x00,0x12,0x00,0x02,0x00,0x64,0x01,0x04,0x00,
	0x00,0x00,0x00,0x00,0x60,0x01,0x04,0x00,0x13,0x00,0x02,0x00,
	0x64,0x01,0x04,0x00,0x00,0x00,0x00,0x00,0x60,0x01,0x04,0x00,
	0x15,0x00,0x02,0x00,0x64,0x01,0x04,0x00,0x00,0x00,0x00,0x00,
	0x60,0x01,0x04,0x00,0x16,0x00,0x02,0x00,0x64,0x01,0x04,0x00,
	0x00,0x00,0x00,0x00,0xff,0xff,0x00,0x00,0x00,0x00,0x00,0x00,
	0x00,0x00,0x00,0x00,0x00,0x00,0x00,0x00,0x86,0x06,0x02,0x00,
	0xd0,0x09,0x00,0x00,0x80,0x06,0x02,0x00,0x3e,0x3e,0x00,0x00,
	0x82,0x06,0x02,0x00,0x3e,0x02,0x00,0x00,0x00,0x07,0x02,0x00,
	0x3c,0x00,0x00,0x00,0x84,0x06,0x02,0x00,0x12,0x02,0x00,0x00,
	0x60,0x01,0x04,0x00,0x03,0x00,0x01,0x00,0x64,0x01,0x02,0x00,
	0xc0,0x00,0x00,0x00,0x60,0x01,0x04,0x00,0x03,0x00,0x01,0x00,
	0x66,0x01,0x02,0x00,0x0a,0x00,0x00,0x00,0x60,0x01,0x04,0x00,
	0x04,0x00,0x01,0x00,0x64,0x01,0x02,0x00,0x14,0x00,0x00,0x00,
	0x60,0x01,0x04,0x00,0x07,0x00,0x01,0x00,0x64,0x01,0x02,0x00,
	0x83,0x01,0x00,0x00,0x60,0x01,0x04,0x00,0x25,0x00,0x01,0x00,
	0x64,0x01,0x02,0x00,0xf4,0x01,0x00,0x00,0x60,0x01,0x04,0x00,
	0x3b,0x05,0x01,0x00,0x66,0x01,0x02,0x00,0x10,0x04,0x00,0x00,
	0x60,0x01,0x04,0x00,0x3c,0x05,0x01,0x00,0x64,0x01,0x02,0x00,
	0x01,0x00,0x00,0x00,0x60,0x01,0x04,0x00,0xff,0x01,0x01,0x00,
	0x64,0x01,0x02,0x00,0x3c,0x00,0x00,0x00,0x60,0x01,0x04,0x00,
	0x04,0x02,0x01,0x00,0x64,0x01,0x02,0x00,0x34,0x00,0x00,0x00,
	0x60,0x01,0x04,0x00,0x09,0x02,0x01,0x00,0x64,0x01,0x02,0x00,
	0x30,0x00,0x00,0x00,0x60,0x01,0x04,0x00,0x0e,0x02,0x01,0x00,
	0x64,0x01,0x02,0x00,0x2c,0x00,0x00,0x00,0x60,0x01,0x04,0x00,
	0x13,0x02,0x01,0x00,0x64,0x01,0x02,0x00,0x2c,0x00,0x00,0x00,
	0x60,0x01,0x04,0x00,0x18,0x02,0x01,0x00,0x64,0x01,0x02,0x00,
	0x28,0x00,0x00,0x00,0x60,0x01,0x04,0x00,0x1d,0x02,0x01,0x00,
	0x64,0x01,0x02,0x00,0x28,0x00,0x00,0x00,0x60,0x01,0x04,0x00,
	0x22,0x02,0x01,0x00,0x64,0x01,0x02,0x00,0x28,0x00,0x00,0x00,
	0xff,0xff,0x00,0x00,0x00,0x00,0x00,0x00,0x60,0x01,0x04,0x00,
	0x05,0x00,0x01,0x03,0x64,0x01,0x04,0x00,0x00,0x00,0x18,0x00,
	0x24,0x01,0x04,0x00,0x04,0x00,0x00,0x00,0x28,0x01,0x04,0x00,
	0x00,0x00,0x00,0x00,0x2c,0x01,0x04,0x00,0x00,0x00,0x00,0x00,
	0x30,0x01,0x04,0x00,0x00,0x00,0x00,0x00,0x34,0x01,0x04,0x00,
	0x0a,0x04,0x70,0x00,0x34,0x01,0x04,0x00,0xef,0xbe,0xd4,0x00,
	0x34,0x01,0x04,0x00,0x05,0x00,0x00,0xff,0x34,0x01,0x04,0x00,
	0x01,0xff,0x02,0xff,0x30,0x01,0x04,0x00,0x18,0x00,0x00,0x00,
	0x34,0x01,0x04,0x00,0x0a,0x04,0xe0,0x00,0x34,0x01,0x04,0x00,
	0xef,0xbe,0x48,0x00,0x34,0x01,0x04,0x00,0x05,0x00,0x00,0xff,
	0x34,0x01,0x04,0x00,0x01,0xff,0x02,0xff,0x34,0x01,0x04,0x00,
	0x00,0x10,0x18,0x01,0x34,0x01,0x04,0x00,0x02,0x03,0x00,0x10,
	0x34,0x01,0x04,0x00,0x18,0xf1,0xf2,0xf3,0x34,0x01,0x04,0x00,
	0xbb,0xcc,0x00,0x00,0x30,0x01,0x04,0x00,0x38,0x00,0x00,0x00,
	0x34,0x01,0x04,0x00,0x00,0x00,0x00,0x00,0x30,0x01,0x04,0x00,
	0x58,0x00,0x00,0x00,0x34,0x01,0x04,0x00,0x00,0x00,0x00,0x00,
	0x30,0x01,0x04,0x00,0x38,0x00,0x00,0x00,0x34,0x01,0x04,0x00,
	0x0f,0x20,0x00,0x07,0x34,0x01,0x04,0x00,0x00,0x00,0x94,0x00,
	0x34,0x01,0x04,0x00,0x00,0x00,0x00,0x90,0x34,0x01,0x04,0x00,
	0x74,0x75,0x76,0x77,0x34,0x01,0x04,0x00,0x00,0x00,0x00,0x00,
	0x34,0x01,0x04,0x00,0x00,0x00,0x05,0x00,0x34,0x01,0x04,0x00,
	0xff,0xff,0xff,0xff,0x30,0x01,0x04,0x00,0x68,0x02,0x00,0x00,
	0x34,0x01,0x04,0x00,0x6e,0x84,0x33,0x00,0x34,0x01,0x04,0x00,
	0xdc,0xba,0x50,0x00,0x34,0x01,0x04,0x00,0xd4,0x00,0x00,0xab,
	0x34,0x01,0x04,0x00,0xba,0xda,0xba,0xda,0x34,0x01,0x04,0x00,
	0x00,0x10,0x18,0xf1,0x34,0x01,0x04,0x00,0xf2,0xf3,0x00,0x10,
	0x34,0x01,0x04,0x00,0x18,0xf1,0xf2,0xf3,0x34,0x01,0x04,0x00,
	0x10,0x00,0x00,0x00,0x34,0x01,0x04,0x00,0x00,0x00,0x00,0x00,
	0x34,0x01,0x04,0x00,0x00,0x00,0x0a,0x00,0x34,0x01,0x04,0x00,
	0x01,0x00,0x00,0x0e,0x34,0x01,0x04,0x00,0x42,0x52,0x43,0x4d,
	0x34,0x01,0x04,0x00,0x5f,0x54,0x45,0x53,0x34,0x01,0x04,0x00,
	0x54,0x5f,0x53,0x53,0x34,0x01,0x04,0x00,0x49,0x44,0x01,0x04,
	0x34,0x01,0x04,0x00,0x82,0x84,0x8b,0x96,0x34,0x01,0x04,0x00,
	0x03,0x01,0x01,0x06,0x34,0x01,0x04,0x00,0x02,0x00,0x00,0x00,
	0x30,0x01,0x04,0x00,0x68,0x00,0x00,0x00,0x34,0x01,0x04,0x00,
	0x0a,0x04,0x28,0x02,0x34,0x01,0x04,0x00,0xdc,0xba,0x80,0x00,
	0x34,0x01,0x04,0x00,0x00,0x00,0xff,0xff,0x34,0x01,0x04,0x00,
	0xff,0xff,0xff,0xff,0x34,0x01,0x04,0x00,0x00,0x10,0x18,0xf1,
	0x34,0x01,0x04,0x00,0xf2,0xf3,0x00,0x10,0x34,0x01,0x04,0x00,
	0x18,0xf1,0xf2,0xf3,0x34,0x01,0x04,0x00,0xd0,0xaf,0x00,0x00,
	0x34,0x01,0x04,0x00,0x00,0x00,0x00,0x00,0x34,0x01,0x04,0x00,
	0x00,0x00,0x00,0x01,0x34,0x01,0x04,0x00,0x02,0x00,0x00,0x0e,
	0x34,0x01,0x04,0x00,0x42,0x52,0x43,0x4d,0x34,0x01,0x04,0x00,
	0x5f,0x54,0x45,0x53,0x34,0x01,0x04,0x00,0x54,0x5f,0x53,0x53,
	0x34,0x01,0x04,0x00,0x49,0x44,0x01,0x04,0x34,0x01,0x04,0x00,
	0x82,0x84,0x8b,0x96,0x34,0x01,0x04,0x00,0x03,0x01,0x01,0x06,
	0x34,0x01,0x04,0x00,0x02,0x01,0x00,0x00,0x30,0x01,0x04,0x00,
	0x68,0x04,0x00,0x00,0x34,0x01,0x04,0x00,0x0a,0x04,0x28,0x02,
	0x34,0x01,0x04,0x00,0xdc,0xba,0x80,0x00,0x34,0x01,0x04,0x00,
	0x00,0x00,0xff,0xff,0x34,0x01,0x04,0x00,0xff,0xff,0xff,0xff,
	0x34,0x01,0x04,0x00,0x00,0x10,0x18,0xf1,0x34,0x01,0x04,0x00,
	0xf2,0xf3,0x00,0x10,0x34,0x01,0x04,0x00,0x18,0xf1,0xf2,0xf3,
	0x34,0x01,0x04,0x00,0xd0,0xaf,0x00,0x00,0x34,0x01,0x04,0x00,
	0x00,0x00,0x00,0x00,0x34,0x01,0x04,0x00,0x00,0x00,0x00,0x01,
	0x34,0x01,0x04,0x00,0x02,0x00,0x00,0x0e,0x34,0x01,0x04,0x00,
	0x42,0x52,0x43,0x4d,0x34,0x01,0x04,0x00,0x5f,0x54,0x45,0x53,
	0x34,0x01,0x04,0x00,0x54,0x5f,0x53,0x53,0x34,0x01,0x04,0x00,
	0x49,0x44,0x01,0x04,0x34,0x01,0x04,0x00,0x82,0x84,0x8b,0x96,
	0x34,0x01,0x04,0x00,0x03,0x01,0x01,0x06,0x34,0x01,0x04,0x00,
	0x02,0x01,0x00,0x00,0x00,0x01,0x04,0x00,0x00,0x00,0x00,0x01,
	0x90,0x04,0x02,0x00,0x00,0x00,0x00,0x00,0xa0,0x04,0x02,0x00,
	0xf1,0xf3,0x00,0x00,0xb0,0x04,0x02,0x00,0xef,0xfd,0x00,0x00,
	0xa8,0x04,0x02,0x00,0xff,0xff,0x00,0x00,0xa8,0x04,0x02,0x00,
	0x00,0x00,0x00,0x00,0xaa,0x04,0x02,0x00,0x00,0x00,0x00,0x00,
	0xa4,0x04,0x02,0x00,0xcf,0x1a,0x00,0x00,0xac,0x04,0x02,0x00,
	0x00,0x00,0x00,0x00,0xbc,0x04,0x02,0x00,0x00,0x00,0x00,0x00,
	0xa6,0x04,0x02,0x00,0xd7,0x02,0x00,0x00,0xb6,0x04,0x02,0x00,
	0xff,0xfd,0x00,0x00,0xae,0x04,0x02,0x00,0xff,0xff,0x00,0x00,
	0x06,0x04,0x02,0x00,0x01,0x00,0x00,0x00,0x06,0x04,0x02,0x00,
	0x00,0x00,0x00,0x00,0x0c,0x04,0x02,0x00,0x18,0x00,0x00,0x00,
	0x06,0x04,0x02,0x00,0x00,0x00,0x00,0x00,0x48,0x04,0x02,0x00,
	0x00,0x0c,0x00,0x00,0x02,0x04,0x02,0x00,0xbc,0x06,0x00,0x00,
	0x02,0x05,0x02,0x00,0x00,0x00,0x00,0x00,0x00,0x05,0x02,0x00,
	0x00,0x40,0x00,0x00,0x02,0x05,0x02,0x00,0x04,0x00,0x00,0x00,
	0x00,0x05,0x02,0x00,0x00,0x40,0x00,0x00,0x02,0x05,0x02,0x00,
	0x08,0x00,0x00,0x00,0x00,0x05,0x02,0x00,0x00,0x40,0x00,0x00,
	0x02,0x05,0x02,0x00,0x0c,0x00,0x00,0x00,0x00,0x05,0x02,0x00,
	0x00,0x40,0x00,0x00,0x02,0x05,0x02,0x00,0xc0,0x00,0x00,0x00,
	0x80,0x05,0x02,0x00,0xff,0xff,0x00,0x00,0x82,0x05,0x02,0x00,
	0xff,0xff,0x00,0x00,0x84,0x05,0x02,0x00,0xff,0xff,0x00,0x00,
	0x86,0x05,0x02,0x00,0xff,0xff,0x00,0x00,0x88,0x05,0x02,0x00,
	0xff,0xff,0x00,0x00,0x9c,0x05,0x02,0x00,0xf0,0xff,0x00,0x00,
	0x40,0x05,0x02,0x00,0x00,0x80,0x00,0x00,0x20,0x05,0x02,0x00,
	0x06,0x0f,0x00,0x00,0x40,0x05,0x02,0x00,0x00,0x80,0x00,0x00,
	0x40,0x05,0x02,0x00,0x00,0x81,0x00,0x00,0x20,0x05,0x02,0x00,
	0x10,0x1d,0x00,0x00,0x40,0x05,0x02,0x00,0x00,0x81,0x00,0x00,
	0x40,0x05,0x02,0x00,0x00,0x82,0x00,0x00,0x20,0x05,0x02,0x00,
	0x1e,0x28,0x00,0x00,0x40,0x05,0x02,0x00,0x00,0x82,0x00,0x00,
	0x40,0x05,0x02,0x00,0x00,0x83,0x00,0x00,0x20,0x05,0x02,0x00,
	0x29,0x31,0x00,0x00,0x40,0x05,0x02,0x00,0x00,0x83,0x00,0x00,
	0x40,0x05,0x02,0x00,0x00,0x84,0x00,0x00,0x20,0x05,0x02,0x00,
	0x32,0x3f,0x00,0x00,0x40,0x05,0x02,0x00,0x00,0x84,0x00,0x00,
	0x40,0x05,0x02,0x00,0x00,0x85,0x00,0x00,0x20,0x05,0x02,0x00,
	0x40,0x41,0x00,0x00,0x40,0x05,0x02,0x00,0x00,0x85,0x00,0x00,
	0x12,0x06,0x02,0x00,0x01,0x00,0x00,0x00,0x2e,0x06,0x02,0x00,
	0xcd,0xcc,0x00,0x00,0x30,0x06,0x02,0x00,0x0c,0x00,0x00,0x00,
	0x00,0x06,0x02,0x00,0x04,0x80,0x00,0x00,0x96,0x06,0x02,0x00,
	0x08,0x00,0x00,0x00,0x9a,0x06,0x02,0x00,0xe4,0x00,0x00,0x00,
	0x88,0x06,0x02,0x00,0x00,0x00,0x00,0x00,0x9c,0x06,0x02,0x00,
	0x02,0x00,0x00,0x00,0x88,0x06,0x02,0x00,0x00,0x10,0x00,0x00,
	0x9c,0x06,0x02,0x00,0x02,0x00,0x00,0x00,0x88,0x06,0x02,0x00,
	0x00,0x20,0x00,0x00,0x9c,0x06,0x02,0x00,0x02,0x00,0x00,0x00,
	0x88,0x06,0x02,0x00,0x00,0x30,0x00,0x00,0x9c,0x06,0x02,0x00,
	0x02,0x00,0x00,0x00,0x88,0x06,0x02,0x00,0x0b,0x0f,0x00,0x00,
	0x9e,0x06,0x02,0x00,0x07,0x00,0x00,0x00,0x10,0x05,0x02,0x00,
	0x0b,0x00,0x00,0x00,0x50,0x04,0x02,0x00,0x01,0x4e,0x00,0x00,
	0x52,0x04,0x02,0x00,0x5b,0x01,0x00,0x00,0xe4,0x04,0x02,0x00,
	0x90,0x00,0x00,0x00,0x54,0x05,0x02,0x00,0xff,0x3f,0x00,0x00,
	0x60,0x01,0x04,0x00,0x04,0x00,0x01,0x03,0x64,0x01,0x04,0x00,
	0x00,0x00,0x00,0x00,0x64,0x01,0x04,0x00,0x80,0x00,0x00,0x00,
	0x64,0x01,0x04,0x00,0x47,0x00,0x47,0x00,0x64,0x01,0x04,0x00,
	0x00,0x00,0x64,0x00,0x64,0x01,0x04,0x00,0x30,0x09,0x40,0x00,
	0x60,0x01,0x04,0x00,0x0d,0x00,0x01,0x03,0x64,0x01,0x04,0x00,
	0x02,0x00,0x02,0x00,0x64,0x01,0x04,0x00,0x01,0x00,0x04,0x00,
	0x64,0x01,0x04,0x00,0x05,0x00,0x00,0x00,0x60,0x01,0x04,0x00,
	0x11,0x00,0x01,0x03,0x64,0x01,0x04,0x00,0x64,0x00,0x64,0x00,
	0x64,0x01,0x04,0x00,0x0e,0x00,0x47,0x00,0x64,0x01,0x04,0x00,
	0x00,0x05,0x00,0x00,0x60,0x01,0x04,0x00,0x15,0x00,0x01,0x03,
	0x64,0x01,0x04,0x00,0x00,0x00,0x40,0x07,0x64,0x01,0x04,0x00,
	0xff,0xff,0xff,0xff,0x64,0x01,0x04,0x00,0x0a,0x00,0x00,0x00,
	0x60,0x01,0x04,0x00,0x1d,0x00,0x01,0x03,0x64,0x01,0x04,0x00,
	0x10,0x27,0x00,0x00,0x60,0x01,0x04,0x00,0x20,0x00,0x01,0x03,
	0x64,0x01,0x04,0x00,0x06,0x00,0x10,0x27,0x60,0x01,0x04,0x00,
	0x24,0x00,0x01,0x03,0x64,0x01,0x04,0x00,0x00,0x00,0xbc,0x09,
	0x64,0x01,0x04,0x00,0x00,0x00,0x32,0x00,0x64,0x01,0x04,0x00,
	0x0a,0x0e,0x0b,0x09,0x64,0x01,0x04,0x00,0x0e,0x02,0x00,0x00,
	0x64,0x01,0x04,0x00,0x00,0x00,0x50,0x09,0x64,0x01,0x04,0x00,
	0x00,0x00,0x3f,0x01,0x64,0x01,0x04,0x00,0xff,0xff,0x00,0x0c,
	0x64,0x01,0x04,0x00,0x76,0x04,0x42,0x7b,0x64,0x01,0x04,0x00,
	0x02,0x00,0xf0,0x08,0x60,0x01,0x04,0x00,0x2e,0x00,0x01,0x03,
	0x64,0x01,0x04,0x00,0x00,0x00,0x00,0x80,0x60,0x01,0x04,0x00,
	0x32,0x00,0x01,0x03,0x64,0x01,0x04,0x00,0x00,0x00,0x7c,0x0a,
	0x60,0x01,0x04,0x00,0x34,0x00,0x01,0x03,0x64,0x01,0x04,0x00,
	0x00,0x00,0xb4,0x03,0x60,0x01,0x04,0x00,0x58,0x00,0x01,0x03,
	0x64,0x01,0x04,0x00,0x42,0x52,0x43,0x4d,0x64,0x01,0x04,0x00,
	0x5f,0x54,0x45,0x53,0x64,0x01,0x04,0x00,0x54,0x5f,0x53,0x53,
	0x64,0x01,0x04,0x00,0x49,0x44,0x00,0x00,0x60,0x01,0x04,0x00,
	0x60,0x00,0x01,0x03,0x64,0x01,0x04,0x00,0x39,0x00,0x00,0x00,
	0x64,0x01,0x04,0x00,0x50,0x00,0x00,0x00,0x64,0x01,0x04,0x00,
	0xc0,0x00,0x00,0x00,0x60,0x01,0x04,0x00,0x70,0x00,0x01,0x03,
	0x64,0x01,0x04,0x00,0xfa,0x03,0xfa,0x03,0x64,0x01,0x04,0x00,
	0xfa,0x03,0xfa,0x03,0x64,0x01,0x04,0x00,0xfa,0x03,0xfa,0x03,
	0x64,0x01,0x04,0x00,0xfa,0x03,0xfa,0x03,0x64,0x01,0x04,0x00,
	0x36,0x04,0x22,0x04,0x64,0x01,0x04,0x00,0x0e,0x04,0xfa,0x03,
	0x64,0x01,0x04,0x00,0x40,0x04,0x2c,0x04,0x64,0x01,0x04,0x00,
	0x18,0x04,0x04,0x04,0x64,0x01,0x04,0x00,0xfa,0x03,0xfa,0x03,
	0x64,0x01,0x04,0x00,0xfa,0x03,0xfa,0x03,0x64,0x01,0x04,0x00,
	0xfa,0x03,0xfa,0x03,0x64,0x01,0x04,0x00,0xfa,0x03,0xfa,0x03,
	0x64,0x01,0x04,0x00,0x36,0x04,0x22,0x04,0x64,0x01,0x04,0x00,
	0x0e,0x04,0xfa,0x03,0x64,0x01,0x04,0x00,0x40,0x04,0x2c,0x04,
	0x64,0x01,0x04,0x00,0x18,0x04,0x04,0x04,0x64,0x01,0x04,0x00,
	0x4a,0x04,0x4a,0x04,0x64,0x01,0x04,0x00,0x4a,0x04,0x4a,0x04,
	0x64,0x01,0x04,0x00,0x55,0x04,0x4a,0x04,0x64,0x01,0x04,0x00,
	0x4a,0x04,0x60,0x04,0x64,0x01,0x04,0x00,0x4a,0x04,0x4a,0x04,
	0x64,0x01,0x04,0x00,0x4a,0x04,0x4a,0x04,0x64,0x01,0x04,0x00,
	0x4a,0x04,0x4a,0x04,0x64,0x01,0x04,0x00,0x6b,0x04,0x4a,0x04,
	0x64,0x01,0x04,0x00,0x4a,0x04,0x4a,0x04,0x64,0x01,0x04,0x00,
	0x4a,0x04,0x4a,0x04,0x64,0x01,0x04,0x00,0x55,0x04,0x4a,0x04,
	0x64,0x01,0x04,0x00,0x4a,0x04,0x60,0x04,0x64,0x01,0x04,0x00,
	0x4a,0x04,0x4a,0x04,0x64,0x01,0x04,0x00,0x4a,0x04,0x4a,0x04,
	0x64,0x01,0x04,0x00,0x4a,0x04,0x4a,0x04,0x64,0x01,0x04,0x00,
	0x6b,0x04,0x4a,0x04,0x64,0x01,0x04,0x00,0x00,0x00,0x1f,0x00,
	0x64,0x01,0x04,0x00,0xff,0x03,0x1f,0x00,0x64,0x01,0x04,0x00,
	0x02,0x00,0x00,0x00,0x64,0x01,0x04,0x00,0x02,0x00,0x00,0x00,
	0x60,0x01,0x04,0x00,0x98,0x00,0x01,0x03,0x64,0x01,0x04,0x00,
	0x00,0x00,0x1f,0x00,0x64,0x01,0x04,0x00,0xff,0x03,0x1f,0x00,
	0x64,0x01,0x04,0x00,0x01,0x00,0x00,0x00,0x64,0x01,0x04,0x00,
	0x01,0x00,0x00,0x00,0x60,0x01,0x04,0x00,0xa0,0x00,0x01,0x03,
	0x64,0x01,0x04,0x00,0x00,0x00,0x1f,0x00,0x64,0x01,0x04,0x00,
	0xff,0x03,0x1f,0x00,0x64,0x01,0x04,0x00,0x01,0x00,0x00,0x00,
	0x64,0x01,0x04,0x00,0x01,0x00,0x00,0x00,0x60,0x01,0x04,0x00,
	0xa8,0x00,0x01,0x03,0x64,0x01,0x04,0x00,0x00,0x00,0x1f,0x00,
	0x64,0x01,0x04,0x00,0xff,0x03,0x1f,0x00,0x64,0x01,0x04,0x00,
	0x01,0x00,0x00,0x00,0x64,0x01,0x04,0x00,0x01,0x00,0x00,0x00,
	0x60,0x01,0x04,0x00,0xc0,0x00,0x01,0x03,0x64,0x01,0x04,0x00,
	0x37,0x24,0x37,0x24,0x64,0x01,0x04,0x00,0x37,0x24,0x37,0x24,
	0x60,0x01,0x04,0x00,0x92,0x01,0x01,0x03,0x64,0x01,0x04,0x00,
	0x8e,0x04,0x00,0x00,0x64,0x01,0x04,0x00,0x0f,0x00,0x00,0x00,
	0x60,0x01,0x04,0x00,0xa0,0x01,0x01,0x03,0x64,0x01,0x04,0x00,
	0xff,0xff,0xff,0xff,0x64,0x01,0x04,0x00,0xff,0xff,0xff,0xff,
	0x64,0x01,0x04,0x00,0xff,0xff,0xff,0xff,0x64,0x01,0x04,0x00,
	0xff,0xff,0xff,0xff,0x64,0x01,0x04,0x00,0xff,0xff,0xff,0xff,
	0x64,0x01,0x04,0x00,0xff,0xff,0xff,0xff,0x64,0x01,0x04,0x00,
	0xff,0xff,0xff,0xff,0x64,0x01,0x04,0x00,0xff,0xff,0xff,0xff,
	0x60,0x01,0x04,0x00,0xd9,0x01,0x01,0x03,0x64,0x01,0x04,0x00,
	0x00,0x00,0x03,0x00,0x60,0x01,0x04,0x00,0xfd,0x01,0x01,0x03,
	0x64,0x01,0x04,0x00,0x20,0x00,0xcb,0x01,0x64,0x01,0x04,0x00,
	0x00,0x00,0x54,0x00,0x64,0x01,0x04,0x00,0x00,0x00,0xab,0x08,
	0x64,0x01,0x04,0x00,0x00,0x00,0x10,0x04,0x64,0x01,0x04,0x00,
	0x84,0x00,0x02,0x00,0x64,0x01,0x04,0x00,0x14,0x00,0xcf,0x01,
	0x64,0x01,0x04,0x00,0x02,0x00,0x44,0x00,0x64,0x01,0x04,0x00,
	0x00,0x00,0xaf,0x08,0x64,0x01,0x04,0x00,0x02,0x00,0x10,0x04,
	0x64,0x01,0x04,0x00,0x64,0x00,0x02,0x02,0x64,0x01,0x04,0x00,
	0x10,0x00,0xca,0x01,0x64,0x01,0x04,0x00,0x02,0x00,0x3c,0x00,
	0x64,0x01,0x04,0x00,0x00,0x00,0xaa,0x08,0x64,0x01,0x04,0x00,
	0x02,0x00,0x10,0x04,0x64,0x01,0x04,0x00,0x54,0x00,0x02,0x08,
	0x64,0x01,0x04,0x00,0x08,0x00,0xce,0x01,0x64,0x01,0x04,0x00,
	0x00,0x00,0x34,0x00,0x64,0x01,0x04,0x00,0x00,0x00,0xae,0x08,
	0x64,0x01,0x04,0x00,0x00,0x00,0x10,0x04,0x64,0x01,0x04,0x00,
	0x44,0x00,0x02,0x0a,0x64,0x01,0x04,0x00,0x08,0x00,0xc9,0x01,
	0x64,0x01,0x04,0x00,0x02,0x00,0x30,0x00,0x64,0x01,0x04,0x00,
	0x00,0x00,0xa9,0x08,0x64,0x01,0x04,0x00,0x02,0x00,0x10,0x04,
	0x64,0x01,0x04,0x00,0x3c,0x00,0x02,0x10,0x64,0x01,0x04,0x00,
	0x04,0x00,0xcd,0x01,0x64,0x01,0x04,0x00,0x00,0x00,0x2c,0x00,
	0x64,0x01,0x04,0x00,0x00,0x00,0xad,0x08,0x64,0x01,0x04,0x00,
	0x00,0x00,0x10,0x04,0x64,0x01,0x04,0x00,0x34,0x00,0x02,0x12,
	0x64,0x01,0x04,0x00,0x04,0x00,0xc8,0x01,0x64,0x01,0x04,0x00,
	0x00,0x00,0x2c,0x00,0x64,0x01,0x04,0x00,0x00,0x00,0xa8,0x08,
	0x64,0x01,0x04,0x00,0x00,0x00,0x10,0x04,0x64,0x01,0x04,0x00,
	0x30,0x00,0x02,0x19,0x64,0x01,0x04,0x00,0x00,0x00,0xcc,0x01,
	0x64,0x01,0x04,0x00,0x02,0x00,0x2c,0x00,0x64,0x01,0x04,0x00,
	0x00,0x00,0xac,0x08,0x64,0x01,0x04,0x00,0x02,0x00,0x10,0x04,
	0x64,0x01,0x04,0x00,0x30,0x00,0x02,0x1a,0x64,0x01,0x04,0x00,
	0xc0,0x00,0x0a,0x04,0x64,0x01,0x04,0x00,0x70,0x00,0x00,0x00,
	0x64,0x01,0x04,0x00,0x3a,0x01,0x0a,0x04,0x64,0x01,0x04,0x00,
	0x28,0x02,0x2c,0xc0,0x64,0x01,0x04,0x00,0xf2,0x02,0x0a,0x04,
	0x64,0x01,0x04,0x00,0x00,0x01,0x60,0x00,0x64,0x01,0x04,0x00,
	0x14,0x04,0x38,0x00,0x64,0x01,0x04,0x00,0x00,0x00,0x02,0x01,
	0x64,0x01,0x04,0x00,0x14,0x04,0x14,0x01,0x64,0x01,0x04,0x00,
	0x2c,0xc0,0xde,0x01,0x64,0x01,0x04,0x00,0x14,0x04,0x80,0x00,
	0x64,0x01,0x04,0x00,0x22,0x00,0x37,0x04,0x64,0x01,0x04,0x00,
	0x15,0x00,0x00,0x00,0x64,0x01,0x04,0x00,0xdf,0x00,0x37,0x04,
	0x64,0x01,0x04,0x00,0x65,0x00,0x2c,0xc0,0x64,0x01,0x04,0x00,
	0x2e,0x01,0x37,0x04,0x64,0x01,0x04,0x00,0x2f,0x00,0x11,0x00,
	0x64,0x01,0x04,0x00,0x6e,0x84,0x0b,0x00,0x64,0x01,0x04,0x00,
	0x00,0x00,0xd4,0x00,0x64,0x01,0x04,0x00,0x6e,0x84,0x33,0x00,
	0x64,0x01,0x04,0x00,0x2c,0xc0,0xfc,0x00,0x64,0x01,0x04,0x00,
	0x6e,0x84,0x18,0x00,0x64,0x01,0x04,0x00,0x02,0x00,0x8a,0x9d,
	0x64,0x01,0x04,0x00,0xfb,0x00,0x02,0x08,0x64,0x01,0x04,0x00,
	0xc5,0x4e,0xfa,0x00,0x64,0x01,0x04,0x00,0x02,0x0a,0x83,0x34,
	0x64,0x01,0x04,0x00,0xfe,0x00,0x02,0x10,0x64,0x01,0x04,0x00,
	0x62,0x27,0xf9,0x00,0x64,0x01,0x04,0x00,0x02,0x12,0x42,0x1a,
	0x64,0x01,0x04,0x00,0xfd,0x00,0x02,0x19,0x64,0x01,0x04,0x00,
	0xb1,0x13,0xf8,0x00,0x64,0x01,0x04,0x00,0x02,0x1a,0x81,0x11,
	0x64,0x01,0x04,0x00,0xfc,0x00,0x02,0x1c,0x64,0x01,0x04,0x00,
	0xc1,0x0f,0xfc,0x00,0x60,0x01,0x04,0x00,0x49,0x03,0x01,0x03,
	0x64,0x01,0x04,0x00,0x05,0x00,0x00,0x00,0x60,0x01,0x04,0x00,
	0x8b,0x03,0x01,0x03,0x64,0x01,0x04,0x00,0x07,0x02,0x00,0x00,
	0x60,0x01,0x04,0x00,0x93,0x03,0x01,0x03,0x64,0x01,0x04,0x00,
	0x00,0x00,0x01,0x00,0x60,0x01,0x04,0x00,0x95,0x03,0x01,0x03,
	0x64,0x01,0x04,0x00,0x00,0x00,0x0c,0x00,0x60,0x01,0x04,0x00,
	0xdc,0x04,0x01,0x03,0x64,0x01,0x04,0x00,0x00,0x00,0x18,0x00,
	0x60,0x01,0x04,0x00,0xde,0x04,0x01,0x03,0x64,0x01,0x04,0x00,
	0xb8,0x0b,0x98,0x3a,0x64,0x01,0x04,0x00,0xa6,0x0e,0x64,0x00,
	0x64,0x01,0x04,0x00,0x00,0x00,0xf4,0x01,0x64,0x01,0x04,0x00,
	0x41,0x00,0x00,0x00,0x64,0x01,0x04,0x00,0xa8,0x61,0x98,0x3a,
	0x64,0x01,0x04,0x00,0x30,0x75,0x1e,0x00,0x60,0x01,0x04,0x00,
	0xe6,0x04,0x01,0x03,0x64,0x01,0x04,0x00,0x50,0xc3,0x00,0x00,
	0x60,0x01,0x04,0x00,0xe8,0x04,0x01,0x03,0x64,0x01,0x04,0x00,
	0x00,0x00,0x14,0x05,0x64,0x01,0x04,0x00,0xe2,0x04,0x00,0x00,
	0x60,0x01,0x04,0x00,0xec,0x04,0x01,0x03,0x64,0x01,0x04,0x00,
	0x20,0x4e,0x00,0x00,0x64,0x01,0x04,0x00,0x00,0x00,0x0f,0x00,
	0x64,0x01,0x04,0x00,0xf4,0x01,0x04,0x00,0x60,0x01,0x04,0x00,
	0xf2,0x04,0x01,0x03,0x64,0x01,0x04,0x00,0x01,0x00,0x13,0x00,
	0x64,0x01,0x04,0x00,0x00,0x00,0x03,0x00,0x64,0x01,0x04,0x00,
	0x01,0x00,0x07,0x00,0x64,0x01,0x04,0x00,0xc8,0xaf,0x00,0x00,
	0x64,0x01,0x04,0x00,0x88,0x13,0x00,0x00,0x64,0x01,0x04,0x00,
	0x2c,0x17,0x0f,0x00,0x60,0x01,0x04,0x00,0xf9,0x04,0x01,0x03,
	0x64,0x01,0x04,0x00,0x00,0x00,0x2c,0x01,0x64,0x01,0x04,0x00,
	0x00,0x00,0xa0,0x0f,0x60,0x01,0x04,0x00,0xfc,0x04,0x01,0x03,
	0x64,0x01,0x04,0x00,0x00,0x00,0x03,0x00,0x64,0x01,0x04,0x00,
	0x00,0x00,0x2c,0x01,0x64,0x01,0x04,0x00,0xc0,0x00,0x00,0x00,
	0x64,0x01,0x04,0x00,0x88,0x13,0x00,0x00,0x64,0x01,0x04,0x00,
	0x90,0x01,0x00,0x00,0x64,0x01,0x04,0x00,0xdc,0x05,0x40,0x1f,
	0x64,0x01,0x04,0x00,0x00,0x00,0x46,0x00,0x64,0x01,0x04,0x00,
	0x50,0x00,0x00,0x00,0x64,0x01,0x04,0x00,0x02,0x00,0x00,0x00,
	0x60,0x01,0x04,0x00,0x3a,0x05,0x01,0x03,0x64,0x01,0x04,0x00,
	0xbe,0x00,0x00,0x00,0x60,0x01,0x04,0x00,0x56,0x05,0x01,0x03,
	0x64,0x01,0x04,0x00,0x10,0x27,0x00,0x00,0x64,0x01,0x04,0x00,
	0x10,0x11,0x11,0x11,0x64,0x01,0x04,0x00,0x11,0x11,0x22,0x02,
	0x60,0x01,0x04,0x00,0x03,0x00,0x02,0x00,0x64,0x01,0x04,0x00,
	0x1f,0x00,0x00,0x00,0x60,0x01,0x04,0x00,0x04,0x00,0x02,0x00,
	0x64,0x01,0x04,0x00,0xff,0x03,0x00,0x00,0x60,0x01,0x04,0x00,
	0x05,0x00,0x02,0x00,0x64,0x01,0x04,0x00,0x1f,0x00,0x00,0x00,
	0x60,0x01,0x04,0x00,0x06,0x00,0x02,0x00,0x64,0x01,0x04,0x00,
	0x07,0x00,0x00,0x00,0x60,0x01,0x04,0x00,0x07,0x00,0x02,0x00,
	0x64,0x01,0x04,0x00,0x04,0x00,0x00,0x00,0x60,0x01,0x04,0x00,
	0x08,0x00,0x02,0x00,0x64,0x01,0x04,0x00,0xff,0xff,0x00,0x00,
	0x60,0x01,0x04,0x00,0x09,0x00,0x02,0x00,0x64,0x01,0x04,0x00,
	0x00,0x00,0x00,0x00,0x60,0x01,0x04,0x00,0x0a,0x00,0x02,0x00,
	0x64,0x01,0x04,0x00,0x00,0x00,0x00,0x00,0x60,0x01,0x04,0x00,
	0x0b,0x00,0x02,0x00,0x64,0x01,0x04,0x00,0x00,0x00,0x00,0x00,
	0x60,0x01,0x04,0x00,0x0c,0x00,0x02,0x00,0x64,0x01,0x04,0x00,
	0x00,0x00,0x00,0x00,0x60,0x01,0x04,0x00,0x0d,0x00,0x02,0x00,
	0x64,0x01,0x04,0x00,0x00,0x00,0x00,0x00,0x60,0x01,0x04,0x00,
	0x0e,0x00,0x02,0x00,0x64,0x01,0x04,0x00,0x00,0x00,0x00,0x00,
	0x60,0x01,0x04,0x00,0x0f,0x00,0x02,0x00,0x64,0x01,0x04,0x00,
	0x00,0x00,0x00,0x00,0x60,0x01,0x04,0x00,0x10,0x00,0x02,0x00,
	0x64,0x01,0x04,0x00,0x1f,0x00,0x00,0x00,0x60,0x01,0x04,0x00,
	0x11,0x00,0x02,0x00,0x64,0x01,0x04,0x00,0x00,0x00,0x00,0x00,
	0x60,0x01,0x04,0x00,0x12,0x00,0x02,0x00,0x64,0x01,0x04,0x00,
	0x00,0x00,0x00,0x00,0x60,0x01,0x04,0x00,0x13,0x00,0x02,0x00,
	0x64,0x01,0x04,0x00,0x00,0x00,0x00,0x00,0x60,0x01,0x04,0x00,
	0x15,0x00,0x02,0x00,0x64,0x01,0x04,0x00,0x00,0x00,0x00,0x00,
	0x60,0x01,0x04,0x00,0x16,0x00,0x02,0x00,0x64,0x01,0x04,0x00,
	0x00,0x00,0x00,0x00,0xff,0xff,0x00,0x00,0x00,0x00,0x00,0x00,
	0x00,0x00,0x00,0x00,0x00,0x00,0x00,0x00,0x86,0x06,0x02,0x00,
	0xd0,0x09,0x00,0x00,0x80,0x06,0x02,0x00,0x3e,0x3e,0x00,0x00,
	0x82,0x06,0x02,0x00,0x3e,0x02,0x00,0x00,0x00,0x07,0x02,0x00,
	0x3c,0x00,0x00,0x00,0x84,0x06,0x02,0x00,0x12,0x02,0x00,0x00,
	0x60,0x01,0x04,0x00,0x03,0x00,0x01,0x00,0x64,0x01,0x02,0x00,
	0xc0,0x00,0x00,0x00,0x60,0x01,0x04,0x00,0x03,0x00,0x01,0x00,
	0x66,0x01,0x02,0x00,0x0a,0x00,0x00,0x00,0x60,0x01,0x04,0x00,
	0x04,0x00,0x01,0x00,0x64,0x01,0x02,0x00,0x14,0x00,0x00,0x00,
	0x60,0x01,0x04,0x00,0x07,0x00,0x01,0x00,0x64,0x01,0x02,0x00,
	0x83,0x01,0x00,0x00,0x60,0x01,0x04,0x00,0x25,0x00,0x01,0x00,
	0x64,0x01,0x02,0x00,0xf4,0x01,0x00,0x00,0x60,0x01,0x04,0x00,
	0x3b,0x05,0x01,0x00,0x66,0x01,0x02,0x00,0x10,0x04,0x00,0x00,
	0x60,0x01,0x04,0x00,0x3c,0x05,0x01,0x00,0x64,0x01,0x02,0x00,
	0x01,0x00,0x00,0x00,0x60,0x01,0x04,0x00,0xff,0x01,0x01,0x00,
	0x64,0x01,0x02,0x00,0x3c,0x00,0x00,0x00,0x60,0x01,0x04,0x00,
	0x04,0x02,0x01,0x00,0x64,0x01,0x02,0x00,0x34,0x00,0x00,0x00,
	0x60,0x01,0x04,0x00,0x09,0x02,0x01,0x00,0x64,0x01,0x02,0x00,
	0x30,0x00,0x00,0x00,0x60,0x01,0x04,0x00,0x0e,0x02,0x01,0x00,
	0x64,0x01,0x02,0x00,0x2c,0x00,0x00,0x00,0x60,0x01,0x04,0x00,
	0x13,0x02,0x01,0x00,0x64,0x01,0x02,0x00,0x2c,0x00,0x00,0x00,
	0x60,0x01,0x04,0x00,0x18,0x02,0x01,0x00,0x64,0x01,0x02,0x00,
	0x28,0x00,0x00,0x00,0x60,0x01,0x04,0x00,0x1d,0x02,0x01,0x00,
	0x64,0x01,0x02,0x00,0x28,0x00,0x00,0x00,0x60,0x01,0x04,0x00,
	0x22,0x02,0x01,0x00,0x64,0x01,0x02,0x00,0x28,0x00,0x00,0x00,
	0xff,0xff,0x00,0x00,0x00,0x00,0x00,0x00,
};

#define	BCM4313_UCODE_BIN_SZ	96224
